-- MySQL dump 10.13  Distrib 8.0.26, for Win64 (x86_64)
--
-- Host: localhost    Database: tourdb
-- ------------------------------------------------------
-- Server version	8.0.26

/*!40101 SET @OLD_CHARACTER_SET_CLIENT=@@CHARACTER_SET_CLIENT */;
/*!40101 SET @OLD_CHARACTER_SET_RESULTS=@@CHARACTER_SET_RESULTS */;
/*!40101 SET @OLD_COLLATION_CONNECTION=@@COLLATION_CONNECTION */;
/*!50503 SET NAMES utf8 */;
/*!40103 SET @OLD_TIME_ZONE=@@TIME_ZONE */;
/*!40103 SET TIME_ZONE='+00:00' */;
/*!40014 SET @OLD_UNIQUE_CHECKS=@@UNIQUE_CHECKS, UNIQUE_CHECKS=0 */;
/*!40014 SET @OLD_FOREIGN_KEY_CHECKS=@@FOREIGN_KEY_CHECKS, FOREIGN_KEY_CHECKS=0 */;
/*!40101 SET @OLD_SQL_MODE=@@SQL_MODE, SQL_MODE='NO_AUTO_VALUE_ON_ZERO' */;
/*!40111 SET @OLD_SQL_NOTES=@@SQL_NOTES, SQL_NOTES=0 */;

--
-- Table structure for table `auth_group`
--

DROP TABLE IF EXISTS `auth_group`;
/*!40101 SET @saved_cs_client     = @@character_set_client */;
/*!50503 SET character_set_client = utf8mb4 */;
CREATE TABLE `auth_group` (
  `id` int NOT NULL AUTO_INCREMENT,
  `name` varchar(150) CHARACTER SET utf8mb4 COLLATE utf8mb4_unicode_ci NOT NULL,
  PRIMARY KEY (`id`),
  UNIQUE KEY `name` (`name`)
) ENGINE=InnoDB AUTO_INCREMENT=4 DEFAULT CHARSET=utf8mb4 COLLATE=utf8mb4_unicode_ci;
/*!40101 SET character_set_client = @saved_cs_client */;

--
-- Dumping data for table `auth_group`
--

LOCK TABLES `auth_group` WRITE;
/*!40000 ALTER TABLE `auth_group` DISABLE KEYS */;
INSERT INTO `auth_group` VALUES (3,'manager'),(2,'staff');
/*!40000 ALTER TABLE `auth_group` ENABLE KEYS */;
UNLOCK TABLES;

--
-- Table structure for table `auth_group_permissions`
--

DROP TABLE IF EXISTS `auth_group_permissions`;
/*!40101 SET @saved_cs_client     = @@character_set_client */;
/*!50503 SET character_set_client = utf8mb4 */;
CREATE TABLE `auth_group_permissions` (
  `id` bigint NOT NULL AUTO_INCREMENT,
  `group_id` int NOT NULL,
  `permission_id` int NOT NULL,
  PRIMARY KEY (`id`),
  UNIQUE KEY `auth_group_permissions_group_id_permission_id_0cd325b0_uniq` (`group_id`,`permission_id`),
  KEY `auth_group_permissio_permission_id_84c5c92e_fk_auth_perm` (`permission_id`),
  CONSTRAINT `auth_group_permissio_permission_id_84c5c92e_fk_auth_perm` FOREIGN KEY (`permission_id`) REFERENCES `auth_permission` (`id`),
  CONSTRAINT `auth_group_permissions_group_id_b120cbf9_fk_auth_group_id` FOREIGN KEY (`group_id`) REFERENCES `auth_group` (`id`)
) ENGINE=InnoDB AUTO_INCREMENT=183 DEFAULT CHARSET=utf8mb4 COLLATE=utf8mb4_unicode_ci;
/*!40101 SET character_set_client = @saved_cs_client */;

--
-- Dumping data for table `auth_group_permissions`
--

LOCK TABLES `auth_group_permissions` WRITE;
/*!40000 ALTER TABLE `auth_group_permissions` DISABLE KEYS */;
INSERT INTO `auth_group_permissions` VALUES (180,2,64),(136,2,76),(181,2,80),(179,2,104),(140,2,112),(141,2,116),(182,2,120),(146,3,24),(147,3,61),(148,3,62),(149,3,63),(150,3,64),(151,3,73),(152,3,74),(153,3,75),(154,3,76),(155,3,77),(156,3,78),(157,3,79),(158,3,80),(159,3,101),(160,3,102),(161,3,103),(162,3,104),(163,3,105),(164,3,106),(165,3,107),(166,3,108),(167,3,109),(168,3,110),(169,3,111),(170,3,112),(171,3,113),(172,3,114),(173,3,115),(174,3,116),(175,3,117),(176,3,118),(177,3,119),(178,3,120);
/*!40000 ALTER TABLE `auth_group_permissions` ENABLE KEYS */;
UNLOCK TABLES;

--
-- Table structure for table `auth_permission`
--

DROP TABLE IF EXISTS `auth_permission`;
/*!40101 SET @saved_cs_client     = @@character_set_client */;
/*!50503 SET character_set_client = utf8mb4 */;
CREATE TABLE `auth_permission` (
  `id` int NOT NULL AUTO_INCREMENT,
  `name` varchar(255) CHARACTER SET utf8mb4 COLLATE utf8mb4_unicode_ci NOT NULL,
  `content_type_id` int NOT NULL,
  `codename` varchar(100) CHARACTER SET utf8mb4 COLLATE utf8mb4_unicode_ci NOT NULL,
  PRIMARY KEY (`id`),
  UNIQUE KEY `auth_permission_content_type_id_codename_01ab375a_uniq` (`content_type_id`,`codename`),
  CONSTRAINT `auth_permission_content_type_id_2f476e4b_fk_django_co` FOREIGN KEY (`content_type_id`) REFERENCES `django_content_type` (`id`)
) ENGINE=InnoDB AUTO_INCREMENT=149 DEFAULT CHARSET=utf8mb4 COLLATE=utf8mb4_unicode_ci;
/*!40101 SET character_set_client = @saved_cs_client */;

--
-- Dumping data for table `auth_permission`
--

LOCK TABLES `auth_permission` WRITE;
/*!40000 ALTER TABLE `auth_permission` DISABLE KEYS */;
INSERT INTO `auth_permission` VALUES (1,'Can add log entry',1,'add_logentry'),(2,'Can change log entry',1,'change_logentry'),(3,'Can delete log entry',1,'delete_logentry'),(4,'Can view log entry',1,'view_logentry'),(5,'Can add permission',2,'add_permission'),(6,'Can change permission',2,'change_permission'),(7,'Can delete permission',2,'delete_permission'),(8,'Can view permission',2,'view_permission'),(9,'Can add group',3,'add_group'),(10,'Can change group',3,'change_group'),(11,'Can delete group',3,'delete_group'),(12,'Can view group',3,'view_group'),(13,'Can add content type',4,'add_contenttype'),(14,'Can change content type',4,'change_contenttype'),(15,'Can delete content type',4,'delete_contenttype'),(16,'Can view content type',4,'view_contenttype'),(17,'Can add session',5,'add_session'),(18,'Can change session',5,'change_session'),(19,'Can delete session',5,'delete_session'),(20,'Can view session',5,'view_session'),(21,'Can add user',6,'add_user'),(22,'Can change user',6,'change_user'),(23,'Can delete user',6,'delete_user'),(24,'Can view user',6,'view_user'),(25,'Can add category service',7,'add_categoryservice'),(26,'Can change category service',7,'change_categoryservice'),(27,'Can delete category service',7,'delete_categoryservice'),(28,'Can view category service',7,'view_categoryservice'),(29,'Can add category travel',8,'add_categorytravel'),(30,'Can change category travel',8,'change_categorytravel'),(31,'Can delete category travel',8,'delete_categorytravel'),(32,'Can view category travel',8,'view_categorytravel'),(33,'Can add district',9,'add_district'),(34,'Can change district',9,'change_district'),(35,'Can delete district',9,'delete_district'),(36,'Can view district',9,'view_district'),(37,'Can add provincial',10,'add_provincial'),(38,'Can change provincial',10,'change_provincial'),(39,'Can delete provincial',10,'delete_provincial'),(40,'Can view provincial',10,'view_provincial'),(45,'Can add travel',12,'add_travel'),(46,'Can change travel',12,'change_travel'),(47,'Can delete travel',12,'delete_travel'),(48,'Can view travel',12,'view_travel'),(53,'Can add review travel',14,'add_reviewtravel'),(54,'Can change review travel',14,'change_reviewtravel'),(55,'Can delete review travel',14,'delete_reviewtravel'),(56,'Can view review travel',14,'view_reviewtravel'),(57,'Can add review service',15,'add_reviewservice'),(58,'Can change review service',15,'change_reviewservice'),(59,'Can delete review service',15,'delete_reviewservice'),(60,'Can view review service',15,'view_reviewservice'),(61,'Can add news',16,'add_news'),(62,'Can change news',16,'change_news'),(63,'Can delete news',16,'delete_news'),(64,'Can view news',16,'view_news'),(65,'Can add images travel',17,'add_imagestravel'),(66,'Can change images travel',17,'change_imagestravel'),(67,'Can delete images travel',17,'delete_imagestravel'),(68,'Can view images travel',17,'view_imagestravel'),(69,'Can add images service',18,'add_imagesservice'),(70,'Can change images service',18,'change_imagesservice'),(71,'Can delete images service',18,'delete_imagesservice'),(72,'Can view images service',18,'view_imagesservice'),(73,'Can add comment',19,'add_comment'),(74,'Can change comment',19,'change_comment'),(75,'Can delete comment',19,'delete_comment'),(76,'Can view comment',19,'view_comment'),(77,'Can add location',20,'add_location'),(78,'Can change location',20,'change_location'),(79,'Can delete location',20,'delete_location'),(80,'Can view location',20,'view_location'),(81,'Can add category hotel',21,'add_categoryhotel'),(82,'Can change category hotel',21,'change_categoryhotel'),(83,'Can delete category hotel',21,'delete_categoryhotel'),(84,'Can view category hotel',21,'view_categoryhotel'),(85,'Can add hotel',22,'add_hotel'),(86,'Can change hotel',22,'change_hotel'),(87,'Can delete hotel',22,'delete_hotel'),(88,'Can view hotel',22,'view_hotel'),(89,'Can add images hotel',23,'add_imageshotel'),(90,'Can change images hotel',23,'change_imageshotel'),(91,'Can delete images hotel',23,'delete_imageshotel'),(92,'Can view images hotel',23,'view_imageshotel'),(93,'Can add review hotel',24,'add_reviewhotel'),(94,'Can change review hotel',24,'change_reviewhotel'),(95,'Can delete review hotel',24,'delete_reviewhotel'),(96,'Can view review hotel',24,'view_reviewhotel'),(97,'Can add rating travel',25,'add_ratingtravel'),(98,'Can change rating travel',25,'change_ratingtravel'),(99,'Can delete rating travel',25,'delete_ratingtravel'),(100,'Can view rating travel',25,'view_ratingtravel'),(101,'Can add category tour',8,'add_categorytour'),(102,'Can change category tour',8,'change_categorytour'),(103,'Can delete category tour',8,'delete_categorytour'),(104,'Can view category tour',8,'view_categorytour'),(105,'Can add rating tour',25,'add_ratingtour'),(106,'Can change rating tour',25,'change_ratingtour'),(107,'Can delete rating tour',25,'delete_ratingtour'),(108,'Can view rating tour',25,'view_ratingtour'),(109,'Can add review tour',14,'add_reviewtour'),(110,'Can change review tour',14,'change_reviewtour'),(111,'Can delete review tour',14,'delete_reviewtour'),(112,'Can view review tour',14,'view_reviewtour'),(113,'Can add tours',12,'add_tours'),(114,'Can change tours',12,'change_tours'),(115,'Can delete tours',12,'delete_tours'),(116,'Can view tours',12,'view_tours'),(117,'Can add like',26,'add_like'),(118,'Can change like',26,'change_like'),(119,'Can delete like',26,'delete_like'),(120,'Can view like',26,'view_like'),(121,'Can add application',27,'add_application'),(122,'Can change application',27,'change_application'),(123,'Can delete application',27,'delete_application'),(124,'Can view application',27,'view_application'),(125,'Can add access token',28,'add_accesstoken'),(126,'Can change access token',28,'change_accesstoken'),(127,'Can delete access token',28,'delete_accesstoken'),(128,'Can view access token',28,'view_accesstoken'),(129,'Can add grant',29,'add_grant'),(130,'Can change grant',29,'change_grant'),(131,'Can delete grant',29,'delete_grant'),(132,'Can view grant',29,'view_grant'),(133,'Can add refresh token',30,'add_refreshtoken'),(134,'Can change refresh token',30,'change_refreshtoken'),(135,'Can delete refresh token',30,'delete_refreshtoken'),(136,'Can view refresh token',30,'view_refreshtoken'),(137,'Can add id token',31,'add_idtoken'),(138,'Can change id token',31,'change_idtoken'),(139,'Can delete id token',31,'delete_idtoken'),(140,'Can view id token',31,'view_idtoken'),(141,'Can add tour images',32,'add_tourimages'),(142,'Can change tour images',32,'change_tourimages'),(143,'Can delete tour images',32,'delete_tourimages'),(144,'Can view tour images',32,'view_tourimages'),(145,'Can add order tour',33,'add_ordertour'),(146,'Can change order tour',33,'change_ordertour'),(147,'Can delete order tour',33,'delete_ordertour'),(148,'Can view order tour',33,'view_ordertour');
/*!40000 ALTER TABLE `auth_permission` ENABLE KEYS */;
UNLOCK TABLES;

--
-- Table structure for table `django_admin_log`
--

DROP TABLE IF EXISTS `django_admin_log`;
/*!40101 SET @saved_cs_client     = @@character_set_client */;
/*!50503 SET character_set_client = utf8mb4 */;
CREATE TABLE `django_admin_log` (
  `id` int NOT NULL AUTO_INCREMENT,
  `action_time` datetime(6) NOT NULL,
  `object_id` longtext CHARACTER SET utf8mb4 COLLATE utf8mb4_unicode_ci,
  `object_repr` varchar(200) CHARACTER SET utf8mb4 COLLATE utf8mb4_unicode_ci NOT NULL,
  `action_flag` smallint unsigned NOT NULL,
  `change_message` longtext CHARACTER SET utf8mb4 COLLATE utf8mb4_unicode_ci NOT NULL,
  `content_type_id` int DEFAULT NULL,
  `user_id` bigint NOT NULL,
  PRIMARY KEY (`id`),
  KEY `django_admin_log_content_type_id_c4bce8eb_fk_django_co` (`content_type_id`),
  KEY `django_admin_log_user_id_c564eba6_fk_tourbooking_user_id` (`user_id`),
  CONSTRAINT `django_admin_log_content_type_id_c4bce8eb_fk_django_co` FOREIGN KEY (`content_type_id`) REFERENCES `django_content_type` (`id`),
  CONSTRAINT `django_admin_log_user_id_c564eba6_fk_tourbooking_user_id` FOREIGN KEY (`user_id`) REFERENCES `tourbooking_user` (`id`),
  CONSTRAINT `django_admin_log_chk_1` CHECK ((`action_flag` >= 0))
) ENGINE=InnoDB AUTO_INCREMENT=135 DEFAULT CHARSET=utf8mb4 COLLATE=utf8mb4_unicode_ci;
/*!40101 SET character_set_client = @saved_cs_client */;

--
-- Dumping data for table `django_admin_log`
--

LOCK TABLES `django_admin_log` WRITE;
/*!40000 ALTER TABLE `django_admin_log` DISABLE KEYS */;
INSERT INTO `django_admin_log` VALUES (1,'2021-08-08 12:23:12.515669','1','admin',2,'[{\"changed\": {\"fields\": [\"Last name\", \"First name\"]}}]',6,1),(2,'2021-08-08 13:51:06.534974','1','Location object (1)',1,'[{\"added\": {}}]',20,1),(3,'2021-08-08 13:52:06.677873','1','CategoryTravel object (1)',1,'[{\"added\": {}}]',8,1),(4,'2021-08-08 13:52:38.595959','1','Travel object (1)',1,'[{\"added\": {}}]',12,1),(5,'2021-08-08 14:06:55.815195','2','Hồ Chí Minh',1,'[{\"added\": {}}]',20,1),(6,'2021-08-08 14:07:31.279655','2','Tour du lịch Lục tỉnh miền Tây 4 ngày 3 đêm | Khám phá sông nước Nam Kì',1,'[{\"added\": {}}]',12,1),(7,'2021-08-08 14:07:42.377958','2','Tour du lịch Lục tỉnh miền Tây 4 ngày 3 đêm | Khám phá sông nước Nam Kì',2,'[{\"changed\": {\"fields\": [\"Image\"]}}]',12,1),(8,'2021-08-08 14:11:33.386254','3','Tour du lịch Mỹ Tho – Cần Thơ 2 ngày 1 đêm giá tốt, khởi hành từ TPHCM',1,'[{\"added\": {}}]',12,1),(9,'2021-08-08 14:14:30.508987','4','Tour Cần Giờ 2 ngày 1 đêm khám phá Rừng Sát lịch sử',1,'[{\"added\": {}}]',12,1),(10,'2021-08-08 14:18:18.018124','3','Hà Nội',1,'[{\"added\": {}}]',20,1),(11,'2021-08-08 14:18:41.831087','5','Tour du lịch Quan Lạn 2 ngày 1 đêm | Khám phá miền biển vắng',1,'[{\"added\": {}}]',12,1),(12,'2021-08-08 14:25:09.767784','2','Tour nước ngoài',1,'[{\"added\": {}}]',8,1),(13,'2021-08-08 14:25:14.807696','6','Tour đi Mỹ Tiêm Vắc Xin kết hợp nghỉ dưỡng, khám phá Los Angeles trọn gói 28 ngày',1,'[{\"added\": {}}]',12,1),(14,'2021-08-08 14:31:32.123115','7','Tour Campuchia 4 ngày 3 đêm | Khám phá Siem Reap – Phnom Penh huyền bí',1,'[{\"added\": {}}]',12,1),(15,'2021-08-08 14:39:55.321337','8','Tour du lịch Bali 4 ngày 3 đêm: “Thiên đường nghỉ dưỡng” Bali | Bay Vietnam Airlines',1,'[{\"added\": {}}]',12,1),(16,'2021-08-08 14:47:12.501797','1','Khách sạn trong nước',1,'[{\"added\": {}}]',21,1),(17,'2021-08-08 14:47:26.820677','1','Khách sạn Le Méridien Sài Gòn',1,'[{\"added\": {}}]',22,1),(18,'2021-08-08 15:16:53.362344','1','TP. Hồ Chí Minh',1,'[{\"added\": {}}]',10,1),(19,'2021-08-08 15:19:18.153951','1','Quận 1',1,'[{\"added\": {}}]',9,1),(20,'2021-08-08 15:19:27.923374','1','Bến Nghé',1,'[{\"added\": {}}]',11,1),(21,'2021-08-08 15:19:35.105685','2','Khách sạn Le Méridien Sài Gòn',1,'[{\"added\": {}}]',22,1),(22,'2021-08-08 15:23:55.362111','2','Phạm Ngũ Lão',1,'[{\"added\": {}}]',11,1),(23,'2021-08-08 15:24:12.550283','3','Khách sạn A25 – 20 Bùi Thị Xuân – Quận 1',1,'[{\"added\": {}}]',22,1),(24,'2021-08-08 15:25:54.653739','4','Đà Nẵng',1,'[{\"added\": {}}]',20,1),(25,'2021-08-08 15:26:14.172012','2','Đà Nẵng',1,'[{\"added\": {}}]',10,1),(26,'2021-08-08 15:26:29.546347','2','Sơn Trà',1,'[{\"added\": {}}]',9,1),(27,'2021-08-08 15:26:42.433927','3','Phước Mỹ',1,'[{\"added\": {}}]',11,1),(28,'2021-08-08 15:28:37.291437','4','Khách sạn Golden Light Đà Nẵng',1,'[{\"added\": {}}]',22,1),(29,'2021-08-09 09:21:18.261749','1','[MỚI] Trọn bộ kinh nghiệm du lịch Quy Nhơn tháng 6',1,'[{\"added\": {}}]',16,1),(30,'2021-08-09 09:23:45.552654','2','[Bạn có biết] Đi du lịch Mỹ cần gì? Những thủ tục và giấy tờ cần thiết',1,'[{\"added\": {}}]',16,1),(31,'2021-08-09 09:24:49.923770','2','Khách sạn quốc tế',1,'[{\"added\": {}}]',21,1),(32,'2021-08-09 09:27:08.855674','5','Bangkok',1,'[{\"added\": {}}]',20,1),(33,'2021-08-09 09:27:50.786932','3','Bangkok',1,'[{\"added\": {}}]',10,1),(34,'2021-08-09 09:28:11.390555','3','Phra Nakhon',1,'[{\"added\": {}}]',9,1),(35,'2021-08-09 09:28:24.577159','4','Chana Songkhram',1,'[{\"added\": {}}]',11,1),(36,'2021-08-09 09:28:28.982274','5','Khách sạn Chillax Heritage Thái Lan',1,'[{\"added\": {}}]',22,1),(37,'2021-08-10 15:08:33.566427','5','Khách sạn Chillax Heritage Thái Lan',2,'[{\"changed\": {\"fields\": [\"Status\"]}}]',22,1),(38,'2021-08-14 09:02:31.045457','9','dsfdsfdsf',1,'[{\"added\": {}}]',12,1),(39,'2021-08-14 09:06:16.804072','9','dsfdsfdsf',2,'[{\"changed\": {\"fields\": [\"Image\"]}}]',12,1),(40,'2021-08-14 09:17:27.297996','9','dsfdsfdsf',3,'',12,1),(41,'2021-08-14 09:17:52.929172','10','đasa',1,'[{\"added\": {}}]',12,1),(42,'2021-08-14 09:48:39.837046','10','đasa',2,'[{\"changed\": {\"fields\": [\"Image\"]}}]',12,1),(43,'2021-08-24 13:14:58.395360','3','Tiêu điểm du lịch Châu Á tháng 3/2021',1,'[{\"added\": {}}]',16,1),(44,'2021-08-24 13:20:51.334206','4','[HOT] Đừng bỏ lỡ những vẻ đẹp của du lịch Hà Giang tháng 6',1,'[{\"added\": {}}]',16,1),(45,'2021-08-24 13:23:14.444071','5','Giải mã tọa độ Cát Bà có gì đẹp đáng để tham quan',1,'[{\"added\": {}}]',16,1),(46,'2021-08-28 12:55:26.353524','3','Bài viết rất hay',1,'[{\"added\": {}}]',19,1),(47,'2021-08-28 12:55:53.079174','4','bài viết xuất sắc',1,'[{\"added\": {}}]',19,1),(48,'2021-08-28 12:56:23.089412','5','Cho hỏi mình đặt vé du lịch ở đâu ạ ?',1,'[{\"added\": {}}]',19,1),(49,'2021-08-28 13:21:26.228105','1','Like object (1)',1,'[{\"added\": {}}]',26,1),(50,'2021-08-28 13:21:38.371767','2','Like object (2)',1,'[{\"added\": {}}]',26,1),(51,'2021-08-28 13:23:34.486025','1','Chuyến đi tuyệt vời',1,'[{\"added\": {}}]',14,1),(52,'2021-08-28 13:23:59.234854','2','Mong công ty tạo ra thêm nhiều tour như vậy nữa',1,'[{\"added\": {}}]',14,1),(53,'2021-08-28 13:24:15.966661','1','RatingTour object (1)',1,'[{\"added\": {}}]',25,1),(54,'2021-08-28 13:24:25.861664','2','RatingTour object (2)',1,'[{\"added\": {}}]',25,1),(55,'2021-08-28 13:24:34.095256','3','RatingTour object (3)',1,'[{\"added\": {}}]',25,1),(56,'2021-11-08 12:37:23.998225','4','RatingTour object (4)',1,'[{\"added\": {}}]',25,1),(57,'2021-11-08 12:37:58.890191','5','RatingTour object (5)',1,'[{\"added\": {}}]',25,1),(58,'2021-11-08 12:39:38.189024','1','Buôn Mê Thuột',2,'[{\"changed\": {\"fields\": [\"Name\"]}}]',20,1),(59,'2021-11-08 12:39:48.616861','5','Bangkok',3,'',20,1),(60,'2021-11-08 12:39:48.621815','4','Đà Nẵng',3,'',20,1),(61,'2021-11-08 12:41:24.030857','6','Bali',1,'[{\"added\": {}}]',20,1),(62,'2021-11-08 12:41:26.079289','8','Tour du lịch Bali 4 ngày 3 đêm: “Thiên đường nghỉ dưỡng” Bali | Bay Vietnam Airlines',2,'[{\"changed\": {\"fields\": [\"Destination\"]}}]',12,1),(63,'2021-11-08 12:41:38.295265','7','Campuchia',1,'[{\"added\": {}}]',20,1),(64,'2021-11-08 12:41:40.249131','7','Tour Campuchia 4 ngày 3 đêm | Khám phá Siem Reap – Phnom Penh huyền bí',2,'[{\"changed\": {\"fields\": [\"Destination\"]}}]',12,1),(65,'2021-11-08 12:41:48.039275','8','Mỹ',1,'[{\"added\": {}}]',20,1),(66,'2021-11-08 12:41:49.664544','6','Tour đi Mỹ Tiêm Vắc Xin kết hợp nghỉ dưỡng, khám phá Los Angeles trọn gói 28 ngày',2,'[{\"changed\": {\"fields\": [\"Destination\"]}}]',12,1),(67,'2021-11-08 12:42:15.229859','9','Quảng Ninh',1,'[{\"added\": {}}]',20,1),(68,'2021-11-08 12:42:16.824693','5','Tour du lịch Quan Lạn 2 ngày 1 đêm | Khám phá miền biển vắng',2,'[{\"changed\": {\"fields\": [\"Content\", \"Destination\"]}}]',12,1),(69,'2021-11-08 12:42:23.553864','4','Tour Cần Giờ 2 ngày 1 đêm khám phá Rừng Sát lịch sử',2,'[{\"changed\": {\"fields\": [\"Content\"]}}]',12,1),(70,'2021-11-08 12:42:34.356350','10','Mỹ Tho',1,'[{\"added\": {}}]',20,1),(71,'2021-11-08 12:42:35.909422','3','Tour du lịch Mỹ Tho – Cần Thơ 2 ngày 1 đêm giá tốt, khởi hành từ TPHCM',2,'[{\"changed\": {\"fields\": [\"Destination\"]}}]',12,1),(72,'2021-11-08 12:43:06.883443','11','Cà Mau',1,'[{\"added\": {}}]',20,1),(73,'2021-11-08 12:43:08.809084','2','Tour du lịch Lục tỉnh miền Tây 4 ngày 3 đêm | Khám phá sông nước Nam Kì',2,'[{\"changed\": {\"fields\": [\"Destination\"]}}]',12,1),(74,'2021-11-08 12:43:16.620268','1','Tour Buôn Mê Thuột 2 ngày 1 đêm | Hồ Lắk – Thác Dray Nur – Buôn Đôn – Làng cà phê',2,'[]',12,1),(75,'2021-11-08 12:44:17.286064','1','Tour Buôn Mê Thuột 2 ngày 1 đêm | Hồ Lắk – Thác Dray Nur – Buôn Đôn – Làng cà phê',2,'[{\"changed\": {\"fields\": [\"Image\"]}}]',12,1),(76,'2021-11-08 12:44:28.230662','2','Tour du lịch Lục tỉnh miền Tây 4 ngày 3 đêm | Khám phá sông nước Nam Kì',2,'[{\"changed\": {\"fields\": [\"Image\"]}}]',12,1),(77,'2021-11-08 13:08:16.498544','12','Dubai',1,'[{\"added\": {}}]',20,1),(78,'2021-11-08 13:09:27.301206','11','Tour du lịch Dubai từ Hà Nội: Khám phá sự giàu có, sa hoa bậc nhất 6N5Đ',1,'[{\"added\": {}}]',12,1),(79,'2021-11-08 13:11:42.807299','13','Thái Lan',1,'[{\"added\": {}}]',20,1),(80,'2021-11-08 13:12:20.248140','12','Tour du lịch Bangkok – Pattaya 5 ngày 4 đêm| Thành phố cổ Muang Boran – Đảo Coral',1,'[{\"added\": {}}]',12,1),(81,'2021-11-08 13:14:09.808033','14','Vũng Tàu',1,'[{\"added\": {}}]',20,1),(82,'2021-11-08 13:14:50.239507','13','Tour Vũng Tàu 3 ngày 2 đêm nghỉ dưỡng khách sạn 3 sao cao cấp',1,'[{\"added\": {}}]',12,1),(83,'2021-11-08 13:16:31.677110','15','Tây Ninh',1,'[{\"added\": {}}]',20,1),(84,'2021-11-08 13:17:07.982305','14','Tour du lịch Tây Ninh 2 ngày 1 đêm chinh phục đỉnh núi Bà Đen, KDL Long Điền Sơn',1,'[{\"added\": {}}]',12,1),(85,'2021-11-09 12:02:20.366104','16','Hải Phòng',1,'[{\"added\": {}}]',20,1),(86,'2021-11-09 12:03:01.042530','15','Tour Hải Phòng Mũi Né 4 ngày 3 đêm – Có đầu khởi hành từ Hà Nội',1,'[{\"added\": {}}]',12,1),(87,'2021-11-11 19:18:03.417554','11','ducle28',2,'[{\"changed\": {\"fields\": [\"Avatar\"]}}]',6,1),(88,'2021-11-12 08:20:15.075004','49','service | Can add service',3,'',2,1),(89,'2021-11-12 08:20:15.085551','50','service | Can change service',3,'',2,1),(90,'2021-11-12 08:20:15.089025','51','service | Can delete service',3,'',2,1),(91,'2021-11-12 08:20:15.093344','52','service | Can view service',3,'',2,1),(92,'2021-11-12 08:20:15.096788','41','ward | Can add ward',3,'',2,1),(93,'2021-11-12 08:20:15.100959','42','ward | Can change ward',3,'',2,1),(94,'2021-11-12 08:20:15.103702','43','ward | Can delete ward',3,'',2,1),(95,'2021-11-12 08:20:15.105699','44','ward | Can view ward',3,'',2,1),(96,'2021-11-12 08:21:59.011008','1','admin',1,'[{\"added\": {}}]',3,1),(97,'2021-11-12 08:27:07.537355','2','customer',1,'[{\"added\": {}}]',3,1),(98,'2021-11-12 08:30:49.032675','3','manager',1,'[{\"added\": {}}]',3,1),(99,'2021-11-12 08:31:49.996196','2','customer',2,'[{\"changed\": {\"fields\": [\"Permissions\"]}}]',3,1),(100,'2021-11-12 08:32:53.078827','11','ducle28',2,'[{\"changed\": {\"fields\": [\"Groups\", \"Staff status\"]}}]',6,1),(101,'2021-11-12 08:34:11.637814','2','staff',2,'[{\"changed\": {\"fields\": [\"Name\"]}}]',3,1),(102,'2021-11-12 08:36:24.251837','12','staff_user',2,'[{\"changed\": {\"fields\": [\"Groups\", \"Staff status\"]}}]',6,1),(103,'2021-11-12 08:38:09.492112','2','staff',2,'[{\"changed\": {\"fields\": [\"Permissions\"]}}]',3,1),(104,'2021-11-12 08:38:22.397043','2','staff',2,'[{\"changed\": {\"fields\": [\"Permissions\"]}}]',3,1),(105,'2021-11-12 09:00:05.593566','1','admin',3,'',3,1),(106,'2021-11-12 09:00:23.001010','3','manager',2,'[{\"changed\": {\"fields\": [\"Permissions\"]}}]',3,1),(107,'2021-11-12 13:18:14.157862','1','TourImages object (1)',1,'[{\"added\": {}}]',32,1),(108,'2021-11-12 13:18:22.980300','2','TourImages object (2)',1,'[{\"added\": {}}]',32,1),(109,'2021-11-12 13:18:32.964123','3','TourImages object (3)',1,'[{\"added\": {}}]',32,1),(110,'2021-11-12 13:18:41.383573','4','TourImages object (4)',1,'[{\"added\": {}}]',32,1),(111,'2021-11-12 13:18:47.976144','5','TourImages object (5)',1,'[{\"added\": {}}]',32,1),(112,'2021-11-12 13:18:59.743227','6','TourImages object (6)',1,'[{\"added\": {}}]',32,1),(113,'2021-11-12 13:19:08.658972','7','TourImages object (7)',1,'[{\"added\": {}}]',32,1),(114,'2021-11-12 13:19:14.624225','8','TourImages object (8)',1,'[{\"added\": {}}]',32,1),(115,'2021-11-12 13:19:20.809004','9','TourImages object (9)',1,'[{\"added\": {}}]',32,1),(116,'2021-11-12 13:19:26.675374','10','TourImages object (10)',1,'[{\"added\": {}}]',32,1),(117,'2021-11-12 13:19:36.753043','11','TourImages object (11)',1,'[{\"added\": {}}]',32,1),(118,'2021-11-12 13:19:43.295048','12','TourImages object (12)',1,'[{\"added\": {}}]',32,1),(119,'2021-11-12 13:19:57.191779','13','TourImages object (13)',1,'[{\"added\": {}}]',32,1),(120,'2021-11-12 13:20:05.429178','14','TourImages object (14)',1,'[{\"added\": {}}]',32,1),(121,'2021-11-13 15:04:35.236313','6','RatingTour object (6)',1,'[{\"added\": {}}]',25,1),(122,'2021-11-14 10:21:38.585689','15','Tour Hải Phòng Mũi Né 4 ngày 3 đêm – Có đầu khởi hành từ Hà Nội',2,'[{\"changed\": {\"fields\": [\"Price children\"]}}]',12,1),(123,'2021-11-14 10:21:59.320624','14','Tour du lịch Tây Ninh 2 ngày 1 đêm chinh phục đỉnh núi Bà Đen, KDL Long Điền Sơn',2,'[{\"changed\": {\"fields\": [\"Price children\"]}}]',12,1),(124,'2021-11-14 10:22:15.812138','13','Tour Vũng Tàu 3 ngày 2 đêm nghỉ dưỡng khách sạn 3 sao cao cấp',2,'[{\"changed\": {\"fields\": [\"Price children\"]}}]',12,1),(125,'2021-11-14 10:22:31.984176','12','Tour du lịch Bangkok – Pattaya 5 ngày 4 đêm| Thành phố cổ Muang Boran – Đảo Coral',2,'[{\"changed\": {\"fields\": [\"Price children\"]}}]',12,1),(126,'2021-11-14 10:22:48.552891','10','đasa',2,'[{\"changed\": {\"fields\": [\"Price\", \"Price children\"]}}]',12,1),(127,'2021-11-14 10:23:03.166121','8','Tour du lịch Bali 4 ngày 3 đêm: “Thiên đường nghỉ dưỡng” Bali | Bay Vietnam Airlines',2,'[{\"changed\": {\"fields\": [\"Price children\"]}}]',12,1),(128,'2021-11-14 10:23:22.787203','7','Tour Campuchia 4 ngày 3 đêm | Khám phá Siem Reap – Phnom Penh huyền bí',2,'[{\"changed\": {\"fields\": [\"Price children\"]}}]',12,1),(129,'2021-11-14 10:23:40.482865','6','Tour đi Mỹ Tiêm Vắc Xin kết hợp nghỉ dưỡng, khám phá Los Angeles trọn gói 28 ngày',2,'[{\"changed\": {\"fields\": [\"Price children\"]}}]',12,1),(130,'2021-11-14 10:23:54.334530','5','Tour du lịch Quan Lạn 2 ngày 1 đêm | Khám phá miền biển vắng',2,'[{\"changed\": {\"fields\": [\"Price children\"]}}]',12,1),(131,'2021-11-14 10:24:12.720307','3','Tour du lịch Mỹ Tho – Cần Thơ 2 ngày 1 đêm giá tốt, khởi hành từ TPHCM',2,'[{\"changed\": {\"fields\": [\"Price children\"]}}]',12,1),(132,'2021-11-14 10:24:19.005407','3','Tour du lịch Mỹ Tho – Cần Thơ 2 ngày 1 đêm giá tốt, khởi hành từ TPHCM',2,'[]',12,1),(133,'2021-11-14 10:24:32.227177','2','Tour du lịch Lục tỉnh miền Tây 4 ngày 3 đêm | Khám phá sông nước Nam Kì',2,'[{\"changed\": {\"fields\": [\"Price children\"]}}]',12,1),(134,'2021-11-14 10:24:44.093851','1','Tour Buôn Mê Thuột 2 ngày 1 đêm | Hồ Lắk – Thác Dray Nur – Buôn Đôn – Làng cà phê',2,'[{\"changed\": {\"fields\": [\"Price children\"]}}]',12,1);
/*!40000 ALTER TABLE `django_admin_log` ENABLE KEYS */;
UNLOCK TABLES;

--
-- Table structure for table `django_content_type`
--

DROP TABLE IF EXISTS `django_content_type`;
/*!40101 SET @saved_cs_client     = @@character_set_client */;
/*!50503 SET character_set_client = utf8mb4 */;
CREATE TABLE `django_content_type` (
  `id` int NOT NULL AUTO_INCREMENT,
  `app_label` varchar(100) CHARACTER SET utf8mb4 COLLATE utf8mb4_unicode_ci NOT NULL,
  `model` varchar(100) CHARACTER SET utf8mb4 COLLATE utf8mb4_unicode_ci NOT NULL,
  PRIMARY KEY (`id`),
  UNIQUE KEY `django_content_type_app_label_model_76bd3d3b_uniq` (`app_label`,`model`)
) ENGINE=InnoDB AUTO_INCREMENT=34 DEFAULT CHARSET=utf8mb4 COLLATE=utf8mb4_unicode_ci;
/*!40101 SET character_set_client = @saved_cs_client */;

--
-- Dumping data for table `django_content_type`
--

LOCK TABLES `django_content_type` WRITE;
/*!40000 ALTER TABLE `django_content_type` DISABLE KEYS */;
INSERT INTO `django_content_type` VALUES (1,'admin','logentry'),(3,'auth','group'),(2,'auth','permission'),(4,'contenttypes','contenttype'),(28,'oauth2_provider','accesstoken'),(27,'oauth2_provider','application'),(29,'oauth2_provider','grant'),(31,'oauth2_provider','idtoken'),(30,'oauth2_provider','refreshtoken'),(5,'sessions','session'),(21,'tourbooking','categoryhotel'),(7,'tourbooking','categoryservice'),(8,'tourbooking','categorytour'),(19,'tourbooking','comment'),(9,'tourbooking','district'),(22,'tourbooking','hotel'),(23,'tourbooking','imageshotel'),(18,'tourbooking','imagesservice'),(17,'tourbooking','imagestravel'),(26,'tourbooking','like'),(20,'tourbooking','location'),(16,'tourbooking','news'),(33,'tourbooking','ordertour'),(10,'tourbooking','provincial'),(25,'tourbooking','ratingtour'),(24,'tourbooking','reviewhotel'),(15,'tourbooking','reviewservice'),(14,'tourbooking','reviewtour'),(13,'tourbooking','service'),(32,'tourbooking','tourimages'),(12,'tourbooking','tours'),(6,'tourbooking','user'),(11,'tourbooking','ward');
/*!40000 ALTER TABLE `django_content_type` ENABLE KEYS */;
UNLOCK TABLES;

--
-- Table structure for table `django_migrations`
--

DROP TABLE IF EXISTS `django_migrations`;
/*!40101 SET @saved_cs_client     = @@character_set_client */;
/*!50503 SET character_set_client = utf8mb4 */;
CREATE TABLE `django_migrations` (
  `id` bigint NOT NULL AUTO_INCREMENT,
  `app` varchar(255) CHARACTER SET utf8mb4 COLLATE utf8mb4_unicode_ci NOT NULL,
  `name` varchar(255) CHARACTER SET utf8mb4 COLLATE utf8mb4_unicode_ci NOT NULL,
  `applied` datetime(6) NOT NULL,
  PRIMARY KEY (`id`)
) ENGINE=InnoDB AUTO_INCREMENT=61 DEFAULT CHARSET=utf8mb4 COLLATE=utf8mb4_unicode_ci;
/*!40101 SET character_set_client = @saved_cs_client */;

--
-- Dumping data for table `django_migrations`
--

LOCK TABLES `django_migrations` WRITE;
/*!40000 ALTER TABLE `django_migrations` DISABLE KEYS */;
INSERT INTO `django_migrations` VALUES (1,'contenttypes','0001_initial','2021-08-06 12:59:52.819734'),(2,'contenttypes','0002_remove_content_type_name','2021-08-06 12:59:52.958366'),(3,'auth','0001_initial','2021-08-06 12:59:53.322011'),(4,'auth','0002_alter_permission_name_max_length','2021-08-06 12:59:53.408969'),(5,'auth','0003_alter_user_email_max_length','2021-08-06 12:59:53.417987'),(6,'auth','0004_alter_user_username_opts','2021-08-06 12:59:53.426963'),(7,'auth','0005_alter_user_last_login_null','2021-08-06 12:59:53.435908'),(8,'auth','0006_require_contenttypes_0002','2021-08-06 12:59:53.442891'),(9,'auth','0007_alter_validators_add_error_messages','2021-08-06 12:59:53.456855'),(10,'auth','0008_alter_user_username_max_length','2021-08-06 12:59:53.468820'),(11,'auth','0009_alter_user_last_name_max_length','2021-08-06 12:59:53.479792'),(12,'auth','0010_alter_group_name_max_length','2021-08-06 12:59:53.501732'),(13,'auth','0011_update_proxy_permissions','2021-08-06 12:59:53.512701'),(14,'auth','0012_alter_user_first_name_max_length','2021-08-06 12:59:53.528662'),(15,'tourbooking','0001_initial','2021-08-06 12:59:53.983432'),(16,'admin','0001_initial','2021-08-06 12:59:54.172713'),(17,'admin','0002_logentry_remove_auto_add','2021-08-06 12:59:54.191663'),(18,'admin','0003_logentry_add_action_flag_choices','2021-08-06 12:59:54.204628'),(19,'sessions','0001_initial','2021-08-06 12:59:54.371117'),(20,'tourbooking','0002_auto_20210806_2045','2021-08-06 13:46:12.519018'),(21,'tourbooking','0003_remove_user_role','2021-08-08 12:10:36.911790'),(22,'tourbooking','0004_auto_20210808_1913','2021-08-08 12:13:43.731561'),(23,'tourbooking','0005_auto_20210808_1946','2021-08-08 12:47:48.456679'),(24,'tourbooking','0006_auto_20210808_1947','2021-08-08 12:47:48.729071'),(25,'tourbooking','0007_auto_20210808_2009','2021-08-08 13:09:23.114404'),(26,'tourbooking','0008_auto_20210808_2016','2021-08-08 13:16:43.442701'),(27,'tourbooking','0009_auto_20210808_2023','2021-08-08 13:23:59.497445'),(28,'tourbooking','0010_auto_20210808_2037','2021-08-08 13:45:25.708237'),(29,'tourbooking','0011_auto_20210808_2207','2021-08-08 15:08:36.777429'),(30,'tourbooking','0012_auto_20210810_2203','2021-08-10 15:04:05.710046'),(31,'tourbooking','0013_auto_20210812_2146','2021-08-14 08:31:15.048492'),(32,'tourbooking','0014_alter_ratingtravel_user','2021-08-14 08:31:15.204718'),(33,'tourbooking','0015_auto_20210814_1538','2021-08-14 08:38:53.511805'),(34,'tourbooking','0016_like','2021-08-14 08:46:28.071168'),(35,'tourbooking','0017_auto_20210814_1619','2021-08-14 09:19:42.004975'),(36,'oauth2_provider','0001_initial','2021-08-14 13:18:18.736182'),(37,'oauth2_provider','0002_auto_20190406_1805','2021-08-14 13:18:18.860319'),(38,'oauth2_provider','0003_auto_20201211_1314','2021-08-14 13:18:18.999096'),(39,'oauth2_provider','0004_auto_20200902_2022','2021-08-14 13:18:19.824965'),(40,'tourbooking','0018_auto_20210814_2242','2021-08-14 15:42:23.173320'),(41,'tourbooking','0019_user_avatar','2021-08-24 14:19:57.995250'),(42,'tourbooking','0020_auto_20210909_2104','2021-11-08 10:35:48.107841'),(43,'tourbooking','0021_alter_like_user','2021-11-08 10:35:48.254390'),(44,'tourbooking','0022_alter_user_avatar','2021-11-08 10:35:48.296243'),(45,'tourbooking','0023_tours_start_date','2021-11-08 10:36:43.076944'),(46,'tourbooking','0024_auto_20211108_1743','2021-11-08 10:43:29.494120'),(47,'tourbooking','0025_remove_tours_detail_destination','2021-11-08 12:40:47.676634'),(48,'tourbooking','0026_tourimages','2021-11-12 13:13:20.334290'),(49,'tourbooking','0027_auto_20211113_2159','2021-11-13 15:00:40.438933'),(50,'tourbooking','0028_alter_ratingtour_unique_together','2021-11-13 15:00:40.573975'),(51,'tourbooking','0029_auto_20211114_2027','2021-11-14 13:27:39.120897'),(52,'tourbooking','0030_ordertour','2021-11-14 13:57:26.830200'),(53,'tourbooking','0031_alter_user_avatar','2021-11-24 12:49:06.412195'),(54,'tourbooking','0032_alter_user_avatar','2021-11-24 12:50:30.868487'),(55,'tourbooking','0033_auto_20211125_0936','2021-11-25 02:36:55.712632'),(56,'tourbooking','0034_alter_user_avatar','2021-11-26 12:03:32.529360'),(57,'tourbooking','0035_alter_user_avatar','2021-11-26 12:04:39.042710'),(58,'tourbooking','0036_news_overview','2021-12-02 07:51:31.267917'),(59,'tourbooking','0037_auto_20211206_1648','2021-12-06 09:48:12.859421'),(60,'tourbooking','0038_auto_20211206_1649','2021-12-06 09:49:22.809754');
/*!40000 ALTER TABLE `django_migrations` ENABLE KEYS */;
UNLOCK TABLES;

--
-- Table structure for table `django_session`
--

DROP TABLE IF EXISTS `django_session`;
/*!40101 SET @saved_cs_client     = @@character_set_client */;
/*!50503 SET character_set_client = utf8mb4 */;
CREATE TABLE `django_session` (
  `session_key` varchar(40) CHARACTER SET utf8mb4 COLLATE utf8mb4_unicode_ci NOT NULL,
  `session_data` longtext CHARACTER SET utf8mb4 COLLATE utf8mb4_unicode_ci NOT NULL,
  `expire_date` datetime(6) NOT NULL,
  PRIMARY KEY (`session_key`),
  KEY `django_session_expire_date_a5c62663` (`expire_date`)
) ENGINE=InnoDB DEFAULT CHARSET=utf8mb4 COLLATE=utf8mb4_unicode_ci;
/*!40101 SET character_set_client = @saved_cs_client */;

--
-- Dumping data for table `django_session`
--

LOCK TABLES `django_session` WRITE;
/*!40000 ALTER TABLE `django_session` DISABLE KEYS */;
INSERT INTO `django_session` VALUES ('kt30h0omu77ofn1y9n193ka4tb0we8b0','.eJxVjEEOwiAQRe_C2hAZmAIu3XsGMjAgVUOT0q6Md7dNutDtf-_9twi0LjWsPc9hZHERSpx-t0jpmdsO-EHtPsk0tWUeo9wVedAubxPn1_Vw_w4q9brVNoEeDBcEzwatUxbRUnQFh-jOXAxvFDQRaCyZnM6KrIcErC2y8-LzBc_YN4k:1mChi1:Cr6TnXdju6w06u_PEqkRGvvL0bUueFbP9Kc9fxTwZTo','2021-08-22 12:15:17.033146'),('rvciu7gnhsv6v2uaj6hc8bruvus5p409','.eJxVjEEOwiAQRe_C2hAZmAIu3XsGMjAgVUOT0q6Md7dNutDtf-_9twi0LjWsPc9hZHERSpx-t0jpmdsO-EHtPsk0tWUeo9wVedAubxPn1_Vw_w4q9brVNoEeDBcEzwatUxbRUnQFh-jOXAxvFDQRaCyZnM6KrIcErC2y8-LzBc_YN4k:1mEvHn:VLFtsi4vBd3xQW1evrePsYYRG18Rn3GUaqpkoAw6ElA','2021-08-28 15:09:23.652498'),('ztwsk0zeinm4vxb20ct5qha2j3s1zcm7','.eJxVjEEOwiAQRe_C2hAZmAIu3XsGMjAgVUOT0q6Md7dNutDtf-_9twi0LjWsPc9hZHERSpx-t0jpmdsO-EHtPsk0tWUeo9wVedAubxPn1_Vw_w4q9brVNoEeDBcEzwatUxbRUnQFh-jOXAxvFDQRaCyZnM6KrIcErC2y8-LzBc_YN4k:1mlSPY:NKCAD2vzH4QaKzpXYnblYKMxSpC8A4i0JahKXphzICM','2021-11-26 08:59:52.645057');
/*!40000 ALTER TABLE `django_session` ENABLE KEYS */;
UNLOCK TABLES;

--
-- Table structure for table `oauth2_provider_accesstoken`
--

DROP TABLE IF EXISTS `oauth2_provider_accesstoken`;
/*!40101 SET @saved_cs_client     = @@character_set_client */;
/*!50503 SET character_set_client = utf8mb4 */;
CREATE TABLE `oauth2_provider_accesstoken` (
  `id` bigint NOT NULL AUTO_INCREMENT,
  `token` varchar(255) CHARACTER SET utf8mb4 COLLATE utf8mb4_unicode_ci NOT NULL,
  `expires` datetime(6) NOT NULL,
  `scope` longtext CHARACTER SET utf8mb4 COLLATE utf8mb4_unicode_ci NOT NULL,
  `application_id` bigint DEFAULT NULL,
  `user_id` bigint DEFAULT NULL,
  `created` datetime(6) NOT NULL,
  `updated` datetime(6) NOT NULL,
  `source_refresh_token_id` bigint DEFAULT NULL,
  `id_token_id` bigint DEFAULT NULL,
  PRIMARY KEY (`id`),
  UNIQUE KEY `token` (`token`),
  UNIQUE KEY `source_refresh_token_id` (`source_refresh_token_id`),
  UNIQUE KEY `id_token_id` (`id_token_id`),
  KEY `oauth2_provider_acce_application_id_b22886e1_fk_oauth2_pr` (`application_id`),
  KEY `oauth2_provider_acce_user_id_6e4c9a65_fk_tourbooki` (`user_id`),
  CONSTRAINT `oauth2_provider_acce_application_id_b22886e1_fk_oauth2_pr` FOREIGN KEY (`application_id`) REFERENCES `oauth2_provider_application` (`id`),
  CONSTRAINT `oauth2_provider_acce_id_token_id_85db651b_fk_oauth2_pr` FOREIGN KEY (`id_token_id`) REFERENCES `oauth2_provider_idtoken` (`id`),
  CONSTRAINT `oauth2_provider_acce_source_refresh_token_e66fbc72_fk_oauth2_pr` FOREIGN KEY (`source_refresh_token_id`) REFERENCES `oauth2_provider_refreshtoken` (`id`),
  CONSTRAINT `oauth2_provider_acce_user_id_6e4c9a65_fk_tourbooki` FOREIGN KEY (`user_id`) REFERENCES `tourbooking_user` (`id`)
) ENGINE=InnoDB AUTO_INCREMENT=173 DEFAULT CHARSET=utf8mb4 COLLATE=utf8mb4_unicode_ci;
/*!40101 SET character_set_client = @saved_cs_client */;

--
-- Dumping data for table `oauth2_provider_accesstoken`
--

LOCK TABLES `oauth2_provider_accesstoken` WRITE;
/*!40000 ALTER TABLE `oauth2_provider_accesstoken` DISABLE KEYS */;
INSERT INTO `oauth2_provider_accesstoken` VALUES (1,'FxXqTDuww7LL5N7CVjatNOznRzgKyZ','2021-08-15 01:16:50.845579','read write',1,6,'2021-08-14 15:16:50.845579','2021-08-14 15:16:50.845579',NULL,NULL),(2,'w35SO7YP9HKyc6TumA9PvXeNtEvreL','2021-08-15 01:17:09.596324','read write',1,6,'2021-08-14 15:17:09.596324','2021-08-14 15:17:09.596324',NULL,NULL),(3,'kuSyQtm7vTl2V6CVDeP1jVvLG9jA2H','2021-08-15 01:29:08.079866','read write',1,6,'2021-08-14 15:29:08.079866','2021-08-14 15:29:08.079866',NULL,NULL),(4,'vRQZv9n1fXD49gZl9nbxusX027dr7v','2021-08-15 01:31:17.165127','read write',1,6,'2021-08-14 15:31:17.166122','2021-08-14 15:31:17.166122',NULL,NULL),(5,'kVOpKQhuA39yPuEPoSi1S4ilhjVR7k','2021-08-25 00:34:06.731272','read write',1,1,'2021-08-24 14:34:06.765182','2021-08-24 14:34:06.765182',NULL,NULL),(6,'h62p4W9m3OxXm5INTDqB2GCsGA9V7t','2021-08-25 00:34:25.023912','read write',1,1,'2021-08-24 14:34:25.023912','2021-08-24 14:34:25.023912',NULL,NULL),(7,'yjhwTMr7HOZ6CKSNciOWNi3bdjgwEd','2021-08-25 01:23:23.449414','read write',1,9,'2021-08-24 15:23:23.451404','2021-08-24 15:23:23.451404',NULL,NULL),(8,'ReolQ5ZTIKMXplwaE5LpYbdIQs8ata','2021-08-25 01:54:54.109905','read write',1,9,'2021-08-24 15:54:54.109905','2021-08-24 15:54:54.109905',NULL,NULL),(9,'LbJUOZGX5yAzyhZS9TEZcU8U7ZEitB','2021-08-25 02:01:12.683679','read write',1,9,'2021-08-24 16:01:12.684676','2021-08-24 16:01:12.684676',NULL,NULL),(10,'cvvWutphOMUpkkVhzJ1pAATGQ3fjQA','2021-11-11 20:00:28.207316','read write',1,1,'2021-11-11 10:00:28.208312','2021-11-11 10:00:28.208312',NULL,NULL),(11,'HgThX9LfX87rAil6Q59bSqyoEWmwkP','2021-11-11 20:17:04.875873','read write',1,1,'2021-11-11 10:17:04.876869','2021-11-11 10:17:04.876869',NULL,NULL),(12,'7jpJbOcjj7GCycA5fq647cSPnvRrZD','2021-11-11 20:18:22.427390','read write',1,1,'2021-11-11 10:18:22.427390','2021-11-11 10:18:22.427390',NULL,NULL),(13,'Yg0Plny04e5Ce7WLRPas0znsGjcwiH','2021-11-11 20:45:04.992468','read write',1,1,'2021-11-11 10:45:04.992468','2021-11-11 10:45:04.992468',NULL,NULL),(14,'9ArIqj2PM8F4Qawz9aJ9F9Pd0BlK7z','2021-11-11 21:03:04.755420','read write',1,1,'2021-11-11 11:03:04.755420','2021-11-11 11:03:04.755420',NULL,NULL),(15,'9JrEsGJyvxuZDSYMfhvtJc0X5kQZyl','2021-11-11 21:06:16.194057','read write',1,1,'2021-11-11 11:06:16.194057','2021-11-11 11:06:16.194057',NULL,NULL),(16,'4NWdxuZptamuzzUuwXqYbAcjLSRszj','2021-11-12 00:06:57.638879','read write',1,1,'2021-11-11 14:06:57.644535','2021-11-11 14:06:57.644535',NULL,NULL),(17,'4yZKGrMKxoJPH5fDIBYVuvjuyGmIA3','2021-11-12 00:16:32.564315','read write',1,1,'2021-11-11 14:16:32.564315','2021-11-11 14:16:32.564315',NULL,NULL),(18,'VJrHxJo1ccqpAvJchOgc2VMgXplsa8','2021-11-12 00:20:40.384604','read write',1,1,'2021-11-11 14:20:40.384604','2021-11-11 14:20:40.384604',NULL,NULL),(19,'EtHM7aoXUhxc3kV2JxrSoepQBGEfuH','2021-11-12 00:21:03.799206','read write',1,1,'2021-11-11 14:21:03.799206','2021-11-11 14:21:03.799206',NULL,NULL),(20,'C2PDvKAQBC8v4BTeNBJoROjORpK14C','2021-11-12 00:25:19.662405','read write',1,1,'2021-11-11 14:25:19.662405','2021-11-11 14:25:19.662405',NULL,NULL),(21,'UOOrBj3mJVdBO3A5zJNRlWZikh0lCO','2021-11-12 00:27:34.088773','read write',1,1,'2021-11-11 14:27:34.088773','2021-11-11 14:27:34.088773',NULL,NULL),(22,'R0SW4V0L4VajqOrBVbo95rEUGVVT8k','2021-11-12 00:31:21.054236','read write',1,1,'2021-11-11 14:31:21.055202','2021-11-11 14:31:21.055202',NULL,NULL),(23,'LYoJUbgCecG0IMId5qYOFqFk9TD2oQ','2021-11-12 00:56:39.664202','read write',1,1,'2021-11-11 14:56:39.665200','2021-11-11 14:56:39.665200',NULL,NULL),(24,'ta5rieHcFETOMNmN4Em468zlvHEdZk','2021-11-12 00:58:35.958518','read write',1,1,'2021-11-11 14:58:35.958518','2021-11-11 14:58:35.958518',NULL,NULL),(25,'2HTQqCYyHDIFKbzOLbytx85bDPnLJh','2021-11-12 01:07:45.050303','read write',1,1,'2021-11-11 15:07:45.051301','2021-11-11 15:07:45.051301',NULL,NULL),(26,'0tCk48zs0FJsLxoS30HLbPOB9ParLd','2021-11-12 01:10:13.989304','read write',1,1,'2021-11-11 15:10:13.989304','2021-11-11 15:10:13.989304',NULL,NULL),(27,'RfROGc7qjHZzEgpgK5fISwCqEq9Pt7','2021-11-12 01:16:20.327372','read write',1,1,'2021-11-11 15:16:20.327372','2021-11-11 15:16:20.327372',NULL,NULL),(28,'a4Wj5Qf3UgjwEqAaiYd4Ms0azz9PMy','2021-11-12 01:16:46.098225','read write',1,1,'2021-11-11 15:16:46.098225','2021-11-11 15:16:46.098225',NULL,NULL),(29,'Naxk1YiP7fNkS9ubEcpoAGVNiwqaAN','2021-11-12 01:17:10.114653','read write',1,1,'2021-11-11 15:17:10.115650','2021-11-11 15:17:10.115650',NULL,NULL),(30,'GEadUsOYpndLjrdRi9NdOTw5dT7adk','2021-11-12 01:17:13.356972','read write',1,1,'2021-11-11 15:17:13.356972','2021-11-11 15:17:13.356972',NULL,NULL),(31,'FDexuGObQsuu1wXqBvqY0zDfwO1GQ7','2021-11-12 01:17:15.281073','read write',1,1,'2021-11-11 15:17:15.281073','2021-11-11 15:17:15.281073',NULL,NULL),(32,'McZUaDJ0m6c0GK9J1MmdUwlXpXkYps','2021-11-12 01:17:15.470108','read write',1,1,'2021-11-11 15:17:15.470108','2021-11-11 15:17:15.470108',NULL,NULL),(33,'EB18J6I7l8UZwppsJSx3XQOoWFPkf4','2021-11-12 01:17:24.489359','read write',1,1,'2021-11-11 15:17:24.489359','2021-11-11 15:17:24.489359',NULL,NULL),(34,'e0NCq0s5is1TeQhTCDJQrMtMjy6hRk','2021-11-12 01:18:04.348094','read write',1,1,'2021-11-11 15:18:04.348094','2021-11-11 15:18:04.348094',NULL,NULL),(35,'XqEfuBByF86h3IsD6M5Qw0YZVudD25','2021-11-12 01:18:55.366150','read write',1,1,'2021-11-11 15:18:55.366150','2021-11-11 15:18:55.366150',NULL,NULL),(36,'tXre512CvUaiVoqmpQpWCJUUpa21zG','2021-11-12 01:22:59.848383','read write',1,1,'2021-11-11 15:22:59.849380','2021-11-11 15:22:59.849380',NULL,NULL),(37,'HTJAeiJBGnohBT9PW8KfsLmHtFa4GQ','2021-11-12 01:23:16.797434','read write',1,1,'2021-11-11 15:23:16.797434','2021-11-11 15:23:16.797434',NULL,NULL),(38,'MiVk1fRIMpg7iuer0a5QjYmZ6Zlim1','2021-11-12 01:29:24.822750','read write',1,1,'2021-11-11 15:29:24.822750','2021-11-11 15:29:24.822750',NULL,NULL),(39,'ivdei6jeFxUBVKkaTcZRaMie5aShUI','2021-11-12 01:35:15.775746','read write',1,1,'2021-11-11 15:35:15.775746','2021-11-11 15:35:15.775746',NULL,NULL),(40,'DSYTLV9FipdVD8QWrdZ5OOut0gPzS3','2021-11-12 04:42:48.373346','read write',1,11,'2021-11-11 18:42:48.382062','2021-11-11 18:42:48.382062',NULL,NULL),(41,'LqbI3aY8BxGYD7Eb1HrJ6BZ3gHtjAa','2021-11-12 04:53:04.002832','read write',1,11,'2021-11-11 18:53:04.002832','2021-11-11 18:53:04.002832',NULL,NULL),(42,'xwX2JYc2BT6Pu9T3w8qFQDYsBJIlYI','2021-11-12 04:54:09.777045','read write',1,1,'2021-11-11 18:54:09.777045','2021-11-11 18:54:09.777045',NULL,NULL),(43,'MePIVoeRcH6M7nCm2CwAwVqIDjfBov','2021-11-12 04:59:38.077926','read write',1,11,'2021-11-11 18:59:38.077926','2021-11-11 18:59:38.077926',NULL,NULL),(44,'22ad3MUn9uvmuylxH8aPQMEpXiX3K5','2021-11-12 04:59:44.759475','read write',1,11,'2021-11-11 18:59:44.760473','2021-11-11 18:59:44.760473',NULL,NULL),(45,'arP6qvt4n1xFZgOPEPUJBkPi5sPD9S','2021-11-12 04:59:47.503158','read write',1,11,'2021-11-11 18:59:47.503158','2021-11-11 18:59:47.503158',NULL,NULL),(46,'g45VolUwjzTCTZwChDHDdh2PSA0OxK','2021-11-12 04:59:56.557503','read write',1,11,'2021-11-11 18:59:56.557503','2021-11-11 18:59:56.557503',NULL,NULL),(47,'U0sjx9lqCtbxRTkWvCYpSR4s0V8oO6','2021-11-12 05:01:23.063130','read write',1,1,'2021-11-11 19:01:23.063130','2021-11-11 19:01:23.063130',NULL,NULL),(48,'WzOgV54U0PL1NjZlCvGyWL03XZViRj','2021-11-12 05:06:51.362060','read write',1,1,'2021-11-11 19:06:51.363057','2021-11-11 19:06:51.363057',NULL,NULL),(49,'6SDdL9zzFnRWAqejeFNNJD6SpqIjsT','2021-11-12 05:10:13.054321','read write',1,1,'2021-11-11 19:10:13.054321','2021-11-11 19:10:13.054321',NULL,NULL),(50,'d338hHosDaqzNPlyBudFvaUV6iEbe5','2021-11-12 05:10:38.736682','read write',1,1,'2021-11-11 19:10:38.737682','2021-11-11 19:10:38.737682',NULL,NULL),(51,'pPCzZq2QsHzDYi2bBR4SQ8meahHFLI','2021-11-12 05:12:40.325224','read write',1,1,'2021-11-11 19:12:40.326220','2021-11-11 19:12:40.326220',NULL,NULL),(52,'Qbiu7JfudgzMtACaB3DEOAOLmmz9j2','2021-11-12 05:14:49.083394','read write',1,1,'2021-11-11 19:14:49.083394','2021-11-11 19:14:49.083394',NULL,NULL),(53,'jZr7eK79RO9H5jEkKZBNpqRa6atXg0','2021-11-12 05:16:44.174819','read write',1,1,'2021-11-11 19:16:44.175872','2021-11-11 19:16:44.175872',NULL,NULL),(54,'VJYfPXpMJREN2l85SHkzgKXgCcQGWn','2021-11-12 05:18:24.738586','read write',1,11,'2021-11-11 19:18:24.738586','2021-11-11 19:18:24.738586',NULL,NULL),(55,'dcuUGXdDlCUupPIVwkuxsjojiOkyGj','2021-11-12 05:19:31.239594','read write',1,11,'2021-11-11 19:19:31.240593','2021-11-11 19:19:31.240593',NULL,NULL),(56,'pPwR7F1EicENpDX6gRz2sWjPaHC1mf','2021-11-12 05:22:46.710707','read write',1,11,'2021-11-11 19:22:46.711705','2021-11-11 19:22:46.711705',NULL,NULL),(57,'gPBCulhzJunnivBRMK7PZqfSvkvNRc','2021-11-12 05:23:08.137483','read write',1,1,'2021-11-11 19:23:08.137483','2021-11-11 19:23:08.137483',NULL,NULL),(58,'YBlVOxyA9yEXHayp6W2Fg4yuyI1AHq','2021-11-12 05:32:53.053831','read write',1,1,'2021-11-11 19:32:53.054826','2021-11-11 19:32:53.054826',NULL,NULL),(59,'MkNS0fQz5cmuaHJOOqthhtxwIoNUDF','2021-11-12 05:33:39.745845','read write',1,11,'2021-11-11 19:33:39.745845','2021-11-11 19:33:39.745845',NULL,NULL),(60,'3FS2TJ3F4ZvHc6Yq27cdtD8Tkhz2mQ','2021-11-12 05:34:00.262745','read write',1,11,'2021-11-11 19:34:00.263744','2021-11-11 19:34:00.263744',NULL,NULL),(61,'q4d8xTP7H3im14CUSgwH0Ak06NqwUt','2021-11-12 05:38:07.630386','read write',1,11,'2021-11-11 19:38:07.630386','2021-11-11 19:38:07.630386',NULL,NULL),(62,'UEDzkD7tLAnNvRYJj1KK6xOf4oeVUJ','2021-11-12 05:49:37.099099','read write',1,1,'2021-11-11 19:49:37.099099','2021-11-11 19:49:37.099099',NULL,NULL),(63,'TlXToZPgHM4Sp1JTKgLr5D0A97Z2pI','2021-11-12 06:13:34.262408','read write',1,1,'2021-11-11 20:13:34.263404','2021-11-11 20:13:34.263404',NULL,NULL),(64,'XaB5oCPFbaQQqoXVfy0Hywt8r9F529','2021-11-12 15:43:33.283942','read write',1,1,'2021-11-12 05:43:33.283942','2021-11-12 05:43:33.283942',NULL,NULL),(65,'fEFjpsy8sFA9YjgLT4UKIHFV2NpTaI','2021-11-12 15:49:21.455560','read write',1,11,'2021-11-12 05:49:21.455560','2021-11-12 05:49:21.455560',NULL,NULL),(66,'30ZjErMyLgZtqkcTlqxmJe0eDqpvlj','2021-11-12 17:09:19.774518','read write',1,1,'2021-11-12 07:09:19.774518','2021-11-12 07:09:19.774518',NULL,NULL),(67,'yZHxEQmLGWmKLIWtfyN67tm6mz9Etb','2021-11-12 17:38:57.209055','read write',1,1,'2021-11-12 07:38:57.209055','2021-11-12 07:38:57.209055',NULL,NULL),(68,'fhB4qUeCI0srz7qdnXTWAlsisAW24E','2021-11-12 19:05:29.517905','read write',1,11,'2021-11-12 09:05:29.517905','2021-11-12 09:05:29.517905',NULL,NULL),(69,'9uyYej6Y8JQl5kgiJweMOF2EUTY7ml','2021-11-12 19:05:53.000908','read write',1,11,'2021-11-12 09:05:53.000908','2021-11-12 09:05:53.000908',NULL,NULL),(70,'pxcfKa0AolLaovkhuV74LXN3oGmCvj','2021-11-12 19:06:28.004496','read write',1,1,'2021-11-12 09:06:28.004496','2021-11-12 09:06:28.004496',NULL,NULL),(71,'27YFgAEYq5Uxkmc6wCVzurGTy3Dzgt','2021-11-12 19:08:07.957067','read write',1,1,'2021-11-12 09:08:07.957067','2021-11-12 09:08:07.957067',NULL,NULL),(72,'AK8VkdcCIZ6IAAcVRmdMyaLOjRoB1v','2021-11-12 23:55:24.669264','read write',1,11,'2021-11-12 13:55:24.670265','2021-11-12 13:55:24.670265',NULL,NULL),(73,'PmcxBh2YShI1Pf9LE962qX5Yg2zAWG','2021-11-13 00:16:40.746615','read write',1,11,'2021-11-12 14:16:40.748609','2021-11-12 14:16:40.748609',NULL,NULL),(74,'1G9HycrTyP7qHDj48lOLPFVp5Fx3Mh','2021-11-13 01:11:50.185502','read write',1,11,'2021-11-12 15:11:50.186498','2021-11-12 15:11:50.186498',NULL,NULL),(75,'tVLX7gt3pQC7N4zioLAFHjYslLN3Tm','2021-11-13 01:12:42.221041','read write',1,11,'2021-11-12 15:12:42.221041','2021-11-12 15:12:42.221041',NULL,NULL),(76,'gOrc13PjhUXlLUW1wETWig617KdMCw','2021-11-13 01:13:59.342477','read write',1,11,'2021-11-12 15:13:59.343476','2021-11-12 15:13:59.343476',NULL,NULL),(77,'LwYkxQ0RkOWjFELu3Ad9n1YjAwiFNX','2021-11-13 01:15:02.753474','read write',1,11,'2021-11-12 15:15:02.753474','2021-11-12 15:15:02.753474',NULL,NULL),(78,'XPwkY2y1wPvd9DPnxh5dism2BnrjHS','2021-11-13 01:15:28.113956','read write',1,11,'2021-11-12 15:15:28.113956','2021-11-12 15:15:28.113956',NULL,NULL),(79,'cJDnw37D3GgctJealHX1znNL2kvAGM','2021-11-13 01:16:32.712172','read write',1,11,'2021-11-12 15:16:32.712172','2021-11-12 15:16:32.712172',NULL,NULL),(80,'YL9jZ3uSSriD0LIxkxWveUXWvYLeLa','2021-11-13 01:24:46.318972','read write',1,11,'2021-11-12 15:24:46.319968','2021-11-12 15:24:46.319968',NULL,NULL),(81,'DwiqTCdMlqm2WFOoYXyXAUIqR285za','2021-11-13 01:25:52.304053','read write',1,11,'2021-11-12 15:25:52.304053','2021-11-12 15:25:52.304053',NULL,NULL),(82,'HbJx9NwEMFmYvg8mGet3Xum6mG8xiU','2021-11-13 01:26:22.344925','read write',1,11,'2021-11-12 15:26:22.345889','2021-11-12 15:26:22.345889',NULL,NULL),(83,'FEScWebVlKIdYJLtV28DqZe5lug22R','2021-11-13 01:30:37.946491','read write',1,11,'2021-11-12 15:30:37.946491','2021-11-12 15:30:37.946491',NULL,NULL),(84,'fMhLJy9S7mpfrceQFpp0Z0mOIqn8aD','2021-11-13 01:32:13.453767','read write',1,11,'2021-11-12 15:32:13.453767','2021-11-12 15:32:13.453767',NULL,NULL),(85,'uvk7DiWWGZ0C1aWdv4pqB61KZNgnqg','2021-11-13 01:32:44.839489','read write',1,11,'2021-11-12 15:32:44.839489','2021-11-12 15:32:44.839489',NULL,NULL),(86,'Izu6DYLeIpI0vBBlTAb1SNnPgBfmvM','2021-11-13 01:33:58.530913','read write',1,11,'2021-11-12 15:33:58.530913','2021-11-12 15:33:58.530913',NULL,NULL),(87,'O8ghoALnfSZawsJT0wdqmCyqpG1NVC','2021-11-13 01:34:39.850789','read write',1,11,'2021-11-12 15:34:39.851786','2021-11-12 15:34:39.851786',NULL,NULL),(88,'AfHrjnheSxba4E4zqhe1lqH3v7roFH','2021-11-13 01:35:55.000147','read write',1,11,'2021-11-12 15:35:55.000147','2021-11-12 15:35:55.001141',NULL,NULL),(89,'nHOMSn1gykkVj51aUDMJjdRQcT6aMR','2021-11-13 01:38:24.505754','read write',1,11,'2021-11-12 15:38:24.506786','2021-11-12 15:38:24.506786',NULL,NULL),(90,'CGjeKsoTA7BpaVXO7gZvGQplcviOux','2021-11-13 01:38:51.116398','read write',1,11,'2021-11-12 15:38:51.116398','2021-11-12 15:38:51.116398',NULL,NULL),(91,'SXgBtPgfFRoOsvhBQdd5xnJ4d8heXO','2021-11-13 16:34:16.353478','read write',1,11,'2021-11-13 06:34:16.353478','2021-11-13 06:34:16.353478',NULL,NULL),(92,'2s88O9Ms7WdSMlA2cY04aarybxgfWw','2021-11-13 16:36:06.121360','read write',1,11,'2021-11-13 06:36:06.122324','2021-11-13 06:36:06.122324',NULL,NULL),(93,'RD9pFukSnPkqqMw2j99CmJ0z8SdL4e','2021-11-13 16:43:44.300009','read write',1,11,'2021-11-13 06:43:44.300009','2021-11-13 06:43:44.300009',NULL,NULL),(94,'eQy9Fhn3qcBjSLOZait9OkBNDgLXQT','2021-11-13 17:25:02.617774','read write',1,11,'2021-11-13 07:25:02.618737','2021-11-13 07:25:02.618737',NULL,NULL),(95,'yOzdJLn789hRGyhSGq0dAKpQakISzd','2021-11-13 17:32:10.568754','read write',1,11,'2021-11-13 07:32:10.568754','2021-11-13 07:32:10.568754',NULL,NULL),(96,'EQcMyXUXXmGh3zA5OgQnVXs4k016ma','2021-11-13 17:41:52.139192','read write',1,11,'2021-11-13 07:41:52.139192','2021-11-13 07:41:52.139192',NULL,NULL),(97,'F0XsJJEHvCmhJNGtjeTRvNQaqmg5hr','2021-11-13 19:00:55.796430','read write',1,11,'2021-11-13 09:00:55.796430','2021-11-13 09:00:55.796430',NULL,NULL),(98,'JCmFs2Oz547Bl3pd2Ag9EyBTVA5MHg','2021-11-13 19:25:47.031253','read write',1,11,'2021-11-13 09:25:47.031253','2021-11-13 09:25:47.031253',NULL,NULL),(99,'KWFDGWlU2qV5koyJVddKW6DnM91LT6','2021-11-13 19:28:22.200564','read write',1,11,'2021-11-13 09:28:22.200564','2021-11-13 09:28:22.200564',NULL,NULL),(100,'JuLYuNokVWGQqSRQ47ip04ZkmwFiDv','2021-11-13 20:01:44.358659','read write',1,11,'2021-11-13 10:01:44.358659','2021-11-13 10:01:44.358659',NULL,NULL),(101,'5gRrfCZ0FkIpclgbV1IyQuB7AGusxZ','2021-11-13 20:02:17.829067','read write',1,11,'2021-11-13 10:02:17.829067','2021-11-13 10:02:17.829067',NULL,NULL),(102,'33hhA5pw23etC78gSWEVfM7gEXJRZy','2021-11-13 20:02:51.417587','read write',1,11,'2021-11-13 10:02:51.417587','2021-11-13 10:02:51.417587',NULL,NULL),(103,'9IdUNZSxzHhsztTcoW59M8ajIW5aPc','2021-11-14 00:28:24.728780','read write',1,11,'2021-11-13 14:28:24.736774','2021-11-13 14:28:24.736774',NULL,NULL),(104,'eCyoLSeO0rMxAPyv3304hihpjLa4r7','2021-11-14 00:45:27.066543','read write',1,11,'2021-11-13 14:45:27.066543','2021-11-13 14:45:27.066543',NULL,NULL),(105,'mftxzConkmUjBLTYlJFshHS1cWdS5G','2021-11-14 01:50:17.518039','read write',1,11,'2021-11-13 15:50:17.519037','2021-11-13 15:50:17.519037',NULL,NULL),(106,'b8tAHrOuobBFw9eiXO1DDkabw0p3KV','2021-11-14 17:12:56.120316','read write',1,11,'2021-11-14 07:12:56.120316','2021-11-14 07:12:56.120316',NULL,NULL),(107,'EtPq9dchEpAPxD54j0QztMlZzu9OHm','2021-11-14 19:46:49.383213','read write',1,11,'2021-11-14 09:46:49.384708','2021-11-14 09:46:49.384708',NULL,NULL),(108,'g9Hi0IzVOq8fbpl34j9XbZRvUgMvZ3','2021-11-14 19:47:58.418127','read write',1,11,'2021-11-14 09:47:58.418127','2021-11-14 09:47:58.418127',NULL,NULL),(109,'j5TZbkfGlrRhOBMJ6XWbaidPgCaNWP','2021-11-14 20:28:29.883501','read write',1,1,'2021-11-14 10:28:29.883501','2021-11-14 10:28:29.883501',NULL,NULL),(110,'AE6cdUNqZ96DkA3bgbzDzlSF0a0JAp','2021-11-14 20:42:24.078992','read write',1,11,'2021-11-14 10:42:24.078992','2021-11-14 10:42:24.078992',NULL,NULL),(111,'q8e83wUJ9MHziWZgRbubN7GDtLhpt6','2021-11-14 21:06:54.020423','read write',1,11,'2021-11-14 11:06:54.020423','2021-11-14 11:06:54.020423',NULL,NULL),(112,'9j2ETXY4kCXRhRcmsVBZReGpJ6WiJZ','2021-11-14 21:07:13.639435','read write',1,1,'2021-11-14 11:07:13.640443','2021-11-14 11:07:13.640443',NULL,NULL),(113,'WytzKpgevbdXXLrl49GjCpogAFhHAM','2021-11-14 21:09:05.740986','read write',1,1,'2021-11-14 11:09:05.740986','2021-11-14 11:09:05.740986',NULL,NULL),(114,'6eITRR7bxuSY6Mfu5IohtiYajKzMb7','2021-11-14 22:06:47.339988','read write',1,1,'2021-11-14 12:06:47.340985','2021-11-14 12:06:47.340985',NULL,NULL),(115,'nrd92zmn0VhFwNhIvm1lrSuqEHJSiV','2021-11-15 17:06:26.350350','read write',1,11,'2021-11-15 07:06:26.356475','2021-11-15 07:06:26.356475',NULL,NULL),(116,'nB36LreV7BGL4APbKjstssgpwI41ze','2021-11-24 18:26:52.846999','read write',1,1,'2021-11-24 08:26:52.849711','2021-11-24 08:26:52.849711',NULL,NULL),(117,'FVEyNRY4eE4OCB7TyTmt7J8OfptEnU','2021-11-24 20:53:51.416144','read write',1,11,'2021-11-24 10:53:51.420708','2021-11-24 10:53:51.420708',NULL,NULL),(118,'BjDWF01wovZdqzYpUbyWSA3EUbIzHW','2021-11-24 22:23:58.823728','read write',1,11,'2021-11-24 12:23:58.823728','2021-11-24 12:23:58.823728',NULL,NULL),(119,'iBJISEeEqYEAn2SZVgxP9nDfSiTUsg','2021-11-24 22:32:16.328404','read write',1,11,'2021-11-24 12:32:16.328404','2021-11-24 12:32:16.328404',NULL,NULL),(120,'UGitdD7EPuYiYVyMABBSA2QSNByS7a','2021-11-24 22:49:32.386931','read write',1,1,'2021-11-24 12:49:32.387928','2021-11-24 12:49:32.387928',NULL,NULL),(121,'6eZi7YHOQ9LhX021wWJSJveGWnd2MC','2021-11-24 22:50:39.903045','read write',1,1,'2021-11-24 12:50:39.903045','2021-11-24 12:50:39.903045',NULL,NULL),(122,'nlfZCPaXRs5X7SDhzt7TyZ2sAOyZhq','2021-11-24 22:52:11.218278','read write',1,1,'2021-11-24 12:52:11.218278','2021-11-24 12:52:11.218278',NULL,NULL),(123,'R59aD07fIGOSKkVuanKMyS7RLSaaMs','2021-11-24 23:03:32.030308','read write',1,11,'2021-11-24 13:03:32.030308','2021-11-24 13:03:32.030308',NULL,NULL),(124,'a1X2zZtXW20zjAidco25fPCPqF8xPT','2021-11-24 23:29:42.573665','read write',1,11,'2021-11-24 13:29:42.573665','2021-11-24 13:29:42.573665',NULL,NULL),(125,'xcswSv0Jv39e6SSvhsZrGbw2SBrTUW','2021-11-24 23:37:16.308355','read write',1,11,'2021-11-24 13:37:16.309354','2021-11-24 13:37:16.309354',NULL,NULL),(126,'UiTsj0bvRFdxZsi8mMrEBl258pF9Is','2021-11-24 23:38:08.647226','read write',1,1,'2021-11-24 13:38:08.647226','2021-11-24 13:38:08.647226',NULL,NULL),(127,'cYsvprvYi2x14YkuIFyCeGkr0BIVbE','2021-11-25 00:50:51.180938','read write',1,11,'2021-11-24 14:50:51.181932','2021-11-24 14:50:51.181932',NULL,NULL),(128,'W0SYXCYSV1KespwJ6Unbt2GX4Cy8aZ','2021-11-25 12:03:10.268535','read write',1,11,'2021-11-25 02:03:10.268535','2021-11-25 02:03:10.268535',NULL,NULL),(129,'dWh2BPdaou367545OSNVjFPrN6DfAw','2021-11-25 12:03:49.711030','read write',1,1,'2021-11-25 02:03:49.711030','2021-11-25 02:03:49.711030',NULL,NULL),(130,'MEwaBoYKgPMmasfe9iKgM66tYzJ0Kp','2021-11-25 12:17:09.082719','read write',1,1,'2021-11-25 02:17:09.082719','2021-11-25 02:17:09.082719',NULL,NULL),(131,'a8VpWYcuNlYQiSZiuUtfqSHOxgET6I','2021-11-25 12:17:32.338443','read write',1,11,'2021-11-25 02:17:32.338443','2021-11-25 02:17:32.338443',NULL,NULL),(132,'1EZjCNIqxbYmQK5yyUBJa0bf2aQ7YG','2021-11-25 12:29:17.897714','read write',1,1,'2021-11-25 02:29:17.897714','2021-11-25 02:29:17.897714',NULL,NULL),(133,'OQBYjY2osvgpVXU4MDNn6rPig8SrAi','2021-11-25 12:43:05.429814','read write',1,11,'2021-11-25 02:43:05.429814','2021-11-25 02:43:05.429814',NULL,NULL),(134,'dcsjl1DIUCtu4cTpv7vtftfkBLkMQZ','2021-11-25 12:43:58.343708','read write',1,11,'2021-11-25 02:43:58.343708','2021-11-25 02:43:58.343708',NULL,NULL),(135,'qryxXEP9BceYXpMXY4uPJHoBCe2MF6','2021-11-26 18:17:00.617484','read write',1,13,'2021-11-26 08:17:00.617484','2021-11-26 08:17:00.617484',NULL,NULL),(136,'xvyzoRgLVhwezeBoqff0kAi83M6di3','2021-11-26 18:18:32.496732','read write',1,11,'2021-11-26 08:18:32.497696','2021-11-26 08:18:32.497696',NULL,NULL),(137,'SoqMJywYIMHzSCrttHt54MXIweFJ7P','2021-11-26 18:20:27.179810','read write',1,1,'2021-11-26 08:20:27.180771','2021-11-26 08:20:27.180771',NULL,NULL),(138,'TN5OGv2kXyEiKcwqKBrMuH55GOMCQv','2021-11-26 21:58:09.388463','read write',1,11,'2021-11-26 11:58:09.388463','2021-11-26 11:58:09.388463',NULL,NULL),(139,'hZa6TS0UzQVX0gSp9lwSaxkTs48rMh','2021-11-26 22:42:09.032171','read write',1,11,'2021-11-26 12:42:09.034145','2021-11-26 12:42:09.034145',NULL,NULL),(140,'Og8itkXXSx2FQvmKlMZHJoh2gxn8Vo','2021-11-26 22:48:21.351189','read write',1,11,'2021-11-26 12:48:21.351189','2021-11-26 12:48:21.351189',NULL,NULL),(141,'DSezDBcq66yhwyJ72FC9ngnylFtoIG','2021-11-26 22:52:28.791605','read write',1,11,'2021-11-26 12:52:28.791605','2021-11-26 12:52:28.791605',NULL,NULL),(142,'7QAvzVNrJ9d99q1cnJUaMahl28Gc68','2021-11-29 22:49:57.394994','read write',1,1,'2021-11-29 12:49:57.394994','2021-11-29 12:49:57.394994',NULL,NULL),(143,'YXhMNCXwFnyQ1xkdDSg7tmOALT3bjE','2021-11-29 22:51:46.669875','read write',1,1,'2021-11-29 12:51:46.669875','2021-11-29 12:51:46.669875',NULL,NULL),(144,'RRk5T3jVXrlnvGQbNj4m6h5uFu4rgR','2021-11-30 20:04:29.976075','read write',1,1,'2021-11-30 10:04:29.977075','2021-11-30 10:04:29.977075',NULL,NULL),(145,'XqU3mZZcQxavK4exXlnlwNRJv9AYOV','2021-11-30 20:23:51.907067','read write',1,11,'2021-11-30 10:23:51.908065','2021-11-30 10:23:51.908065',NULL,NULL),(146,'PiMVEQG9sY6BO16lkt0kmwr03FjZbM','2021-12-01 16:40:42.888314','read write',1,11,'2021-12-01 06:40:42.888314','2021-12-01 06:40:42.888314',NULL,NULL),(147,'d4izpYNlMMjZntyV11uGnSqfOXmQfh','2021-12-01 16:58:54.520894','read write',1,11,'2021-12-01 06:58:54.521891','2021-12-01 06:58:54.521891',NULL,NULL),(148,'s7U0cKqgcIuwEpaPKTKG57kDp6ow0e','2021-12-01 19:03:16.350740','read write',1,1,'2021-12-01 09:03:16.350740','2021-12-01 09:03:16.350740',NULL,NULL),(149,'pSwmNvsWXrgpLMEbiWjemeumgKeMs9','2021-12-01 19:49:49.380820','read write',1,13,'2021-12-01 09:49:49.381581','2021-12-01 09:49:49.381581',NULL,NULL),(150,'3I7yQ6LldsJWjm6y1hAiKguA4vlOOG','2021-12-01 20:18:19.587909','read write',1,11,'2021-12-01 10:18:19.588907','2021-12-01 10:18:19.588907',NULL,NULL),(151,'qNglPzoOKHxrWDFYQnXnelrZ43tXCq','2021-12-01 20:28:00.811021','read write',1,13,'2021-12-01 10:28:00.811021','2021-12-01 10:28:00.811021',NULL,NULL),(152,'obuCR575UemCBxeABFamjl8RdH57Gu','2021-12-01 20:29:27.668004','read write',1,11,'2021-12-01 10:29:27.668982','2021-12-01 10:29:27.668982',NULL,NULL),(153,'h9yS8g18lNehbrNqPgYI6BJg0Fcl70','2021-12-01 21:39:33.866440','read write',1,11,'2021-12-01 11:39:33.866440','2021-12-01 11:39:33.866440',NULL,NULL),(154,'YRMk93ZtXnQlIGxOm4WGwTjUmmX6JC','2021-12-02 17:24:35.680323','read write',1,1,'2021-12-02 07:24:35.680323','2021-12-02 07:24:35.680323',NULL,NULL),(155,'R9m8dI74dlVClpszfckwUAjCOxLLx5','2021-12-05 20:19:58.626832','read write',1,11,'2021-12-05 10:19:58.626832','2021-12-05 10:19:58.626832',NULL,NULL),(156,'bkhefM19T4zvkqsF8XnWotCyGXKh0H','2021-12-06 15:29:16.087329','read write',1,11,'2021-12-06 05:29:16.088327','2021-12-06 05:29:16.088327',NULL,NULL),(157,'4eXQXY1KMl7VriGLbM0JD3rGg7fDiF','2021-12-06 16:49:32.097026','read write',1,1,'2021-12-06 06:49:32.098025','2021-12-06 06:49:32.098025',NULL,NULL),(158,'FBpXobArikIUg8KPdN0RZ9IpydBivv','2021-12-06 17:43:05.596035','read write',1,1,'2021-12-06 07:43:05.597070','2021-12-06 07:43:05.597070',NULL,NULL),(159,'GNIMtbjwz4TXgh4wOxkb09AHrZplaQ','2021-12-06 17:44:14.625087','read write',1,1,'2021-12-06 07:44:14.626084','2021-12-06 07:44:14.626084',NULL,NULL),(160,'9Ai24Q8SZM6Gfk1z3TXWtLceDOdj5q','2021-12-06 17:44:23.339429','read write',1,1,'2021-12-06 07:44:23.340425','2021-12-06 07:44:23.340425',NULL,NULL),(161,'L0U88j0zthyDYLmqC8PszgGF3ZFdXX','2021-12-06 17:44:36.809404','read write',1,1,'2021-12-06 07:44:36.809404','2021-12-06 07:44:36.809404',NULL,NULL),(162,'WPg0prC04Wwy50Hf5CVgA1yxMKjkzn','2021-12-06 17:46:20.858888','read write',1,1,'2021-12-06 07:46:20.858888','2021-12-06 07:46:20.858888',NULL,NULL),(163,'p9o88PuW3dKdlPj1VoVwKK0clyTM9J','2021-12-06 17:48:21.999822','read write',1,11,'2021-12-06 07:48:22.000818','2021-12-06 07:48:22.000818',NULL,NULL),(164,'SyLjTupTmCn9jXJ7X3POfaWLojPl9P','2021-12-06 18:47:18.845164','read write',1,11,'2021-12-06 08:47:18.846162','2021-12-06 08:47:18.846162',NULL,NULL),(165,'LZUN3LZG5yGtUTiK30ait0hJBKi7zd','2021-12-06 18:47:37.190482','read write',1,1,'2021-12-06 08:47:37.190482','2021-12-06 08:47:37.190482',NULL,NULL),(166,'HZRkuisvFd19j0RqKmodQtDCCQjql6','2021-12-06 19:10:46.242749','read write',1,1,'2021-12-06 09:10:46.243745','2021-12-06 09:10:46.243745',NULL,NULL),(167,'tN9g63GoqMZImRggp4n58JoryBhKxZ','2021-12-06 19:23:30.437667','read write',1,1,'2021-12-06 09:23:30.437667','2021-12-06 09:23:30.437667',NULL,NULL),(168,'gwD667wFLB1JOeZ1BwpxvX02V3SjHW','2021-12-06 19:45:55.248651','read write',1,1,'2021-12-06 09:45:55.249650','2021-12-06 09:45:55.249650',NULL,NULL),(169,'Nta9tPibDpRDM9rtC0QcMdE882htch','2021-12-06 21:37:40.517514','read write',1,1,'2021-12-06 11:37:40.517514','2021-12-06 11:37:40.517514',NULL,NULL),(170,'W7K5bZZoI5EWIt6SZKuVAPcw5pcZDB','2021-12-06 21:44:18.929926','read write',1,11,'2021-12-06 11:44:18.929926','2021-12-06 11:44:18.929926',NULL,NULL),(171,'AvrMyUZghMmhmsaTtr5ZcuQnNYBi1x','2021-12-06 21:46:33.295813','read write',1,11,'2021-12-06 11:46:33.295813','2021-12-06 11:46:33.295813',NULL,NULL),(172,'IkADPayRTzO5lnH3U9aIpnteHUi1e8','2021-12-06 21:46:54.656549','read write',1,11,'2021-12-06 11:46:54.656549','2021-12-06 11:46:54.656549',NULL,NULL);
/*!40000 ALTER TABLE `oauth2_provider_accesstoken` ENABLE KEYS */;
UNLOCK TABLES;

--
-- Table structure for table `oauth2_provider_application`
--

DROP TABLE IF EXISTS `oauth2_provider_application`;
/*!40101 SET @saved_cs_client     = @@character_set_client */;
/*!50503 SET character_set_client = utf8mb4 */;
CREATE TABLE `oauth2_provider_application` (
  `id` bigint NOT NULL AUTO_INCREMENT,
  `client_id` varchar(100) CHARACTER SET utf8mb4 COLLATE utf8mb4_unicode_ci NOT NULL,
  `redirect_uris` longtext CHARACTER SET utf8mb4 COLLATE utf8mb4_unicode_ci NOT NULL,
  `client_type` varchar(32) CHARACTER SET utf8mb4 COLLATE utf8mb4_unicode_ci NOT NULL,
  `authorization_grant_type` varchar(32) CHARACTER SET utf8mb4 COLLATE utf8mb4_unicode_ci NOT NULL,
  `client_secret` varchar(255) CHARACTER SET utf8mb4 COLLATE utf8mb4_unicode_ci NOT NULL,
  `name` varchar(255) CHARACTER SET utf8mb4 COLLATE utf8mb4_unicode_ci NOT NULL,
  `user_id` bigint DEFAULT NULL,
  `skip_authorization` tinyint(1) NOT NULL,
  `created` datetime(6) NOT NULL,
  `updated` datetime(6) NOT NULL,
  `algorithm` varchar(5) CHARACTER SET utf8mb4 COLLATE utf8mb4_unicode_ci NOT NULL,
  PRIMARY KEY (`id`),
  UNIQUE KEY `client_id` (`client_id`),
  KEY `oauth2_provider_appl_user_id_79829054_fk_tourbooki` (`user_id`),
  KEY `oauth2_provider_application_client_secret_53133678` (`client_secret`),
  CONSTRAINT `oauth2_provider_appl_user_id_79829054_fk_tourbooki` FOREIGN KEY (`user_id`) REFERENCES `tourbooking_user` (`id`)
) ENGINE=InnoDB AUTO_INCREMENT=2 DEFAULT CHARSET=utf8mb4 COLLATE=utf8mb4_unicode_ci;
/*!40101 SET character_set_client = @saved_cs_client */;

--
-- Dumping data for table `oauth2_provider_application`
--

LOCK TABLES `oauth2_provider_application` WRITE;
/*!40000 ALTER TABLE `oauth2_provider_application` DISABLE KEYS */;
INSERT INTO `oauth2_provider_application` VALUES (1,'MxHPOjOBQkhwj4S4NnIdTsMm0Ge2Utova6ppvN9M','','confidential','password','MIrxJE8X1tJm8pSveIOlUc7nBjvV6eEiY4dEfn0xEoehJqqdeiOxWD77fObpp7Iysp0467AE9S8G0ux5TojPERrUKsH9Y94Cx4r6u21ohmcg6F71dfMEw8SzlQ0Q2j1X','TourBookingApp',1,0,'2021-08-14 13:21:13.627336','2021-08-14 13:21:13.627336','');
/*!40000 ALTER TABLE `oauth2_provider_application` ENABLE KEYS */;
UNLOCK TABLES;

--
-- Table structure for table `oauth2_provider_grant`
--

DROP TABLE IF EXISTS `oauth2_provider_grant`;
/*!40101 SET @saved_cs_client     = @@character_set_client */;
/*!50503 SET character_set_client = utf8mb4 */;
CREATE TABLE `oauth2_provider_grant` (
  `id` bigint NOT NULL AUTO_INCREMENT,
  `code` varchar(255) CHARACTER SET utf8mb4 COLLATE utf8mb4_unicode_ci NOT NULL,
  `expires` datetime(6) NOT NULL,
  `redirect_uri` longtext CHARACTER SET utf8mb4 COLLATE utf8mb4_unicode_ci NOT NULL,
  `scope` longtext CHARACTER SET utf8mb4 COLLATE utf8mb4_unicode_ci NOT NULL,
  `application_id` bigint NOT NULL,
  `user_id` bigint NOT NULL,
  `created` datetime(6) NOT NULL,
  `updated` datetime(6) NOT NULL,
  `code_challenge` varchar(128) CHARACTER SET utf8mb4 COLLATE utf8mb4_unicode_ci NOT NULL,
  `code_challenge_method` varchar(10) CHARACTER SET utf8mb4 COLLATE utf8mb4_unicode_ci NOT NULL,
  `nonce` varchar(255) CHARACTER SET utf8mb4 COLLATE utf8mb4_unicode_ci NOT NULL,
  `claims` longtext CHARACTER SET utf8mb4 COLLATE utf8mb4_unicode_ci NOT NULL DEFAULT (_utf8mb3''),
  PRIMARY KEY (`id`),
  UNIQUE KEY `code` (`code`),
  KEY `oauth2_provider_gran_application_id_81923564_fk_oauth2_pr` (`application_id`),
  KEY `oauth2_provider_grant_user_id_e8f62af8_fk_tourbooking_user_id` (`user_id`),
  CONSTRAINT `oauth2_provider_gran_application_id_81923564_fk_oauth2_pr` FOREIGN KEY (`application_id`) REFERENCES `oauth2_provider_application` (`id`),
  CONSTRAINT `oauth2_provider_grant_user_id_e8f62af8_fk_tourbooking_user_id` FOREIGN KEY (`user_id`) REFERENCES `tourbooking_user` (`id`)
) ENGINE=InnoDB DEFAULT CHARSET=utf8mb4 COLLATE=utf8mb4_unicode_ci;
/*!40101 SET character_set_client = @saved_cs_client */;

--
-- Dumping data for table `oauth2_provider_grant`
--

LOCK TABLES `oauth2_provider_grant` WRITE;
/*!40000 ALTER TABLE `oauth2_provider_grant` DISABLE KEYS */;
/*!40000 ALTER TABLE `oauth2_provider_grant` ENABLE KEYS */;
UNLOCK TABLES;

--
-- Table structure for table `oauth2_provider_idtoken`
--

DROP TABLE IF EXISTS `oauth2_provider_idtoken`;
/*!40101 SET @saved_cs_client     = @@character_set_client */;
/*!50503 SET character_set_client = utf8mb4 */;
CREATE TABLE `oauth2_provider_idtoken` (
  `id` bigint NOT NULL AUTO_INCREMENT,
  `jti` char(32) CHARACTER SET utf8mb4 COLLATE utf8mb4_unicode_ci NOT NULL,
  `expires` datetime(6) NOT NULL,
  `scope` longtext CHARACTER SET utf8mb4 COLLATE utf8mb4_unicode_ci NOT NULL,
  `created` datetime(6) NOT NULL,
  `updated` datetime(6) NOT NULL,
  `application_id` bigint DEFAULT NULL,
  `user_id` bigint DEFAULT NULL,
  PRIMARY KEY (`id`),
  UNIQUE KEY `jti` (`jti`),
  KEY `oauth2_provider_idto_application_id_08c5ff4f_fk_oauth2_pr` (`application_id`),
  KEY `oauth2_provider_idtoken_user_id_dd512b59_fk_tourbooking_user_id` (`user_id`),
  CONSTRAINT `oauth2_provider_idto_application_id_08c5ff4f_fk_oauth2_pr` FOREIGN KEY (`application_id`) REFERENCES `oauth2_provider_application` (`id`),
  CONSTRAINT `oauth2_provider_idtoken_user_id_dd512b59_fk_tourbooking_user_id` FOREIGN KEY (`user_id`) REFERENCES `tourbooking_user` (`id`)
) ENGINE=InnoDB DEFAULT CHARSET=utf8mb4 COLLATE=utf8mb4_unicode_ci;
/*!40101 SET character_set_client = @saved_cs_client */;

--
-- Dumping data for table `oauth2_provider_idtoken`
--

LOCK TABLES `oauth2_provider_idtoken` WRITE;
/*!40000 ALTER TABLE `oauth2_provider_idtoken` DISABLE KEYS */;
/*!40000 ALTER TABLE `oauth2_provider_idtoken` ENABLE KEYS */;
UNLOCK TABLES;

--
-- Table structure for table `oauth2_provider_refreshtoken`
--

DROP TABLE IF EXISTS `oauth2_provider_refreshtoken`;
/*!40101 SET @saved_cs_client     = @@character_set_client */;
/*!50503 SET character_set_client = utf8mb4 */;
CREATE TABLE `oauth2_provider_refreshtoken` (
  `id` bigint NOT NULL AUTO_INCREMENT,
  `token` varchar(255) CHARACTER SET utf8mb4 COLLATE utf8mb4_unicode_ci NOT NULL,
  `access_token_id` bigint DEFAULT NULL,
  `application_id` bigint NOT NULL,
  `user_id` bigint NOT NULL,
  `created` datetime(6) NOT NULL,
  `updated` datetime(6) NOT NULL,
  `revoked` datetime(6) DEFAULT NULL,
  PRIMARY KEY (`id`),
  UNIQUE KEY `access_token_id` (`access_token_id`),
  UNIQUE KEY `oauth2_provider_refreshtoken_token_revoked_af8a5134_uniq` (`token`,`revoked`),
  KEY `oauth2_provider_refr_application_id_2d1c311b_fk_oauth2_pr` (`application_id`),
  KEY `oauth2_provider_refr_user_id_da837fce_fk_tourbooki` (`user_id`),
  CONSTRAINT `oauth2_provider_refr_access_token_id_775e84e8_fk_oauth2_pr` FOREIGN KEY (`access_token_id`) REFERENCES `oauth2_provider_accesstoken` (`id`),
  CONSTRAINT `oauth2_provider_refr_application_id_2d1c311b_fk_oauth2_pr` FOREIGN KEY (`application_id`) REFERENCES `oauth2_provider_application` (`id`),
  CONSTRAINT `oauth2_provider_refr_user_id_da837fce_fk_tourbooki` FOREIGN KEY (`user_id`) REFERENCES `tourbooking_user` (`id`)
) ENGINE=InnoDB AUTO_INCREMENT=173 DEFAULT CHARSET=utf8mb4 COLLATE=utf8mb4_unicode_ci;
/*!40101 SET character_set_client = @saved_cs_client */;

--
-- Dumping data for table `oauth2_provider_refreshtoken`
--

LOCK TABLES `oauth2_provider_refreshtoken` WRITE;
/*!40000 ALTER TABLE `oauth2_provider_refreshtoken` DISABLE KEYS */;
INSERT INTO `oauth2_provider_refreshtoken` VALUES (1,'KoEmcHIeOevtEfqtbLQCWLhDlCghW6',1,1,6,'2021-08-14 15:16:50.887934','2021-08-14 15:16:50.887934',NULL),(2,'3VZ7s46vxtRxm9vVzQFsX51LSQfEW2',2,1,6,'2021-08-14 15:17:09.628195','2021-08-14 15:17:09.628195',NULL),(3,'bQqQljIAKua1BHIY4EQ6lqSTKsQID7',3,1,6,'2021-08-14 15:29:08.135452','2021-08-14 15:29:08.135452',NULL),(4,'uo0J4OFwqqR8PLtbJgg3xA9He2TIMh',4,1,6,'2021-08-14 15:31:17.169119','2021-08-14 15:31:17.169119',NULL),(5,'LCAXXbHIBKsvIgUd2XlPIKdy0hjQbZ',5,1,1,'2021-08-24 14:34:07.030473','2021-08-24 14:34:07.030473',NULL),(6,'DyY2Er4WjXXLeoCUd8BOVaOV1lqlXh',6,1,1,'2021-08-24 14:34:25.146069','2021-08-24 14:34:25.146069',NULL),(7,'70jRqdqcDu6qiz2dEAAScH6RuEJFxr',7,1,9,'2021-08-24 15:23:23.490903','2021-08-24 15:23:23.490903',NULL),(8,'rwPz7Lx33dAUn47MsCwljXULndafUR',8,1,9,'2021-08-24 15:54:54.181491','2021-08-24 15:54:54.181491',NULL),(9,'fwFEaY5y1oqfvP0qmsMJGV4rFr3Mrw',9,1,9,'2021-08-24 16:01:12.714972','2021-08-24 16:01:12.714972',NULL),(10,'mccNR7H5AlbYZQGs6XjwXkuqQ50B3d',10,1,1,'2021-11-11 10:00:28.239151','2021-11-11 10:00:28.239151',NULL),(11,'linX1rWu6oQHliIG5erADgJwDNqLDW',11,1,1,'2021-11-11 10:17:04.882853','2021-11-11 10:17:04.882853',NULL),(12,'qPgSZ3XtG6LCROPyYgKGIxgfstn6Jh',12,1,1,'2021-11-11 10:18:22.433374','2021-11-11 10:18:22.433374',NULL),(13,'pQEhbvDYnPXqx4xXcD8D66lg0MAbqz',13,1,1,'2021-11-11 10:45:04.997503','2021-11-11 10:45:04.997503',NULL),(14,'0T84SdJYHalkkql10n80HXLhhUYocP',14,1,1,'2021-11-11 11:03:04.764633','2021-11-11 11:03:04.764633',NULL),(15,'xToJyZWe2aZz5XI2gxdemKkz6tSrqs',15,1,1,'2021-11-11 11:06:16.197049','2021-11-11 11:06:16.197049',NULL),(16,'QqBc5khaOjp8kzj3wp6xlFEtZPkZa7',16,1,1,'2021-11-11 14:06:57.657766','2021-11-11 14:06:57.657766',NULL),(17,'V8eardedZRK243TdbD5QvGljP2I02U',17,1,1,'2021-11-11 14:16:32.568912','2021-11-11 14:16:32.568912',NULL),(18,'ZKh7NfiM5reCCmp9a7j7gjy9kq1eLZ',18,1,1,'2021-11-11 14:20:40.387407','2021-11-11 14:20:40.387407',NULL),(19,'snh1jhAgSjRiVB6yhrPSlcrtP5P9Uz',19,1,1,'2021-11-11 14:21:03.799206','2021-11-11 14:21:03.799206',NULL),(20,'fWtixUvgkuEor7NybJrtF09mAF8r8w',20,1,1,'2021-11-11 14:25:19.666402','2021-11-11 14:25:19.666402',NULL),(21,'foDE4GRDKePoaCl3p8o35UQQWRDlZn',21,1,1,'2021-11-11 14:27:34.088773','2021-11-11 14:27:34.088773',NULL),(22,'3C2PJy1edyHG3P4gdE8UJSHfkpytak',22,1,1,'2021-11-11 14:31:21.058114','2021-11-11 14:31:21.058114',NULL),(23,'JlpdETvSbPLoAJDdeqj3tdtfiBAk8E',23,1,1,'2021-11-11 14:56:39.667579','2021-11-11 14:56:39.667579',NULL),(24,'yTlXD5Sn927uegVk7sy3KIqXYSm3Zu',24,1,1,'2021-11-11 14:58:35.962231','2021-11-11 14:58:35.962231',NULL),(25,'grbNJCifDkrjebWgROgmYsfyLkJggR',25,1,1,'2021-11-11 15:07:45.052898','2021-11-11 15:07:45.052898',NULL),(26,'CF8BhJhSJSOUDiSfQcFNHSJFi9FTbv',26,1,1,'2021-11-11 15:10:13.989304','2021-11-11 15:10:13.989304',NULL),(27,'JhVP8FNIlSkegrQYMOWM9e4XQz6mzM',27,1,1,'2021-11-11 15:16:20.327372','2021-11-11 15:16:20.327372',NULL),(28,'rgeKYsJaMGT4bmXgHTvaqsyzlz2n8U',28,1,1,'2021-11-11 15:16:46.102742','2021-11-11 15:16:46.102742',NULL),(29,'WKFG4hlxYp9RqipbxG3xDvIrUlVqIv',29,1,1,'2021-11-11 15:17:10.116627','2021-11-11 15:17:10.116627',NULL),(30,'XG2HHb3fNtnkUCS5lpmjQ2YgVbu3nJ',30,1,1,'2021-11-11 15:17:13.358967','2021-11-11 15:17:13.358967',NULL),(31,'DkDgFjorDAFE3Oj9y3csoWZ7TTXlcM',31,1,1,'2021-11-11 15:17:15.282829','2021-11-11 15:17:15.282829',NULL),(32,'6F05p2LvO21X3tgSKqOrh6Eqahe5En',32,1,1,'2021-11-11 15:17:15.485728','2021-11-11 15:17:15.485728',NULL),(33,'fpTJIAKY9bdSBS4l9yI3BWKwgBYVan',33,1,1,'2021-11-11 15:17:24.489359','2021-11-11 15:17:24.489359',NULL),(34,'8LmQL8SjqEtkGarulLbGhWsiD5wNwW',34,1,1,'2021-11-11 15:18:04.349804','2021-11-11 15:18:04.349804',NULL),(35,'cSP2JCkkzfkGqdXYvAhkYHzPXvUusv',35,1,1,'2021-11-11 15:18:55.366150','2021-11-11 15:18:55.366150',NULL),(36,'l4FavLNnAwbuG2TZeogcq038Pyzzjf',36,1,1,'2021-11-11 15:22:59.851374','2021-11-11 15:22:59.851374',NULL),(37,'kNXvlXJWn4C9BkPdvpifMvBJNFRaBe',37,1,1,'2021-11-11 15:23:16.800769','2021-11-11 15:23:16.800769',NULL),(38,'LPkRewTQVfN9Lc9zEOBTJkRXjV5ahA',38,1,1,'2021-11-11 15:29:24.822750','2021-11-11 15:29:24.822750',NULL),(39,'ztXbHdPup9CZet0GpmMMo8tPj5OUrq',39,1,1,'2021-11-11 15:35:15.780729','2021-11-11 15:35:15.780729',NULL),(40,'oaxND27CN4gNWxgLp7JCa20cW9eWjz',40,1,11,'2021-11-11 18:42:48.394047','2021-11-11 18:42:48.394047',NULL),(41,'w9qnw1ws1IeeKvHlApmDuzoa7RVHGA',41,1,11,'2021-11-11 18:53:04.005054','2021-11-11 18:53:04.005054',NULL),(42,'ZdUZB8vzwyxyz0fDrMUPamytFOjeRt',42,1,1,'2021-11-11 18:54:09.780636','2021-11-11 18:54:09.780636',NULL),(43,'HBCsfbsPQTyAjAlQd7QnZoUvkJ3BWI',43,1,11,'2021-11-11 18:59:38.081006','2021-11-11 18:59:38.081006',NULL),(44,'FczfGWQwTdilgYbemOOSPJV5Qd9JPg',44,1,11,'2021-11-11 18:59:44.765565','2021-11-11 18:59:44.765565',NULL),(45,'ALTZmUmmVDaAXOKZ1royXeh5TxzlAp',45,1,11,'2021-11-11 18:59:47.505153','2021-11-11 18:59:47.505153',NULL),(46,'PhzB39a1lEjNa8jsih67s6VTAZ0m5l',46,1,11,'2021-11-11 18:59:56.559549','2021-11-11 18:59:56.559549',NULL),(47,'zmEDuUcIK4TmnHNAUYekN3VozxDCT2',47,1,1,'2021-11-11 19:01:23.064785','2021-11-11 19:01:23.064785',NULL),(48,'zSlIyiJIsIdANLtPi2ZPN4NJrNcUqY',48,1,1,'2021-11-11 19:06:51.367047','2021-11-11 19:06:51.367047',NULL),(49,'Lmw48ho2FLNYwc4jl9U6FzGAPDHSbm',49,1,1,'2021-11-11 19:10:13.058310','2021-11-11 19:10:13.058310',NULL),(50,'hR3H3Gl2DCzQ1og5pdSwdugFuglUB8',50,1,1,'2021-11-11 19:10:38.739676','2021-11-11 19:10:38.739676',NULL),(51,'Bb8uAFXVkeLhgIr7uq0kOU8RVCkWTH',51,1,1,'2021-11-11 19:12:40.328215','2021-11-11 19:12:40.328215',NULL),(52,'JlieltxLD064EaPYkfKqNHECcQIy4w',52,1,1,'2021-11-11 19:14:49.085026','2021-11-11 19:14:49.085026',NULL),(53,'eDhPrTHHXZ7IPdIWAeMnPM0SbfNufx',53,1,1,'2021-11-11 19:16:44.180802','2021-11-11 19:16:44.180802',NULL),(54,'bn5HRNniKcMuJxgSFQwiseMuOEJwbb',54,1,11,'2021-11-11 19:18:24.740549','2021-11-11 19:18:24.740549',NULL),(55,'HvrZ5rypkwm3wVjmOydCLWefzZAARL',55,1,11,'2021-11-11 19:19:31.245579','2021-11-11 19:19:31.245579',NULL),(56,'3BO5jLL4oY4ai4nXKKjfK6jpQf7r6L',56,1,11,'2021-11-11 19:22:46.715692','2021-11-11 19:22:46.715692',NULL),(57,'pGT9WtKfjuOsfMlPaYsBSlre2yW6hF',57,1,1,'2021-11-11 19:23:08.141569','2021-11-11 19:23:08.141569',NULL),(58,'yuN2dEaiVaT7VAzECEXTLfpOLhiG8b',58,1,1,'2021-11-11 19:32:53.056578','2021-11-11 19:32:53.056578',NULL),(59,'VYMRVTx3iY5x8SdC3cqhmDccguPGw0',59,1,11,'2021-11-11 19:33:39.748849','2021-11-11 19:33:39.748849',NULL),(60,'WEwhDMaVjWpVe8RxCK9JM3owtITHg8',60,1,11,'2021-11-11 19:34:00.265058','2021-11-11 19:34:00.265058',NULL),(61,'0CB8jnfGjaoSlbcm2em7B2bGBfcfEA',61,1,11,'2021-11-11 19:38:07.632130','2021-11-11 19:38:07.632130',NULL),(62,'8eP6QOzgAPWiQuljMXvxrsLFTWfNK8',62,1,1,'2021-11-11 19:49:37.104743','2021-11-11 19:49:37.104743',NULL),(63,'NiiuXVIG5QqMZrLPsoj3Q0D7RrCVgs',63,1,1,'2021-11-11 20:13:34.264434','2021-11-11 20:13:34.264434',NULL),(64,'b9xbASHyAkFjqYErA7cx1CFtrbNtxa',64,1,1,'2021-11-12 05:43:33.292483','2021-11-12 05:43:33.292483',NULL),(65,'j79BLadjMFukLZDqJ3RcTMDoFSDXPc',65,1,11,'2021-11-12 05:49:21.460951','2021-11-12 05:49:21.460951',NULL),(66,'tB13YAlL0VnvPZFcWI2KIsYxpUrRcQ',66,1,1,'2021-11-12 07:09:19.779564','2021-11-12 07:09:19.779564',NULL),(67,'VaCd9RFTe82NZu3bYu0FdytBKLtA8K',67,1,1,'2021-11-12 07:38:57.212586','2021-11-12 07:38:57.212586',NULL),(68,'eL0Y3seFYGkAEzDZSq6d4iDx1xta8Q',68,1,11,'2021-11-12 09:05:29.523801','2021-11-12 09:05:29.523801',NULL),(69,'ewPc0qIkrP1Q7IJT4151C71xo7wbJR',69,1,11,'2021-11-12 09:05:53.000908','2021-11-12 09:05:53.000908',NULL),(70,'oRTLdTgfAtHOYdScNgErsdJY6vkk0C',70,1,1,'2021-11-12 09:06:28.008453','2021-11-12 09:06:28.008453',NULL),(71,'IMxV7s8NLq5AAIaDYW5WvJ6K9PuJLW',71,1,1,'2021-11-12 09:08:07.959267','2021-11-12 09:08:07.959267',NULL),(72,'ZhoV3glzHr3v1SibDkqPDZfB0WcxBt',72,1,11,'2021-11-12 13:55:24.687582','2021-11-12 13:55:24.687582',NULL),(73,'yDDdhN3MUq07OQ4IF6kIngAeaUIn03',73,1,11,'2021-11-12 14:16:40.753596','2021-11-12 14:16:40.753596',NULL),(74,'18AwRhMI12xbOoXIvgxVyejGgR1MfW',74,1,11,'2021-11-12 15:11:50.191805','2021-11-12 15:11:50.191805',NULL),(75,'iKK7RI6rhTemXbFyuFl8M03siIQq61',75,1,11,'2021-11-12 15:12:42.223037','2021-11-12 15:12:42.223037',NULL),(76,'kWjN4hYjwbmivZXNeKtJMvvvq39bBJ',76,1,11,'2021-11-12 15:13:59.345470','2021-11-12 15:13:59.345470',NULL),(77,'47va1cht5CLZd04zFx9GvCLVur9rmJ',77,1,11,'2021-11-12 15:15:02.755469','2021-11-12 15:15:02.755469',NULL),(78,'VMyQl7N80GMgdvqK4IYyp67RwoVnzD',78,1,11,'2021-11-12 15:15:28.117974','2021-11-12 15:15:28.117974',NULL),(79,'rcsJvmyTIfrnU5U89qx0iNSpsUYDkU',79,1,11,'2021-11-12 15:16:32.714165','2021-11-12 15:16:32.714165',NULL),(80,'BTxwfyjIkqqWJiyPqC9banrQQPYN5b',80,1,11,'2021-11-12 15:24:46.321964','2021-11-12 15:24:46.321964',NULL),(81,'lCwlKLDmzpFmdsRMmnUxp3kJ7Zgcyi',81,1,11,'2021-11-12 15:25:52.305174','2021-11-12 15:25:52.305174',NULL),(82,'oBvDkt29CPP9kTkHjY7nO7qkJJS4Za',82,1,11,'2021-11-12 15:26:22.346937','2021-11-12 15:26:22.346937',NULL),(83,'SpGoBmGhCjSadMtKPJWKNg3w2MH4JJ',83,1,11,'2021-11-12 15:30:37.948485','2021-11-12 15:30:37.948485',NULL),(84,'EWzFCarIH1u74L1mriHaqZmsalShi6',84,1,11,'2021-11-12 15:32:13.456766','2021-11-12 15:32:13.456766',NULL),(85,'1l4pvDPdrssicsQvvGsElEpdqFFSue',85,1,11,'2021-11-12 15:32:44.841483','2021-11-12 15:32:44.841483',NULL),(86,'1Fb2arR7KvLHn5ziAREeoFCyYmFK3K',86,1,11,'2021-11-12 15:33:58.532481','2021-11-12 15:33:58.532481',NULL),(87,'v6HbwycYqLZzpXc3MTkucUf3UGB1TK',87,1,11,'2021-11-12 15:34:39.853783','2021-11-12 15:34:39.853783',NULL),(88,'PtnyTedZIvFzgmdclcgSqwuvBdo0Jg',88,1,11,'2021-11-12 15:35:55.003135','2021-11-12 15:35:55.003135',NULL),(89,'YvB52wJ4r8nT30aitnsKhDzbydhtsy',89,1,11,'2021-11-12 15:38:24.507749','2021-11-12 15:38:24.507749',NULL),(90,'K7gzxLIDFXR8aQX5Nk8PIaXDzmZ4l4',90,1,11,'2021-11-12 15:38:51.118393','2021-11-12 15:38:51.118393',NULL),(91,'3ZYnwi620iIQMcaHM40uOQ8J14owdZ',91,1,11,'2021-11-13 06:34:16.361456','2021-11-13 06:34:16.361456',NULL),(92,'g6M9Jzg06L8ae1q8FXe9CAMjGRJDNu',92,1,11,'2021-11-13 06:36:06.124796','2021-11-13 06:36:06.124796',NULL),(93,'zq6S2d2oiwdg2izMjKWQs3gc78rvEs',93,1,11,'2021-11-13 06:43:44.302858','2021-11-13 06:43:44.302858',NULL),(94,'eGN3agly5rEEDxmfBBAUrXfx4fomFB',94,1,11,'2021-11-13 07:25:02.622421','2021-11-13 07:25:02.622421',NULL),(95,'193L82RjAOL8Q6L2x5lPglj2DHDnwd',95,1,11,'2021-11-13 07:32:10.571689','2021-11-13 07:32:10.571689',NULL),(96,'JsduEIVz0AgetHE6vO5uoDMNzvA6Gj',96,1,11,'2021-11-13 07:41:52.141221','2021-11-13 07:41:52.141221',NULL),(97,'imv7sAlTBObh7Azbm94vLC6AqvuqrY',97,1,11,'2021-11-13 09:00:55.804402','2021-11-13 09:00:55.804402',NULL),(98,'NMhwoOYtlUfdKGwJsIS1fP7cJr3JqP',98,1,11,'2021-11-13 09:25:47.037100','2021-11-13 09:25:47.037100',NULL),(99,'M6DjpUFfz7w0yy9dFldPytozRjSjNQ',99,1,11,'2021-11-13 09:28:22.203648','2021-11-13 09:28:22.203648',NULL),(100,'DKJH7L0ihFWhTqOMKXPHMlwaiDehbj',100,1,11,'2021-11-13 10:01:44.362846','2021-11-13 10:01:44.362846',NULL),(101,'rZ5kOmxTpUVRXG9vfKI5DNiaQsUiK9',101,1,11,'2021-11-13 10:02:17.831216','2021-11-13 10:02:17.831216',NULL),(102,'Ep7g6zwcA2mKCeRtufC1mBNDOtYxKt',102,1,11,'2021-11-13 10:02:51.420582','2021-11-13 10:02:51.421579',NULL),(103,'5NU5dKYbvg0TyGG0WzSQhtJu3V16CS',103,1,11,'2021-11-13 14:28:24.773159','2021-11-13 14:28:24.773159',NULL),(104,'4d6MoWQH8zf4K4lXnZQlGUTGWd1GdC',104,1,11,'2021-11-13 14:45:27.070535','2021-11-13 14:45:27.070535',NULL),(105,'DzE9fZtDSStxhHuxZgRRlfLu1fFNmw',105,1,11,'2021-11-13 15:50:17.528014','2021-11-13 15:50:17.528014',NULL),(106,'IOd9acR96j6JAi4iNmnk5UqisAcUfD',106,1,11,'2021-11-14 07:12:56.141447','2021-11-14 07:12:56.141447',NULL),(107,'M4JwJHozEz0S0KMYweTarkmGD0lCF9',107,1,11,'2021-11-14 09:46:49.389515','2021-11-14 09:46:49.389515',NULL),(108,'DiVf86O2aK9VibArxKgiQjyg4EWAd6',108,1,11,'2021-11-14 09:47:58.418127','2021-11-14 09:47:58.418127',NULL),(109,'HXHnGxwLLAV0RRUYyGdF13OPvFd725',109,1,1,'2021-11-14 10:28:29.899220','2021-11-14 10:28:29.899220',NULL),(110,'Giuf2fHPRYB9nLVd3e5uDY49L6wzoI',110,1,11,'2021-11-14 10:42:24.082201','2021-11-14 10:42:24.082201',NULL),(111,'9s7xl9bZOkZb0Rwv3FLzJlaNMGMeBs',111,1,11,'2021-11-14 11:06:54.026445','2021-11-14 11:06:54.026445',NULL),(112,'800Aeusng6s1KyusefHyuOvpoFo8G3',112,1,1,'2021-11-14 11:07:13.643463','2021-11-14 11:07:13.643463',NULL),(113,'QKWziYZjWASeIn2r82d79hiyPFrJgf',113,1,1,'2021-11-14 11:09:05.740986','2021-11-14 11:09:05.740986',NULL),(114,'J3E9LOWVVt0KGPk4moYB7lGoJufrtq',114,1,1,'2021-11-14 12:06:47.344987','2021-11-14 12:06:47.344987',NULL),(115,'1QKjLKAEJwsws0s6O9ryHJXQWjIvEN',115,1,11,'2021-11-15 07:06:26.378434','2021-11-15 07:06:26.378434',NULL),(116,'OtYVaDnQxdX2lTKV9rh0btiWeqtXTz',116,1,1,'2021-11-24 08:26:52.873784','2021-11-24 08:26:52.873784',NULL),(117,'AImPA0gWGvQf8nX5bTf2qPI0rXwS0Z',117,1,11,'2021-11-24 10:53:51.453237','2021-11-24 10:53:51.453237',NULL),(118,'DCNvKFUsoJ44S5tSPeOQ15mIuHxNFM',118,1,11,'2021-11-24 12:23:58.829419','2021-11-24 12:23:58.829419',NULL),(119,'h4mXGytFc5sZxHZDWCMXzqLxCAHjVD',119,1,11,'2021-11-24 12:32:16.330536','2021-11-24 12:32:16.330536',NULL),(120,'mY9ZF0XNoE1HYDZDiRFWzSI1pLHN9w',120,1,1,'2021-11-24 12:49:32.393913','2021-11-24 12:49:32.393913',NULL),(121,'LuuwDVfCZE3rOVc6j46cNCNO0FOYDd',121,1,1,'2021-11-24 12:50:39.906250','2021-11-24 12:50:39.906250',NULL),(122,'sL35n5rDVWfIREvA5ZY1yWc3LrKiIi',122,1,1,'2021-11-24 12:52:11.221299','2021-11-24 12:52:11.221299',NULL),(123,'ExCBvGJAbWUPirMU88LWRhmnIJEB6x',123,1,11,'2021-11-24 13:03:32.033861','2021-11-24 13:03:32.033861',NULL),(124,'kJEjphPvZpAtoxZxtXBQo4UGGY5xc5',124,1,11,'2021-11-24 13:29:42.576590','2021-11-24 13:29:42.576590',NULL),(125,'Do7vzqs2FtRQVAV4hetWB2NOJxnH17',125,1,11,'2021-11-24 13:37:16.310492','2021-11-24 13:37:16.310492',NULL),(126,'tkK6ZYYmXChn25sG6Ydu60R3u1HiSh',126,1,1,'2021-11-24 13:38:08.649219','2021-11-24 13:38:08.649219',NULL),(127,'LJhzGAvlOzTjCLhlAcaLShoDWJMyAk',127,1,11,'2021-11-24 14:50:51.185548','2021-11-24 14:50:51.185548',NULL),(128,'LxXlugAn7cuq78J7ie5FbGifB6e3Ku',128,1,11,'2021-11-25 02:03:10.273654','2021-11-25 02:03:10.273654',NULL),(129,'LwPiq3RNsyphb8dUCzQq1dddtk6cJA',129,1,1,'2021-11-25 02:03:49.713102','2021-11-25 02:03:49.713102',NULL),(130,'tJpAhCKPi1AItyxMipCY5QIhNT3M2g',130,1,1,'2021-11-25 02:17:09.089317','2021-11-25 02:17:09.089317',NULL),(131,'mg4kN3rHUgIjdgtTqUxlxJldTaUsOu',131,1,11,'2021-11-25 02:17:32.342354','2021-11-25 02:17:32.342354',NULL),(132,'Eg3IBcH8jmw5PhUMliTltnnOKvsAdE',132,1,1,'2021-11-25 02:29:17.902676','2021-11-25 02:29:17.902676',NULL),(133,'yOftDlLhnTR9yNwztxhF0ZxsRQDZzY',133,1,11,'2021-11-25 02:43:05.433833','2021-11-25 02:43:05.433833',NULL),(134,'m3cZNNNbxE1fPpugAyRf8C9M9CgTyC',134,1,11,'2021-11-25 02:43:58.345775','2021-11-25 02:43:58.345775',NULL),(135,'sZcpECqe1RfUlL0DhRRlEWiHYqMhnM',135,1,13,'2021-11-26 08:17:00.630859','2021-11-26 08:17:00.630859',NULL),(136,'rhpvP5XZBWcxKgPGmar0qO8ax7foPb',136,1,11,'2021-11-26 08:18:32.499548','2021-11-26 08:18:32.499548',NULL),(137,'m9XrMqorYlr0pVvW8z6m18RvoiBcNX',137,1,1,'2021-11-26 08:20:27.182614','2021-11-26 08:20:27.182614',NULL),(138,'sdPOENoqwllDrfc0B2XcyaNvl3JZZC',138,1,11,'2021-11-26 11:58:09.409406','2021-11-26 11:58:09.409406',NULL),(139,'sYWYeWnhJoyxQNV4Ek59lYeljEjoDt',139,1,11,'2021-11-26 12:42:09.041162','2021-11-26 12:42:09.041162',NULL),(140,'dwMsaVwiZwEKJiM8xRVfJ5bWE3MpQe',140,1,11,'2021-11-26 12:48:21.360984','2021-11-26 12:48:21.360984',NULL),(141,'JTrxXnd9rKj6yJ4ipjrdyGFDVYUftQ',141,1,11,'2021-11-26 12:52:28.796722','2021-11-26 12:52:28.796722',NULL),(142,'OBch3zv7wMYSRNGclOvONcoVejajdn',142,1,1,'2021-11-29 12:49:57.431000','2021-11-29 12:49:57.431000',NULL),(143,'Wz5XHWKhc57EriZrO639PhWctGIbgp',143,1,1,'2021-11-29 12:51:46.671377','2021-11-29 12:51:46.671377',NULL),(144,'sYSAdur3TEvzOj6NMn4VsNlYuLEX9O',144,1,1,'2021-11-30 10:04:30.002014','2021-11-30 10:04:30.002014',NULL),(145,'ZEmLQKj63RCwsAkgpQYpWgNZWfZM8d',145,1,11,'2021-11-30 10:23:51.911269','2021-11-30 10:23:51.911269',NULL),(146,'WGBxl2lnDayFDLJN8hBX5jR6lF3rWF',146,1,11,'2021-12-01 06:40:42.904054','2021-12-01 06:40:42.904054',NULL),(147,'EVUdLdh13QgXDC4TFpFPaFRrZ5VWFa',147,1,11,'2021-12-01 06:58:54.523886','2021-12-01 06:58:54.523886',NULL),(148,'4UtDvYxCL2blayNNJGi1Ja7zqt3JRv',148,1,1,'2021-12-01 09:03:16.360731','2021-12-01 09:03:16.360731',NULL),(149,'KAKi8X5dUKxfdZyPYYUqmVojiHjgRl',149,1,13,'2021-12-01 09:49:49.385436','2021-12-01 09:49:49.385436',NULL),(150,'xkQE32TX0QAE9UZ1YKICJc7FCSfHBu',150,1,11,'2021-12-01 10:18:19.592355','2021-12-01 10:18:19.592355',NULL),(151,'WJ4noOoDgM7FaGIa6R9kJTS7d2RMqR',151,1,13,'2021-12-01 10:28:00.814636','2021-12-01 10:28:00.814636',NULL),(152,'Y9dobRDZ6zTpupYB7p7p3EuHcAADOd',152,1,11,'2021-12-01 10:29:27.670977','2021-12-01 10:29:27.670977',NULL),(153,'Ry6kKw99uPI8cicXR8Msa98RaR2Lvs',153,1,11,'2021-12-01 11:39:33.869430','2021-12-01 11:39:33.869430',NULL),(154,'Dv56U3evwsTs6zIWzFB28Mj3TUuwNN',154,1,1,'2021-12-02 07:24:35.716426','2021-12-02 07:24:35.716426',NULL),(155,'cd5zOwo22YlVe67XkB2BT3jsRD3NkL',155,1,11,'2021-12-05 10:19:58.642453','2021-12-05 10:19:58.642453',NULL),(156,'chlsC3EDdB8iGISHuHMhRfLWnhLVqA',156,1,11,'2021-12-06 05:29:16.103176','2021-12-06 05:29:16.103176',NULL),(157,'CcINQcQOo1oy9vKYWNMcBmsGmsg5Mj',157,1,1,'2021-12-06 06:49:32.102016','2021-12-06 06:49:32.102016',NULL),(158,'UB0nqUwRXkmfdLNhmZq52J3pqvJQkj',158,1,1,'2021-12-06 07:43:05.599975','2021-12-06 07:43:05.599975',NULL),(159,'cr0O9i6W3xdqAHVCIluuOe1fjF1Zyd',159,1,1,'2021-12-06 07:44:14.628863','2021-12-06 07:44:14.628863',NULL),(160,'ASNj6lwmfv8fV3vEydAZXeRNnmrsvA',160,1,1,'2021-12-06 07:44:23.343409','2021-12-06 07:44:23.343409',NULL),(161,'ZXzimXR0VYLtCjPrZJXjYubR6Lzdiy',161,1,1,'2021-12-06 07:44:36.811565','2021-12-06 07:44:36.811565',NULL),(162,'ANpFpKdwCVLkkZZVBcEQ8jlC0wpLwb',162,1,1,'2021-12-06 07:46:20.865870','2021-12-06 07:46:20.865870',NULL),(163,'WLiQwtA3UnBDTnLObNKETTfGn8K0YB',163,1,11,'2021-12-06 07:48:22.001816','2021-12-06 07:48:22.001816',NULL),(164,'ha1SLoYtp7zdtUdihF8pUHKTUztYeX',164,1,11,'2021-12-06 08:47:18.850150','2021-12-06 08:47:18.850150',NULL),(165,'ggarolBeaB9gA5TuUZTy3myI53b0Gw',165,1,1,'2021-12-06 08:47:37.193473','2021-12-06 08:47:37.193473',NULL),(166,'hj6I5Gz2xPEVdZazWiaW9Qudgyh2M3',166,1,1,'2021-12-06 09:10:46.247511','2021-12-06 09:10:46.247511',NULL),(167,'7kjjL5cVQihk8wAFKIUOwa65U1PlwB',167,1,1,'2021-12-06 09:23:30.440659','2021-12-06 09:23:30.440659',NULL),(168,'idm6vWxsdAVAlht66rnZeVUdQfEEF6',168,1,1,'2021-12-06 09:45:55.252641','2021-12-06 09:45:55.252641',NULL),(169,'qvufeyaOzSaAdmuUgaSijK0uUoDIb6',169,1,1,'2021-12-06 11:37:40.522502','2021-12-06 11:37:40.522502',NULL),(170,'1Wx2Da45THL6Rae9ukl3BHzOPEQooR',170,1,11,'2021-12-06 11:44:18.929926','2021-12-06 11:44:18.929926',NULL),(171,'TylM2G8BGxXAlto7cbWVyDMJZO8Srq',171,1,11,'2021-12-06 11:46:33.297807','2021-12-06 11:46:33.297807',NULL),(172,'hMRfMgiCw7I9ULe4VjVOKwFL9XwzGc',172,1,11,'2021-12-06 11:46:54.656549','2021-12-06 11:46:54.656549',NULL);
/*!40000 ALTER TABLE `oauth2_provider_refreshtoken` ENABLE KEYS */;
UNLOCK TABLES;

--
-- Table structure for table `tourbooking_categorytour`
--

DROP TABLE IF EXISTS `tourbooking_categorytour`;
/*!40101 SET @saved_cs_client     = @@character_set_client */;
/*!50503 SET character_set_client = utf8mb4 */;
CREATE TABLE `tourbooking_categorytour` (
  `id` bigint NOT NULL AUTO_INCREMENT,
  `name` varchar(100) CHARACTER SET utf8mb4 COLLATE utf8mb4_unicode_ci NOT NULL,
  PRIMARY KEY (`id`)
) ENGINE=InnoDB AUTO_INCREMENT=3 DEFAULT CHARSET=utf8mb4 COLLATE=utf8mb4_unicode_ci;
/*!40101 SET character_set_client = @saved_cs_client */;

--
-- Dumping data for table `tourbooking_categorytour`
--

LOCK TABLES `tourbooking_categorytour` WRITE;
/*!40000 ALTER TABLE `tourbooking_categorytour` DISABLE KEYS */;
INSERT INTO `tourbooking_categorytour` VALUES (1,'Du lịch trong nước'),(2,'Tour nước ngoài');
/*!40000 ALTER TABLE `tourbooking_categorytour` ENABLE KEYS */;
UNLOCK TABLES;

--
-- Table structure for table `tourbooking_comment`
--

DROP TABLE IF EXISTS `tourbooking_comment`;
/*!40101 SET @saved_cs_client     = @@character_set_client */;
/*!50503 SET character_set_client = utf8mb4 */;
CREATE TABLE `tourbooking_comment` (
  `id` bigint NOT NULL AUTO_INCREMENT,
  `content` longtext CHARACTER SET utf8mb4 COLLATE utf8mb4_unicode_ci,
  `date_add` datetime(6) NOT NULL,
  `date_update` datetime(6) NOT NULL,
  `news_id` bigint DEFAULT NULL,
  `user_id` bigint DEFAULT NULL,
  PRIMARY KEY (`id`),
  KEY `tourbooking_comment_news_id_2095f182_fk_tourbooking_news_id` (`news_id`),
  KEY `tourbooking_comment_user_id_0a942c0c_fk_tourbooking_user_id` (`user_id`),
  CONSTRAINT `tourbooking_comment_news_id_2095f182_fk_tourbooking_news_id` FOREIGN KEY (`news_id`) REFERENCES `tourbooking_news` (`id`),
  CONSTRAINT `tourbooking_comment_user_id_0a942c0c_fk_tourbooking_user_id` FOREIGN KEY (`user_id`) REFERENCES `tourbooking_user` (`id`)
) ENGINE=InnoDB AUTO_INCREMENT=11 DEFAULT CHARSET=utf8mb4 COLLATE=utf8mb4_unicode_ci;
/*!40101 SET character_set_client = @saved_cs_client */;

--
-- Dumping data for table `tourbooking_comment`
--

LOCK TABLES `tourbooking_comment` WRITE;
/*!40000 ALTER TABLE `tourbooking_comment` DISABLE KEYS */;
INSERT INTO `tourbooking_comment` VALUES (3,'Bài viết rất hay','2021-12-06 00:00:00.000000','2021-12-06 00:00:00.000000',1,4),(4,'bài viết xuất sắc','2021-12-06 00:00:00.000000','2021-12-06 00:00:00.000000',1,5),(5,'Cho hỏi mình đặt vé du lịch ở đâu ạ ?','2021-12-06 00:00:00.000000','2021-12-06 00:00:00.000000',3,9),(10,'tuyệt vời','2021-12-06 11:36:15.526212','2021-12-06 11:36:15.526212',2,1);
/*!40000 ALTER TABLE `tourbooking_comment` ENABLE KEYS */;
UNLOCK TABLES;

--
-- Table structure for table `tourbooking_like`
--

DROP TABLE IF EXISTS `tourbooking_like`;
/*!40101 SET @saved_cs_client     = @@character_set_client */;
/*!50503 SET character_set_client = utf8mb4 */;
CREATE TABLE `tourbooking_like` (
  `id` bigint NOT NULL AUTO_INCREMENT,
  `news_id` bigint NOT NULL,
  `user_id` bigint NOT NULL,
  PRIMARY KEY (`id`),
  UNIQUE KEY `tourbooking_like_user_id_news_id_e6b853fd_uniq` (`user_id`,`news_id`),
  KEY `tourbooking_like_news_id_af9b877b_fk_tourbooking_news_id` (`news_id`),
  KEY `tourbooking_like_user_id_723c9750` (`user_id`),
  CONSTRAINT `tourbooking_like_news_id_af9b877b_fk_tourbooking_news_id` FOREIGN KEY (`news_id`) REFERENCES `tourbooking_news` (`id`),
  CONSTRAINT `tourbooking_like_user_id_723c9750_fk_tourbooking_user_id` FOREIGN KEY (`user_id`) REFERENCES `tourbooking_user` (`id`)
) ENGINE=InnoDB AUTO_INCREMENT=27 DEFAULT CHARSET=utf8mb4 COLLATE=utf8mb4_unicode_ci;
/*!40101 SET character_set_client = @saved_cs_client */;

--
-- Dumping data for table `tourbooking_like`
--

LOCK TABLES `tourbooking_like` WRITE;
/*!40000 ALTER TABLE `tourbooking_like` DISABLE KEYS */;
INSERT INTO `tourbooking_like` VALUES (24,1,1),(25,2,1),(7,3,1),(17,4,1),(1,2,3),(3,1,11),(5,2,11),(4,3,11);
/*!40000 ALTER TABLE `tourbooking_like` ENABLE KEYS */;
UNLOCK TABLES;

--
-- Table structure for table `tourbooking_location`
--

DROP TABLE IF EXISTS `tourbooking_location`;
/*!40101 SET @saved_cs_client     = @@character_set_client */;
/*!50503 SET character_set_client = utf8mb4 */;
CREATE TABLE `tourbooking_location` (
  `id` bigint NOT NULL AUTO_INCREMENT,
  `name` varchar(100) CHARACTER SET utf8mb4 COLLATE utf8mb4_unicode_ci NOT NULL,
  PRIMARY KEY (`id`)
) ENGINE=InnoDB AUTO_INCREMENT=17 DEFAULT CHARSET=utf8mb4 COLLATE=utf8mb4_unicode_ci;
/*!40101 SET character_set_client = @saved_cs_client */;

--
-- Dumping data for table `tourbooking_location`
--

LOCK TABLES `tourbooking_location` WRITE;
/*!40000 ALTER TABLE `tourbooking_location` DISABLE KEYS */;
INSERT INTO `tourbooking_location` VALUES (1,'Buôn Mê Thuột'),(2,'Hồ Chí Minh'),(3,'Hà Nội'),(6,'Bali'),(7,'Campuchia'),(8,'Mỹ'),(9,'Quảng Ninh'),(10,'Mỹ Tho'),(11,'Cà Mau'),(12,'Dubai'),(13,'Thái Lan'),(14,'Vũng Tàu'),(15,'Tây Ninh'),(16,'Hải Phòng');
/*!40000 ALTER TABLE `tourbooking_location` ENABLE KEYS */;
UNLOCK TABLES;

--
-- Table structure for table `tourbooking_news`
--

DROP TABLE IF EXISTS `tourbooking_news`;
/*!40101 SET @saved_cs_client     = @@character_set_client */;
/*!50503 SET character_set_client = utf8mb4 */;
CREATE TABLE `tourbooking_news` (
  `id` bigint NOT NULL AUTO_INCREMENT,
  `name` varchar(100) CHARACTER SET utf8mb4 COLLATE utf8mb4_unicode_ci NOT NULL,
  `views` int NOT NULL,
  `status` tinyint(1) NOT NULL,
  `content` longtext CHARACTER SET utf8mb4 COLLATE utf8mb4_unicode_ci NOT NULL,
  `date_add` date NOT NULL,
  `date_update` date NOT NULL,
  `image` varchar(100) CHARACTER SET utf8mb4 COLLATE utf8mb4_unicode_ci NOT NULL,
  `user_id` bigint DEFAULT NULL,
  `overview` longtext COLLATE utf8mb4_unicode_ci NOT NULL DEFAULT (_utf8mb3'News overview'),
  PRIMARY KEY (`id`),
  KEY `tourbooking_news_user_id_2796b030_fk_tourbooking_user_id` (`user_id`),
  CONSTRAINT `tourbooking_news_user_id_2796b030_fk_tourbooking_user_id` FOREIGN KEY (`user_id`) REFERENCES `tourbooking_user` (`id`)
) ENGINE=InnoDB AUTO_INCREMENT=6 DEFAULT CHARSET=utf8mb4 COLLATE=utf8mb4_unicode_ci;
/*!40101 SET character_set_client = @saved_cs_client */;

--
-- Dumping data for table `tourbooking_news`
--

LOCK TABLES `tourbooking_news` WRITE;
/*!40000 ALTER TABLE `tourbooking_news` DISABLE KEYS */;
INSERT INTO `tourbooking_news` VALUES (1,'[MỚI] Trọn bộ kinh nghiệm du lịch Quy Nhơn tháng 6',0,1,'<p>Quy Nhơn được mệnh danh l&agrave; một trong những th&agrave;nh phố biển đẹp nhất Việt Nam với những b&atilde;i biển cong quyến rũ. Thời điểm đến Quy Nhơn đẹp nhất ch&iacute;nh l&agrave; v&agrave;o m&ugrave;a h&egrave; với những tia nắng v&agrave;ng rực rỡ c&ugrave;ng l&agrave;n nước biển xanh biếc. Nếu bạn đang c&oacute; dự định đi&nbsp;<strong>du lịch Quy Nhơn th&aacute;ng 6&nbsp;</strong>n&agrave;y th&igrave; h&atilde;y xem ngay b&agrave;i viết chia sẻ cực kỳ&nbsp;hữu &iacute;ch của Vietnam Booking dưới đ&acirc;y nh&eacute;</p>\r\n\r\n<p>&nbsp;</p>\r\n\r\n<h2><a id=\"type1\" name=\"type1\"><strong>Thời tiết Quy Nhơn th&aacute;ng 6 như thế n&agrave;o?</strong></a></h2>\r\n\r\n<p>Quy Nhơn nằm ở dải đất miền Trung của Việt Nam n&ecirc;n thời tiết sẽ c&oacute; 2 m&ugrave;a quen thuộc l&agrave; m&ugrave;a mưa v&agrave; m&ugrave;a kh&ocirc;. M&ugrave;a mưa thường k&eacute;o d&agrave;i từ th&aacute;ng 10 đến th&aacute;ng 2 v&agrave; m&ugrave;a kh&ocirc; thường k&eacute;o d&agrave;i từ đầu th&aacute;ng 3 đến th&aacute;ng 9. Thời điểm th&aacute;ng 6 rơi v&agrave;o đỉnh điểm m&ugrave;a kh&ocirc; n&ecirc;n tiết trời l&uacute;c n&agrave;y cực kỳ nắng n&oacute;ng với nhiệt độ từ<strong>&nbsp;30 - 350C</strong>.&nbsp;</p>\r\n\r\n<p><img alt=\"Du lịch Quy Nhơn tháng 6\" src=\"https://www.vietnambooking.com/wp-content/uploads/2021/05/du-lich-quy-nhon-thang-6-3.jpg\" style=\"height:668px; width:620px\" title=\"Du lịch Quy Nhơn tháng 6\" /></p>\r\n\r\n<p><em>Th&aacute;ng 6 m&ugrave;a h&egrave; l&agrave; thời gian gh&eacute; thăm Quy Nhơn đẹp nhất | Ảnh: Sưu tầm</em></p>\r\n\r\n<p>Tuy thời tiết nắng gắt nhưng đ&acirc;y lại l&agrave; khoảng thời gian biển đảo Quy Nhơn v&agrave;o m&ugrave;a đẹp nhất. Biển Quy Nhơn th&aacute;ng 6 s&oacute;ng rất &ecirc;m v&agrave; l&agrave;n nước trong xanh như ngọc. Ng&acirc;m m&igrave;nh trong l&agrave;n nước biển m&aacute;t rượi để giải tỏa cơn n&oacute;ng m&ugrave;a h&egrave; th&igrave; kh&ocirc;ng c&ograve;n g&igrave; tuyệt bằng đ&uacute;ng kh&ocirc;ng n&agrave;o?</p>\r\n\r\n<h2><a id=\"type2\" name=\"type2\"><strong>Quy Nhơn th&aacute;ng 6 c&oacute; g&igrave; hấp dẫn?</strong></a></h2>\r\n\r\n<h3><strong>Ngất ng&acirc;y với b&atilde;i biển đẹp si&ecirc;u l&ograve;ng</strong></h3>\r\n\r\n<p>Gh&eacute; thăm Quy Nhơn th&aacute;ng 6, bạn sẽ được ch&igrave;m đắm v&agrave;o trong những cảnh đẹp n&ecirc;n thơ của những b&atilde;i biển c&aacute;t trắng c&ugrave;ng l&agrave;n nước trong vắt. Biển Quy Nhơn m&ugrave;a n&agrave;y &iacute;t s&oacute;ng n&ecirc;n bạn c&oacute; thể thỏa th&iacute;ch chơi biển v&agrave; nằm phơi m&igrave;nh tr&ecirc;n b&atilde;i c&aacute;t mịn m&agrave;ng để tắm nắng. Tận hưởng cơn gi&oacute; biển m&aacute;t rượi sẽ gi&uacute;p bạn qu&ecirc;n đi mọi muộn phiền.&nbsp;</p>\r\n\r\n<p><img alt=\"Du lịch Quy Nhơn tháng 3\" src=\"https://www.vietnambooking.com/wp-content/uploads/2021/05/du-lich-quy-nhon-thang-6-2.jpg\" style=\"height:700px; width:620px\" title=\"Du lịch Quy Nhơn tháng 3\" /></p>\r\n\r\n<p><em>Biển Kỳ Co ng&agrave;y h&egrave; đẹp tựa thi&ecirc;n đường hạ giới&nbsp;| Ảnh: Sưu tầm</em></p>\r\n\r\n<p>Một trong những b&atilde;i biển đẹp nhất Quy Nhơn m&agrave; bạn nhất định phải đến ch&iacute;nh l&agrave; biển Kỳ Co. Được bảo bọc bởi hai v&aacute;ch n&uacute;i n&ecirc;n&nbsp;<strong>biển Kỳ Co</strong>&nbsp;s&oacute;ng rất nhẹ n&ecirc;n bạn c&oacute; thể tắm biển v&agrave; tham gia c&aacute;c tr&ograve; chơi tr&ecirc;n biển: lặn ngắm san h&ocirc;, cano, thuyền chuối,....Ngo&agrave;i ra,&nbsp;<em>du lịch Quy Nhơn th&aacute;ng 6</em>&nbsp;bạn cũng c&oacute; thể gh&eacute; thăm một số b&atilde;i biển đẹp kh&aacute;c của Quy Nhơn như: H&ograve;n Kh&ocirc;, Trung Lương, C&ugrave; Lao Xanh,...</p>\r\n\r\n<h3><strong>Thỏa th&iacute;ch vui chơi với những điểm đến hấp dẫn</strong></h3>\r\n\r\n<p>Thời tiết th&aacute;ng 6 nắng r&aacute;o rất th&iacute;ch hợp để bạn vui chơi tại c&aacute;c điểm đến hấp dẫn của Quy Nhơn. Nếu bạn đi c&ugrave;ng gia đ&igrave;nh th&igrave; c&oacute; đến tham quan&nbsp;<em>vườn th&uacute; FLC</em>&nbsp;với những lo&agrave;i động vật đa dạng tr&ecirc;n khắp thế giới. Hoặc bạn cũng c&oacute; thể c&ugrave;ng gia đ&igrave;nh v&agrave; đồng bọn cắm trại qua đ&ecirc;m tại&nbsp;<strong>khu d&atilde; ngoại Trung Lương</strong>&nbsp;để tận hưởng vẻ đẹp n&uacute;i rừng biển cả h&ograve;a quyện v&agrave;o nhau.</p>\r\n\r\n<p><img alt=\"Du lịch Quy Nhơn tháng 6\" src=\"https://www.vietnambooking.com/wp-content/uploads/2021/05/du-lich-quy-nhon-thang-6-1.jpg\" style=\"height:620px; width:620px\" title=\"Du lịch Quy Nhơn tháng 6\" /><em>Check in kỳ quan thi&ecirc;n nhi&ecirc;n Eo Gi&oacute; | Ảnh:&nbsp;mellowdeyyy</em></p>\r\n\r\n<p>V&agrave; tất nhi&ecirc;n đến Quy Nhơn th&igrave; kh&ocirc;ng thể thiếu những tấm h&igrave;nh check - in tại danh thắng&nbsp;<strong>Eo Gi&oacute;&nbsp;</strong>đ&igrave;nh đ&aacute;m rồi đ&uacute;ng kh&ocirc;ng n&agrave;o? Những con đường ven eo biển dưới nắng h&egrave; sẽ l&agrave; khung h&igrave;nh cực xịn cho bộ ảnh du h&iacute; Quy Nhơn của bạn đấy.</p>\r\n\r\n<p>B&ecirc;n cạnh đ&oacute;, bạn c&oacute; thể gh&eacute; thăm một số điểm đến văn h&oacute;a - t&acirc;m linh như:&nbsp;<em>mộ H&agrave;n Mặc Tử, ch&ugrave;a Thi&ecirc;n Hưng, ch&ugrave;a &Ocirc;ng N&uacute;i, những t&ograve;a th&aacute;p Chăm độc đ&aacute;o&nbsp;(Th&aacute;p Đ&ocirc;i, Th&aacute;p B&aacute;nh &Iacute;t),...&nbsp;</em></p>\r\n\r\n<p><img alt=\"Du lịch Quy Nhơn tháng 6\" src=\"https://www.vietnambooking.com/wp-content/uploads/2021/05/du-lich-quy-nhon-thang-6.jpg\" style=\"height:700px; width:620px\" title=\"Du lịch Quy Nhơn tháng 6\" /></p>\r\n\r\n<p><em>Gh&eacute; thăm ch&ugrave;a &Ocirc;ng N&uacute;i với tọa lạc tr&ecirc;n đỉnh n&uacute;i | Ảnh: @manhtienkhoi_</em></p>\r\n\r\n<h3><strong>Đ&atilde; th&egrave;m với cơn lốc hải sản m&ugrave;a h&egrave;</strong></h3>\r\n\r\n<p>M&ugrave;a h&egrave; thời tiết đẹp cũng l&agrave; thời gian người d&acirc;n Quy Nhơn ra biển đ&aacute;nh bắt v&agrave; mang về những loại hải sản tươi ngon. Đến&nbsp;<strong>du lịch Quy Nhơn th&aacute;ng 6</strong>, bạn sẽ giải tỏa cơn th&egrave;m với v&ocirc; v&agrave;n những m&oacute;n ngon hải sản như:&nbsp;<em>ốc v&uacute; n&agrave;ng, t&ocirc;m h&ugrave;m, nhum biển, ghẹ xanh,...</em>Ngo&agrave;i ra, Quy Nhơn cũng c&oacute; nhiều&nbsp;m&oacute;n đặc sản để bạn tha hồ thưởng thức&nbsp;như:&nbsp;<em>b&uacute;n ốc, b&aacute;nh x&egrave;o t&ocirc;m nhảy, b&aacute;nh hỏi l&ograve;ng heo,...</em></p>\r\n\r\n<p><img alt=\"Du lịch Quy Nhơn tháng 6\" src=\"https://www.vietnambooking.com/wp-content/uploads/2021/05/du-lich-quy-nhon-thang-6-6.jpg\" style=\"height:465px; width:620px\" title=\"Du lịch Quy Nhơn tháng 6\" /><em>Ẩm thực Quy Nhơn lu&ocirc;n khiến du kh&aacute;ch ấn tượng kh&oacute; qu&ecirc;n | Ảnh: Sưu tầm</em></p>\r\n\r\n<h2><a id=\"type3\" name=\"type3\"><strong>Kinh nghiệm đi Quy Nhơn th&aacute;ng 6 hữu &iacute;ch</strong></a></h2>\r\n\r\n<h3><strong>Phương tiện di chuyển</strong></h3>\r\n\r\n<p>Quy Nhơn l&agrave; một th&agrave;nh phố lớn tại miền Trung v&agrave; l&agrave; đầu nối giao th&ocirc;ng quan trọng n&ecirc;n bạn c&oacute; thể lựa chọn rất nhiều phương tiện để đến đ&acirc;y. Nếu bạn dư dả thời gian v&agrave; muốn tiết kiệm chi ph&iacute; th&igrave; c&oacute; thể đi xe kh&aacute;ch với mức gi&aacute; từ 250.000đ - 300.000đ cho tuyến S&agrave;i G&ograve;n - Quy Nhơn. Hoặc bạn c&oacute; thể đi m&aacute;y bay đến&nbsp;<strong>s&acirc;n bay Ph&ugrave; C&aacute;t</strong>&nbsp;nằm c&aacute;ch th&agrave;nh phố Quy Nhơn khoảng 36km. V&igrave; th&aacute;ng 6 l&agrave; m&ugrave;a du lịch biển n&ecirc;n c&aacute;c h&atilde;ng h&agrave;ng kh&ocirc;ng đều c&oacute; những chương tr&igrave;nh ưu đ&atilde;i&nbsp;<strong><a href=\"https://www.vietnambooking.com/ve-may-bay/ve-may-bay-di-quy-nhon-uih.html\">v&eacute; m&aacute;y bay&nbsp;gi&aacute; rẻ đi Quy Nhơn</a></strong>.</p>\r\n\r\n<p><img alt=\"Du lịch Quy Nhơn tháng 6\" src=\"https://www.vietnambooking.com/wp-content/uploads/2021/05/du-lich-quy-nhon-thang-6-4.jpg\" style=\"height:466px; width:620px\" title=\"Du lịch Quy Nhơn tháng 6\" /><em>Trải nghiệm ngồi t&agrave;u hỏa cực th&uacute; vị khi đi Quy Nhơn | Ảnh: Tạ Xu&acirc;n Hương</em></p>\r\n\r\n<p>Ngo&agrave;i những phương tiện tr&ecirc;n, bạn c&oacute; thể ngồi xe lửa đến Quy Nhơn để trải nghiệm một h&agrave;nh tr&igrave;nh mới lạ hơn. Nếu bạn l&agrave; một th&iacute;ch kh&aacute;m ph&aacute; v&agrave; ưa mạo hiểm th&igrave; c&oacute; thể thả hồn phi&ecirc;u l&atilde;ng bằng c&aacute;ch đi phượt. Cung đường phượt S&agrave;i G&ograve;n đến Quy Nhơn d&agrave;i hơn 600km với rất nhiều cảnh đẹp.</p>\r\n\r\n<h3><strong>Kh&aacute;ch sạn</strong></h3>\r\n\r\n<p>Đi du lịch biển&nbsp;th&aacute;ng 6 th&igrave; bạn n&ecirc;n đặt kh&aacute;ch sạn sớm để tr&aacute;nh ch&aacute;y ph&ograve;ng v&igrave; đ&acirc;y l&agrave; m&ugrave;a cao điểm. Theo kinh nghiệm đi du lịch Quy Nhơn của Vietnam Booking, bạn n&ecirc;n đặt kh&aacute;ch sạn &iacute;t nhất trước 1 tuần để đảm bảo c&ograve;n ph&ograve;ng v&agrave; c&oacute; mức gi&aacute; tốt.&nbsp;<strong>Kh&aacute;ch sạn ở Quy Nhơn</strong>&nbsp;đa dạng từ chất lượng 5 sao đến c&aacute;c homestay để bạn tha hồ lựa chọn.</p>\r\n\r\n<h2><a id=\"type4\" name=\"type4\"><strong>Đi Quy Nhơn th&aacute;ng 6 mặc g&igrave;?</strong></a></h2>\r\n\r\n<p><img alt=\"Du lịch Quy Nhơn tháng 6\" src=\"https://www.vietnambooking.com/wp-content/uploads/2021/05/du-lich-quy-nhon-thang-6-5.jpg\" style=\"height:468px; width:620px\" title=\"Du lịch Quy Nhơn tháng 6\" /></p>\r\n\r\n<p><em>Những bộ c&aacute;nh mỏng thướt tha sẽ l&agrave; trang phục l&yacute; tưởng cho m&ugrave;a h&egrave; | Ảnh: Sưu tầm</em></p>\r\n\r\n<p>Đi Quy Nhơn th&igrave; kh&ocirc;ng thể thiếu những bộ ảnh sống ảo triệu like rồi phải kh&ocirc;ng? Nếu bạn c&oacute; dự định đi du lịch Quy Nhơn m&ugrave;a h&egrave;&nbsp;th&igrave; đừng qu&ecirc;n mang những bộ tắm m&aacute;t mẻ khoe d&aacute;ng hớp hồn mọi ch&agrave;ng trai, c&ocirc; n&agrave;ng nh&eacute;. Ngo&agrave;i đồ tắm biển th&igrave; bạn n&ecirc;n chuẩn bị những bộ quần &aacute;o thoải m&aacute;i&nbsp;để tiện tham quan, kh&aacute;m ph&aacute; th&agrave;nh phố biển. Thời tiết th&aacute;ng 6 rất n&oacute;ng n&ecirc;n bạn h&atilde;y tr&aacute;nh những trang phục chất liệu&nbsp;d&agrave;y, ấm &aacute;p&nbsp;m&agrave; thay v&agrave;o đ&oacute; l&agrave; những chất liệu mỏng, nhẹ v&agrave; m&aacute;t mẻ nh&eacute;.</p>\r\n\r\n<h2><a id=\"type5\" name=\"type5\"><strong>Một số lưu &yacute; khi đi Quy Nhơn th&aacute;ng 6</strong></a></h2>\r\n\r\n<p><strong>Lu&ocirc;n mang theo kem chống nắng:&nbsp;</strong>Dưới c&aacute;i nắng ch&oacute;i chang m&ugrave;a h&egrave; m&agrave; bạn kh&ocirc;ng c&oacute; kem chống nắng th&igrave; thật c&oacute; lỗi với l&agrave;n da của m&igrave;nh. Theo kinh nghiệm của Vietnam Booking, bạn n&ecirc;n chuẩn bị kem chống nắng c&oacute; chỉ số SDF cao từ 30 trở l&ecirc;n v&igrave; nắng ở đ&acirc;y kh&aacute; bỏng r&aacute;t. Nếu được th&igrave; bạn c&oacute; thể chuẩn bị th&ecirc;m n&oacute;n đi biển, d&ugrave; để che nắng.</p>\r\n\r\n<p><strong>Uống nhiều nước v&agrave; mang theo thuốc c&aacute; nh&acirc;n:</strong>&nbsp;Đi biển m&ugrave;a h&egrave; rất dễ bị say nắng, v&igrave; thế bạn h&atilde;y nhớ uống thật nhiều nước v&agrave; bổ sung c&aacute;c vitamin cần thiết từ c&aacute;c loại tr&aacute;i c&acirc;y để kh&ocirc;ng bị cho&aacute;ng v&agrave; ngất xỉu khiến cuộc chơi k&eacute;m vui. Ngo&agrave;i ra, bạn cũng n&ecirc;n mang theo thuốc c&aacute; nh&acirc;n để đảm bảo sức khỏe nh&eacute;.</p>','2021-11-08','2021-11-08','images/2021/08/du-lich-quy-nhon-thang-6-7-300x194.jpg',1,'News overview'),(2,'[Bạn có biết] Đi du lịch Mỹ cần gì? Những thủ tục và giấy tờ cần thiết',0,1,'<p>Nước Mỹ lu&ocirc;n l&agrave; điểm đến mơ ước của rất nhiều người Việt. H&agrave;ng năm, nước Mỹ đều ch&agrave;o đ&oacute;n một số lượng lớn du học sinh, người định cư v&agrave; kh&aacute;ch du lịch đến từ Việt Nam. Vậy&nbsp;<strong>đi du lịch Mỹ cần g&igrave;</strong>? Những giấy tờ v&agrave; thủ tục cần thiết l&agrave; g&igrave;? Vietnam Booking sẽ giải đ&aacute;p tất tần tật những thắc mắc của bạn trong b&agrave;i viết dưới đ&acirc;y.</p>\r\n\r\n<h2><a id=\"type1\" name=\"type1\"><strong>Đi du lịch Mỹ cần g&igrave;?</strong></a></h2>\r\n\r\n<p>Hiện tại, t&igrave;nh h&igrave;nh dịch bệnh Covid - 19 khiến c&aacute;c việc đi lại giữa c&aacute;c quốc gia gặp nhiều kh&oacute; khăn v&agrave; y&ecirc;u cầu nhiều thủ tục phức tạp. V&igrave; thế, bạn cần nắm r&otilde; những quy định&nbsp;v&agrave; giấy tờ cần thiết để qu&aacute; tr&igrave;nh nhập cảnh đến Mỹ được diễn ra su&ocirc;n sẻ v&agrave; thuận lợi.</p>\r\n\r\n<p><img alt=\"Đi du lịch Mỹ cần gì\" src=\"https://www.vietnambooking.com/wp-content/uploads/2021/05/di-du-lich-my-can-gi-2.jpg\" style=\"height:348px; width:620px\" title=\"Nước Mỹ\" /></p>\r\n\r\n<p><em>Mỹ l&agrave; một trong điểm đến được người Việt y&ecirc;u th&iacute;ch nhất | Ảnh: Sưu tầm</em></p>\r\n\r\n<ul>\r\n</ul>\r\n\r\n<h3><strong>1.&nbsp;<a id=\"type1_1\" name=\"type1_1\">V&eacute; m&aacute;y bay từ Việt Nam đi Mỹ</a></strong></h3>\r\n\r\n<p>Đầu ti&ecirc;n, việc bạn cần phải l&agrave;m cho chuyến đi Mỹ của m&igrave;nh đ&oacute; ch&iacute;nh l&agrave; đặt&nbsp;<strong>v&eacute; m&aacute;y bay từ Việt Nam đến&nbsp;Mỹ</strong>. M&atilde; đặt chỗ chuyến bay n&agrave;y cũng l&agrave; một trong yếu tố quan trọng&nbsp;để đậu&nbsp;visa du lịch Mỹ. Số lượng chuyến bay từ Việt Nam đến&nbsp;Mỹ&nbsp;trong m&ugrave;a dịch chỉ được khai th&aacute;c hạn chế n&ecirc;n bạn h&atilde;y nhanh ch&oacute;ng đặt v&eacute; để c&oacute; mức gi&aacute; ưu đ&atilde;i nhất.</p>\r\n\r\n<p><img alt=\"Đi du lịch Mỹ cần gì\" src=\"https://www.vietnambooking.com/wp-content/uploads/2021/05/di-du-lich-my-can-gi.jpg\" style=\"height:620px; width:620px\" title=\"Vé máy bay từ Việt Nam đi Mỹ\" /><em>Đặt v&eacute; m&aacute;y bay đi Mỹ tại Vietnam Booking với mức gi&aacute; rẻ bất ngờ</em></p>\r\n\r\n<p><em>Ảnh: Vietnam Booking&nbsp;</em></p>\r\n\r\n<p>Hiện tại, c&aacute;c chuyến bay từ Việt Nam đi Mỹ đang được khai th&aacute;c bởi c&aacute;c h&atilde;ng h&agrave;ng kh&ocirc;ng quốc tế: Eva Air, All Nippon Airways, United Airlines,...với &iacute;t nhất 1 điểm qu&aacute; cảnh t&ugrave;y h&agrave;nh tr&igrave;nh. Gi&aacute; v&eacute; hạng phổ th&ocirc;ng sẽ dao động từ 500 - 900 USD. Bạn c&oacute; thể tham khảo lịch khởi h&agrave;nh&nbsp;chi tiết của một số h&atilde;ng h&agrave;ng kh&ocirc;ng dưới đ&acirc;y:</p>\r\n\r\n<table border=\"1\" cellpadding=\"0\" cellspacing=\"0\">\r\n	<thead>\r\n		<tr>\r\n			<th scope=\"col\">\r\n			<p><strong>Chặng bay đi Mỹ</strong></p>\r\n			</th>\r\n			<th scope=\"col\">\r\n			<p><strong>H&atilde;ng h&agrave;ng kh&ocirc;ng</strong></p>\r\n			</th>\r\n			<th scope=\"col\">\r\n			<p><strong>Lịch bay</strong></p>\r\n			</th>\r\n			<th scope=\"col\">\r\n			<p><strong>Hạn ch&oacute;t đặt v&eacute;</strong></p>\r\n			</th>\r\n		</tr>\r\n	</thead>\r\n	<tbody>\r\n		<tr>\r\n			<td>\r\n			<p>H&agrave; Nội/Tp Hồ Ch&iacute; Minh &ndash; Houston</p>\r\n			</td>\r\n			<td rowspan=\"3\">\r\n			<p>EVA Air</p>\r\n\r\n			<p>(qu&aacute; cảnh Đ&agrave;i Bắc)</p>\r\n			</td>\r\n			<td>\r\n			<p>16, 23, 30/5;</p>\r\n\r\n			<p>6, 13, 20, 27/6</p>\r\n			</td>\r\n			<td colspan=\"1\" rowspan=\"10\">\r\n			<p>Trước ng&agrave;y khởi h&agrave;nh &iacute;t nhất&nbsp;từ&nbsp;3 đến 7 ng&agrave;y</p>\r\n			</td>\r\n		</tr>\r\n		<tr>\r\n			<td>\r\n			<p>H&agrave; Nội/Tp Hồ Ch&iacute; Minh &ndash; Chicago</p>\r\n			</td>\r\n			<td>\r\n			<p>19, 26/5;</p>\r\n\r\n			<p>2, 9, 16, 18, 23, 25, 30/6</p>\r\n			</td>\r\n		</tr>\r\n		<tr>\r\n			<td>\r\n			<p>H&agrave; Nội/Tp Hồ Ch&iacute; Minh &ndash; Los Angeles/San Francisco/New York/Seattle</p>\r\n			</td>\r\n			<td>\r\n			<p>Thứ 2, 4, 6 h&agrave;ng tuần</p>\r\n			</td>\r\n		</tr>\r\n		<tr>\r\n			<td rowspan=\"4\">\r\n			<p>H&agrave; Nội/Tp Hồ Ch&iacute; Minh &ndash; Mỹ</p>\r\n			</td>\r\n			<td>\r\n			<p>All Nippon Airways</p>\r\n\r\n			<p>(qu&aacute; cảnh Tokyo)</p>\r\n			</td>\r\n			<td>\r\n			<p>Thứ 3, 5, 7</p>\r\n			</td>\r\n		</tr>\r\n		<tr>\r\n			<td>\r\n			<p>Cathay Pacific</p>\r\n\r\n			<p>(qu&aacute; cảnh Hong Kong)</p>\r\n			</td>\r\n			<td>\r\n			<p>Thứ 3, 6 v&agrave; chủ nhật</p>\r\n			</td>\r\n		</tr>\r\n		<tr>\r\n			<td>\r\n			<p>Emirates Airlines</p>\r\n\r\n			<p>(qu&aacute; cảnh Dubai)</p>\r\n			</td>\r\n			<td>\r\n			<p>Thứ 3, 5, 7</p>\r\n			</td>\r\n		</tr>\r\n		<tr>\r\n			<td>\r\n			<p>China Airlines</p>\r\n\r\n			<p>(qu&aacute; cảnh Đ&agrave;i Bắc)</p>\r\n			</td>\r\n			<td>\r\n			<p>Thứ 5 h&agrave;ng tuần</p>\r\n			</td>\r\n		</tr>\r\n		<tr>\r\n			<td colspan=\"1\" rowspan=\"2\">\r\n			<p>Tp Hồ Ch&iacute; Minh - New York (EWR)</p>\r\n			</td>\r\n			<td colspan=\"1\">\r\n			<p>United Airlines</p>\r\n\r\n			<p>(qu&aacute; cảnh Tokyo - NRT)</p>\r\n			</td>\r\n			<td>Thứ 3, 5, 7 h&agrave;ng tuần</td>\r\n		</tr>\r\n		<tr>\r\n			<td colspan=\"1\">\r\n			<p>United Airlines</p>\r\n\r\n			<p>(qu&aacute; cảnh Tokyo - HND)</p>\r\n			</td>\r\n			<td>Thứ 4, 5, 6, 7 v&agrave; chủ nhật h&agrave;ng tuần</td>\r\n		</tr>\r\n		<tr>\r\n			<td colspan=\"1\">Tp Hồ Ch&iacute; Minh - San Francisco</td>\r\n			<td colspan=\"1\">\r\n			<p>Asiana Airlines + United Airlines</p>\r\n\r\n			<p>(qu&aacute; cảnh Seoul)</p>\r\n			</td>\r\n			<td>H&agrave;ng ng&agrave;y</td>\r\n		</tr>\r\n	</tbody>\r\n</table>\r\n\r\n<p><strong>Lưu &yacute;:</strong>&nbsp;V&igrave; t&igrave;nh h&igrave;nh dịch bệnh vẫn chưa được kiểm so&aacute;t ho&agrave;n to&agrave;n n&ecirc;n khi h&agrave;nh kh&aacute;ch thực hiện h&agrave;nh tr&igrave;nh bay đến Mỹ cần phải đảm bảo đầy đủ c&aacute;c biện ph&aacute;p ph&ograve;ng chống dịch của h&atilde;ng h&agrave;ng kh&ocirc;ng như: đeo khẩu trang, rửa tay thường xuy&ecirc;n, hạn chế đi lại trừ trường hợp cần thiết, kh&ocirc;ng khạc nhổ bừa b&atilde;i,...Ngo&agrave;i ra, h&agrave;nh kh&aacute;ch cần phải ch&uacute; &yacute; giữ g&igrave;n sức khỏe trước khi l&ecirc;n m&aacute;y bay.&nbsp;H&atilde;ng h&agrave;ng kh&ocirc;ng sẽ c&oacute; thể từ chối những h&agrave;ng kh&aacute;ch c&oacute; biểu hiện ho, sốt tr&ecirc;n 37,50C, kh&oacute; thở,....</p>\r\n\r\n<h3><strong>2.&nbsp;<a id=\"type1_2\" name=\"type1_2\">Xin Visa du lịch&nbsp;Mỹ</a></strong></h3>\r\n\r\n<p>Nếu bạn đang thắc mắc&nbsp;<strong>đi du lịch Mỹ cần g&igrave;&nbsp;</strong>th&igrave; chắc chắn kh&ocirc;ng thể kh&ocirc;ng nhắc đến visa đi&nbsp;Mỹ. So với c&aacute;c nước kh&aacute;c, Mỹ&nbsp;được đ&aacute;nh gi&aacute; l&agrave; quốc gia c&oacute; chế độ thị thực khắt khe nhất.&nbsp;Quy tr&igrave;nh xin visa đi Mỹ rất phức tạp n&ecirc;n bạn cần phải chuẩn bị thật đầy đủ c&aacute;c giấy tờ theo đ&uacute;ng quy định để kh&ocirc;ng bị từ chối cấp thị thực.</p>\r\n\r\n<p><img alt=\"Đi du lịch Mỹ cần gì\" src=\"https://www.vietnambooking.com/wp-content/uploads/2021/05/di-du-lich-my-can-gi-3.jpg\" style=\"height:465px; width:620px\" title=\"Xin Visa du lịch Mỹ\" /><em>Dịch vụ l&agrave;m visa đi Mỹ tại Vietnam Booking lu&ocirc;n c&oacute; tỷ lệ đậu cao | Ảnh: Sưu tầm</em></p>\r\n\r\n<p><strong>Visa du lịch Mỹ</strong>&nbsp;c&ograve;n được gọi l&agrave; visa kh&ocirc;ng định cư B-2 (k&iacute; hiệu B1/B2) c&oacute; thời hạn 6 th&aacute;ng. Sở hữu loại visa&nbsp;n&agrave;y, bạn sẽ được nhập cảnh v&agrave;o Mỹ một hoặc nhiều lần trong khoảng thời gian được quy định cụ thể&nbsp;tr&ecirc;n visa. Nếu l&agrave; c&ocirc;ng d&acirc;n Việt Nam chưa từng xuất khẩu lao động tại Mỹ, c&oacute; l&yacute; lịch sạch v&agrave; c&oacute; nhu cầu xin thị thực Mỹ,&nbsp;bạn cần chuẩn bị v&agrave; ho&agrave;n tất hồ sơ xin visa với c&aacute;c giấy tờ sau:</p>\r\n\r\n<p>►<strong>&nbsp;Chứng minh nh&acirc;n th&acirc;n:&nbsp;</strong></p>\r\n\r\n<ul>\r\n	<li>Hộ chiếu: c&ograve;n thời hạn tối thiểu 6 th&aacute;ng t&iacute;nh từ ng&agrave;y dự kiến kết th&uacute;c chuyến đi Mỹ. Trong hộ chiếu n&ecirc;n c&oacute; &iacute;t nhất một dấu nhập cảnh tại c&aacute;c nước như: Th&aacute;i Lan, Nhật Bản, H&agrave;n Quốc để chứng m&igrave;nh đ&atilde; từng c&oacute; kinh nghiệm đi du lịch nước ngo&agrave;i.</li>\r\n	<li>Ảnh thẻ: 2 ảnh k&iacute;ch thước 5x5cm được&nbsp;chụp tr&ecirc;n nền trắng, r&otilde; mặt v&agrave;&nbsp;để hở hai tai. Nếu ảnh sai quy định th&igrave; sẽ kh&ocirc;ng được chấp nhận.</li>\r\n	<li>Giấy x&aacute;c nhận t&igrave;nh trạng h&ocirc;n nh&acirc;n.</li>\r\n	<li>Photo c&ocirc;ng chứng cả 2 mặt: sổ hộ khẩu, chứng minh nh&acirc;n d&acirc;n hoặc thẻ căn cước c&ocirc;ng d&acirc;n</li>\r\n	<li>01&nbsp;<strong><a href=\"https://www.vietnambooking.com/visa/tin-tuc-visa/huong-dan-thu-tuc-xin-visa-di-my.html\">mẫu đơn xin visa du lịch Mỹ (DS-160)</a>.</strong></li>\r\n</ul>\r\n\r\n<p><strong>​</strong><img alt=\"Đi du lịch Mỹ cần gì\" src=\"https://www.vietnambooking.com/wp-content/uploads/2021/05/di-du-lich-my-can-gi-1.jpg\" style=\"height:499px; width:620px\" title=\"Mẫu đơn DS-160 xin Visa Mỹ\" /></p>\r\n\r\n<p><em>Bạn phải điền th&ocirc;ng tin ch&iacute;nh x&aacute;c mẫu đơn DS-160 để kh&ocirc;ng bị từ chối visa</em></p>\r\n\r\n<p><em>Ảnh: Vietnam Booking</em></p>\r\n\r\n<p>►&nbsp;<strong>Chứng minh c&ocirc;ng việc:</strong></p>\r\n\r\n<ul>\r\n	<li>Nh&acirc;n vi&ecirc;n: bảng lương 3 th&aacute;ng, hợp đồng lao động/giấy bổ nhiệm chức vụ, giấy xin nghỉ ph&eacute;p đến Mỹ du lịch c&oacute; x&aacute;c nhận của c&ocirc;ng ty.</li>\r\n	<li>Chủ c&ocirc;ng ty: Cung cấp giấy ph&eacute;p kinh doanh của c&ocirc;ng ty v&agrave; bi&ecirc;n lai nộp thuế 3 th&aacute;ng gần nhất.</li>\r\n	<li>Người lao động nghỉ hưu: Cung cấp sổ về hưu v&agrave; phiếu lĩnh lương hưu.</li>\r\n</ul>\r\n\r\n<p>►<strong>&nbsp;Chứng minh t&agrave;i ch&iacute;nh:</strong></p>\r\n\r\n<ul>\r\n	<li>Sao k&ecirc; t&agrave;i khoản ng&acirc;n h&agrave;ng gửi tiết kiệm&nbsp;tối thiểu 3 th&aacute;ng v&agrave; c&oacute; số dư &iacute;t nhất 100 triệu đồng.</li>\r\n</ul>\r\n\r\n<p>►&nbsp;<strong>Lịch tr&igrave;nh chuyến đi Mỹ:</strong></p>\r\n\r\n<ul>\r\n	<li>Kế hoạch đi&nbsp;du lịch Mỹ chi tiết từng ng&agrave;y: đi đ&acirc;u, lưu tr&uacute; tại đ&acirc;u, lịch tr&igrave;nh đi chơi với thời gian cụ thể.</li>\r\n	<li>X&aacute;c nhận đặt ph&ograve;ng&nbsp;ph&ograve;ng kh&aacute;ch sạn tại Mỹ (Booking Confirm) hoặc cung cấp th&ocirc;ng tin người bảo l&atilde;nh lưu tr&uacute; tại Mỹ (nếu ở nh&agrave; người th&acirc;n/ bạn b&egrave; ở Mỹ). Đồng thời cung cấp m&atilde; đặt chỗ&nbsp;chuyến bay&nbsp;đi Mỹ v&agrave; trở lại.</li>\r\n</ul>\r\n\r\n<p>Sau khi chuẩn bị đầy đủ c&aacute;c giấy tờ v&agrave; thủ tục kể tr&ecirc;n, bạn h&atilde;y thanh to&aacute;n lệ ph&iacute; xin visa du lịch Mỹ v&agrave; đặt lịch hẹn nộp hồ sơ, phỏng vấn Visa tại 2 địa chỉ sau:</p>\r\n\r\n<ul>\r\n	<li><strong>Đại sứ qu&aacute;n Hoa Kỳ:</strong>&nbsp;Số 07, L&aacute;ng Hạ, Quận Ba Đ&igrave;nh, H&agrave; Nội.</li>\r\n	<li><strong>Tổng l&atilde;nh sự qu&aacute;n Hoa Kỳ:&nbsp;</strong>Số 04 L&ecirc; Duẩn, Quận 1, Hồ Ch&iacute; Minh.</li>\r\n</ul>\r\n\r\n<h3><strong>3.&nbsp;<a id=\"type1_3\" name=\"type1_3\">Giấy x&eacute;t nghiệm Covid - 19 &acirc;m t&iacute;nh</a></strong></h3>\r\n\r\n<p>Ngo&agrave;i v&eacute; m&aacute;y bay v&agrave; giấy tờ c&aacute; nh&acirc;n, ch&iacute;nh phủ Mỹ y&ecirc;u cầu tất cả c&aacute;c h&agrave;nh kh&aacute;ch nhập cảnh đến Mỹ đều phải c&oacute; giấy x&eacute;t nghiệm Covid - 19 c&oacute; kết quả &acirc;m t&iacute;nh để đảm bảo an to&agrave;n sức khỏe cộng đồng. Giấy x&eacute;t nghiệm phải được thực hiện&nbsp;trong v&ograve;ng 3 ng&agrave;y trước ng&agrave;y khởi h&agrave;nh v&agrave;&nbsp;được tr&igrave;nh b&agrave;y bằng tiếng Anh hoặc tiếng Việt c&oacute; bản dịch đi k&egrave;m.&nbsp;<em>(<strong>Lưu &yacute;:</strong>&nbsp;trường hợp h&agrave;nh kh&aacute;ch kh&ocirc;ng c&oacute; giấy x&eacute;t nghiệm Covid - 19 &acirc;m t&iacute;nh c&oacute; thể sẽ bị từ chối nhập cảnh v&agrave;o Mỹ)</em></p>\r\n\r\n<h2><strong><a id=\"type2\" name=\"type2\">Chuẩn bị h&agrave;nh l&yacute; khi đến Mỹ</a></strong></h2>\r\n\r\n<p><img alt=\"Đi du lịch Mỹ cần gì\" src=\"https://www.vietnambooking.com/wp-content/uploads/2021/05/di-du-lich-my-can-gi-4.jpg\" style=\"height:441px; width:620px\" title=\"Đi du lịch Mỹ cần gì\" /></p>\r\n\r\n<p><em>Kiểm tra h&agrave;nh l&yacute; thật cẩn thận trước khi l&ecirc;n m&aacute;y bay | Ảnh: Sưu tầm</em></p>\r\n\r\n<p>Khi bạn chuẩn bị h&agrave;nh l&yacute; v&agrave; đồ d&ugrave;ng c&aacute; nh&acirc;n đến Mỹ th&igrave; cần phải lưu một số quy định về h&agrave;nh l&yacute; để kh&ocirc;ng phải bỏ bớt tại s&acirc;n bay hoặc đ&oacute;ng ph&iacute; phạt.&nbsp;H&agrave;nh l&yacute; sẽ chỉ được nặng tối đa 64 kg v&agrave; phải được chia l&agrave;m 2 kiện,&nbsp;mỗi kiện nặng&nbsp;32 kg. B&ecirc;n cạnh đ&oacute; c&aacute;c bạn được mang theo 1 h&agrave;nh l&yacute; x&aacute;ch tay&nbsp;nặng 5kg. Những h&agrave;nh l&yacute; cồng kềnh qu&aacute; khổ&nbsp;phải c&oacute; sự đồng &yacute; của h&atilde;ng h&agrave;ng kh&ocirc;ng.</p>\r\n\r\n<p>Ngo&agrave;i ra, bạn cũng phải lưu &yacute; tuyệt đối kh&ocirc;ng mang theo những&nbsp;vật phẩm&nbsp;bị cấm&nbsp;khi nhập cảnh&nbsp;tại&nbsp;Mỹ như:</p>\r\n\r\n<ul>\r\n	<li>C&aacute;c loại thịt động vật (tươi sống hay đ&atilde; chế biến), c&aacute;c loại tr&aacute;i c&acirc;y, rau, hạt giống v&agrave; đất.</li>\r\n	<li>Chất lỏng: kem đ&aacute;nh răng, son m&ocirc;i dạng lỏng, sơn m&oacute;ng tay, nước hoa, mỹ phẩm dạng lỏng,...</li>\r\n	<li>C&aacute;c loại thuốc kh&ocirc;ng r&otilde; nguồn gốc theo quy định của FDA (Cơ quan quản l&yacute; Thực phẩm v&agrave; Dược phẩm Hoa Kỳ).</li>\r\n	<li>Chất k&iacute;ch th&iacute;ch, ma t&uacute;y, cần sa,....</li>\r\n	<li>Tiền mặt tr&ecirc;n 10.000 đ&ocirc; la Mỹ.</li>\r\n</ul>\r\n\r\n<h2><strong><a id=\"type3\" name=\"type3\">Tour đi Mỹ ti&ecirc;m vắc xin Covid - 19</a>&nbsp;</strong></h2>\r\n\r\n<p><img alt=\"Đi du lịch Mỹ cần gì\" src=\"https://www.vietnambooking.com/wp-content/uploads/2021/05/du-lich-my-tiem-vac-xin-covid-19.jpg\" style=\"height:413px; width:620px\" title=\"Tour đi Mỹ tiêm vắc xin\" /></p>\r\n\r\n<p><em>Khai th&aacute;c h&agrave;nh tr&igrave;nh đi Mỹ kết hợp với ti&ecirc;m vắc xin Covid - 19</em></p>\r\n\r\n<p><em>Ảnh: Vietnam Booking</em></p>\r\n\r\n<p>Một trong những h&agrave;nh tr&igrave;nh du lịch Mỹ đang được rất nhiều du kh&aacute;ch quan t&acirc;m ch&iacute;nh l&agrave;<strong><a href=\"https://www.vietnambooking.com/du-lich/tour-di-my-ket-hop-tiem-vac-xin.html\">&nbsp;tour đi Mỹ kết hợp với ti&ecirc;m vắc xin</a></strong>&nbsp;Covid - 19. Đ&acirc;y l&agrave; chương tr&igrave;nh mới được khai th&aacute;c với c&aacute;c dịch vụ trọn g&oacute;i: visa đi Mỹ, v&eacute; m&aacute;y bay Việt Nam - Mỹ,&nbsp;kh&aacute;ch sạn, ăn uống,...v&agrave; chi ph&iacute; ti&ecirc;m vắc xin Covid - 19. Khi đăng k&yacute; tour, qu&yacute; kh&aacute;ch sẽ được hỗ trợ từ A - Z những giấy tờ v&agrave; thủ tục cần thiết khi đến Mỹ. Ngo&agrave;i ra, qu&yacute; kh&aacute;ch sẽ được lựa chọn 1 trong 3 loại vắc xin Covid - 19 đang được sử dụng tại Mỹ l&agrave;:</p>\r\n\r\n<ul>\r\n	<li><strong>Pfizer:</strong>&nbsp;Ti&ecirc;m 2 mũi c&aacute;ch nhau 21 ng&agrave;y (3 tuần)</li>\r\n	<li><strong>Moderna:</strong>&nbsp;Ti&ecirc;m 2 mũi c&aacute;ch nhau 28 ng&agrave;y (4 tuần)</li>\r\n	<li><strong>Johnson &amp; Johnson:&nbsp;</strong>Ti&ecirc;m 1 mũi duy nhất</li>\r\n</ul>','2021-11-08','2021-11-08','images/2021/08/di-du-lich-my-can-gi-5-300x194.jpg',1,'News overview'),(3,'Tiêu điểm du lịch Châu Á tháng 3/2021',0,1,'<p><strong>Tour du lịch ch&acirc;u &Aacute;</strong>&nbsp;l&agrave; h&agrave;nh tr&igrave;nh đa dạng với v&ocirc; số những điểm đến hấp dẫn, t&ugrave;y theo sở th&iacute;ch v&agrave; kinh ph&iacute; m&agrave; du kh&aacute;ch sẽ c&oacute; được nhiều sự lựa chọn kh&aacute;c nhau. Đặc biệt, đ&acirc;y sẽ l&agrave; chuyến du h&agrave;nh cực kỳ th&uacute; vị d&agrave;nh cho những ai y&ecirc;u th&iacute;ch kh&aacute;m ph&aacute; v&agrave; mong muốn c&oacute; được những trải nghiệm mới mẻ. V&agrave; h&ocirc;m nay&nbsp;<strong>OUTravel</strong>&nbsp;sẽ gửi đến bạn danh s&aacute;ch những điểm đến đẹp tựa thi&ecirc;n đường ở ch&acirc;u &Aacute; &ndash; một lục địa non trẻ với v&ocirc; số những vẻ đẹp tiềm ẩn chưa được khai ph&aacute; hết.</p>\r\n\r\n<h2><strong>Những địa danh đẹp như thi&ecirc;n đường tại ch&acirc;u &Aacute;</strong></h2>\r\n\r\n<h3><strong>1. Quần đảo Raja Ampat, Indonesia</strong></h3>\r\n\r\n<p>Nếu c&oacute; dịp đến&nbsp;<strong>du lịch Indonesia</strong>&nbsp;th&igrave; quần đảo Raja Ampat xinh đẹp sẽ l&agrave; địa điểm m&agrave; bạn kh&ocirc;ng n&ecirc;n bỏ lỡ. Bởi bất cứ ai khi vừa đặt ch&acirc;n đến v&ugrave;ng đất n&agrave;y cũng đều sẽ muốn &quot;đắm m&igrave;nh&quot; ngay lập tức xuống d&ograve;ng nước trong xanh tươi m&aacute;t quanh năm &ocirc;m lấy quần đảo Raja Ampat, v&agrave; c&ograve;n c&oacute; cả những khu rừng rậm nhiệt đới hoang sơ, kỳ vĩ.</p>\r\n\r\n<p><img alt=\"Du lịch Châu Á\" src=\"https://www.vietnambooking.com/wp-content/uploads/2017/03/du-lich-chau-a-1-15-11-2017-550x367.jpg\" style=\"height:367px; width:550px\" title=\"\" /></p>\r\n\r\n<p><em>Ảnh: Sưu tầm</em></p>\r\n\r\n<p>Đối với những ai ưa th&iacute;ch mạo hiểm khi đến đ&acirc;y sẽ c&oacute; cơ hội được trải nghiệm việc bơi lội c&ugrave;ng c&aacute; mập voi tại c&ocirc;ng vi&ecirc;n Cenderawasih Bay Marine, hay l&agrave;m một cuộc th&aacute;m hiểm c&aacute;c hang động v&agrave; những bức tranh đ&aacute; cổ tr&ecirc;n h&ograve;n đảo nhỏ Misool. C&ograve;n nếu bạn l&agrave; người y&ecirc;u thực vật th&igrave; c&oacute; thể đến với đảo Waigeo - nơi được mệnh danh l&agrave; ng&ocirc;i nh&agrave; chung của đại gia đ&igrave;nh lo&agrave;i chim Thi&ecirc;n Đường.</p>\r\n\r\n<h3><strong>2. Vườn quốc gia Yala, Sri Lanka</strong></h3>\r\n\r\n<p>Nến chỉ n&oacute;i l&agrave; &ldquo;ấn tượng&rdquo; th&ocirc;i th&igrave; sẽ l&agrave; chưa đủ để mi&ecirc;u tả hết những điều bất ngờ v&agrave; th&uacute; vị m&agrave; du kh&aacute;ch sẽ cảm nhận được khi đặt ch&acirc;n tới v&ugrave;ng đất hoang d&atilde; n&agrave;y. C&ocirc;ng vi&ecirc;n Yala được biết đến l&agrave; nơi hội tụ của một trong những quần thể b&aacute;o lớn nhất tr&ecirc;n thế giới. Kh&ocirc;ng chỉ thế, đ&acirc;y cũng l&agrave; nơi tr&uacute; ngụ của c&aacute;c lo&agrave;i động vật qu&yacute; hiếm kh&aacute;c như c&aacute; sấu, c&ocirc;ng, voi, gấu ch&oacute;....</p>\r\n\r\n<p><img alt=\"Du lịch Châu Á tháng 3\" src=\"https://www.vietnambooking.com/wp-content/uploads/2017/03/du-lich-chau-a-2-15-11-2017-550x367.jpg\" style=\"height:367px; width:550px\" title=\"\" /></p>\r\n\r\n<p><em>Ảnh: Internet</em></p>\r\n\r\n<p>Cảnh quan của v&ugrave;ng Yala mang một vẻ đẹp hoang sơ nhưng vẫn kh&ocirc;ng k&eacute;m phần đa dạng. Khi đến đ&acirc;y, bạn c&oacute; thể ghi dấu ch&acirc;n m&igrave;nh tr&ecirc;n những khu đồng cỏ xanh mướt, những khu rừng nhiệt đới v&agrave; cả b&atilde;i biển trong vắt. V&agrave; những ai y&ecirc;u th&iacute;ch lịch sử chắc chắn sẽ kh&ocirc;ng thể bỏ qua di t&iacute;ch tu viện Phật gi&aacute;o cổ tại Sithulpawwa. Đ&acirc;y l&agrave; ng&ocirc;i đền c&oacute; ni&ecirc;n đại hơn 2.000 năm v&agrave; đ&atilde; từng l&agrave; nh&agrave; của những đế vương thời xa xưa.</p>\r\n\r\n<h3><strong>3. Đ&agrave;i Bắc, Đ&agrave;i Loan</strong></h3>\r\n\r\n<p>Tuy kh&ocirc;ng phải l&agrave; chốn hoa lệ với những &aacute;nh đ&egrave;n m&agrave;u sắc như Tokyo hay Bắc Kinh, thế nhưng Đ&agrave;i Bắc lại c&oacute; sức hấp dẫn kỳ lạ đối với kh&aacute;ch du lịch.&nbsp;Những m&oacute;n ăn đặc trưng truyền thống v&agrave; nổi tiếng của Đ&agrave;i Loan gần như c&oacute; mặt tại khắp c&aacute;c khu chợ đ&ecirc;m ở Đ&agrave;i Bắc. Hay một ng&ocirc;i l&agrave;ng khai th&aacute;c mỏ đ&atilde; cũ nằm tựa m&igrave;nh tr&ecirc;n c&aacute;c ngọn n&uacute;i oai nghi cũng đủ để n&iacute;u k&eacute;o bước ch&acirc;n của những du kh&aacute;ch phương xa.</p>\r\n\r\n<p><img alt=\"Du lịch Đài Bắc\" src=\"https://www.vietnambooking.com/wp-content/uploads/2017/03/du-lich-chau-a-3-15-11-2017-550x367.jpg\" style=\"height:367px; width:550px\" title=\"\" /></p>\r\n\r\n<p><em>Ảnh: Sưu tầm</em></p>\r\n\r\n<p>B&ecirc;n cạnh đ&oacute; khi đến&nbsp;<strong>du lịch Đ&agrave;i Bắc</strong>, bạn cũng sẽ c&oacute; được những trải nghiệm văn h&oacute;a đặc trưng của Đ&agrave;i Loan tại c&aacute;c điểm đến tham quan th&uacute; vị như Bảo t&agrave;ng Cung điện Quốc gia, Vườn quốc gia Yangmingshan hay Suối nước n&oacute;ng Beitou.</p>\r\n\r\n<h3><strong>4. Matsuyama, Nhật Bản</strong></h3>\r\n\r\n<p>Matsuyama l&agrave; v&ugrave;ng đất sở hữu nguồn suối nước n&oacute;ng l&acirc;u đời bậc nhất của xứ sở hoa anh đ&agrave;o v&agrave; đ&acirc;y cũng l&agrave; điểm đến được rất nhiều du kh&aacute;ch trong nước v&agrave; quốc tế y&ecirc;u th&iacute;ch. Ngo&agrave;i ra, nơi đ&acirc;y c&ograve;n c&oacute; một di t&iacute;ch kh&aacute; th&uacute; vị đ&oacute; l&agrave; nh&agrave; tắm c&ocirc;ng cộng Dōgo Onsen Honkan. Nh&agrave; tắm n&agrave;y được x&acirc;y dựng từ những năm 1800 v&agrave; cho đến tận b&acirc;y giờ, n&oacute; vẫn được lưu giữ v&agrave; xem như l&agrave; một v&iacute; dụ điển h&igrave;nh của loại h&igrave;nh kiến tr&uacute;c truyền thống v&ocirc; c&ugrave;ng phổ biến thời bấy giờ.</p>\r\n\r\n<p><img alt=\"Tour du lịch Nhật Bản\" src=\"https://www.vietnambooking.com/wp-content/uploads/2017/03/du-lich-chau-a-4-15-11-2017-550x367.jpg\" style=\"height:367px; width:550px\" title=\"\" /></p>\r\n\r\n<p><em>Ảnh: Sưu tầm</em></p>\r\n\r\n<p>Khi tham gia v&agrave;o&nbsp;<strong>tour du lịch Nhật Bản</strong>&nbsp;v&agrave; c&oacute; dịp đi đến thăm Matsuyama, du kh&aacute;ch kh&ocirc;ng n&ecirc;n bỏ qua l&acirc;u đ&agrave;i Matsuyama-jō &ndash; một địa điểm tham quan hấp dẫn tọa lạc tr&ecirc;n đỉnh n&uacute;i Katsuyama, nơi sở hữu tầm nh&igrave;n hướng ra khung cảnh m&ecirc;nh m&ocirc;ng của th&agrave;nh phố v&agrave; bến cảng.</p>\r\n\r\n<h3><strong>5.&nbsp;Mrauk U - Myanmar</strong></h3>\r\n\r\n<p>Đến với th&agrave;nh phố Mrauk U huyền b&iacute;, du kh&aacute;ch sẽ c&oacute; cảm gi&aacute;c như được đặt ch&acirc;n đến một v&ugrave;ng đất của huyền ảo, bởi h&igrave;nh ảnh những m&agrave;n sương bao tr&ugrave;m lấy cả th&agrave;nh phố v&agrave;o buổi s&aacute;ng sớm. V&agrave; khi mặt trời l&oacute; rạng cũng l&agrave; l&uacute;c những ng&ocirc;i ch&ugrave;a cổ k&iacute;nh phủ đầy r&ecirc;u bắt đầu ẩn hiện thấp tho&aacute;ng qua những t&aacute;n c&acirc;y xanh tươi tốt h&ograve;a trong sương mờ.</p>\r\n\r\n<p><img alt=\"du lich myanmar\" src=\"https://www.vietnambooking.com/wp-content/uploads/2021/08/du-lich-myanmar-mrauk-u.jpg\" style=\"height:367px; width:550px\" title=\"\" /></p>\r\n\r\n<p><em>Ảnh: Sưu tầm</em></p>\r\n\r\n<p>Đặc biệt những ng&ocirc;i ch&ugrave;a ở đ&acirc;y hầu hết c&ograve;n giữ được nguy&ecirc;n bản, chưa bị tr&ugrave;ng tu nhiều v&agrave; cũng đ&atilde; trở th&agrave;nh một trong c&aacute;c điểm đến tham quan thu h&uacute;t đ&ocirc;ng đảo du kh&aacute;ch mỗi khi c&oacute; dịp đến&nbsp;<strong>du lịch Myanmar</strong>. Để đến Mrauk U, bạn c&oacute; thể đi thuyền Sittwe dọc theo s&ocirc;ng Kaladan để c&oacute; thể vừa di chuyển vừa được ngắm nh&igrave;n cảnh vật ven s&ocirc;ng đẹp trữ t&igrave;nh, thơ mộng.</p>','2021-11-08','2021-11-08','images/2021/08/Tieu-diem-du-lich-chau-a-thang-3-2017-28-09-2017-300x200.jpg',1,'News overview'),(4,'[HOT] Đừng bỏ lỡ những vẻ đẹp của du lịch Hà Giang tháng 6',0,1,'<p>Mảnh đất địa đầu tổ quốc H&agrave; Giang kh&ocirc;ng chỉ nổi tiếng với m&ugrave;a hoa tam gi&aacute;c mạch mộng mơ th&aacute;ng 11 hay m&ugrave;a hoa đ&agrave;o th&aacute;ng 3 m&agrave; c&ograve;n khiến người ta say đắm v&igrave; m&ugrave;a nước đổ th&aacute;ng 6. Gh&eacute; thăm v&ugrave;ng cao H&agrave; Giang m&ugrave;a n&agrave;y, bạn sẽ được chi&ecirc;m ngưỡng những thửa ruộng bậc thang lấp lo&aacute;ng &aacute;nh nước trong m&ugrave;a l&uacute;a mới. H&atilde;y c&ugrave;ng Vietnam Booking kh&aacute;m ph&aacute; những h&igrave;nh ảnh đẹp nhất của<strong>&nbsp;du lịch H&agrave; Giang th&aacute;ng 6&nbsp;</strong>trong b&agrave;i viết dưới đ&acirc;y nh&eacute;.</p>\r\n\r\n<p>&nbsp;</p>\r\n\r\n<h2><a id=\"type1\" name=\"type1\"><strong>Thời tiết H&agrave; Giang th&aacute;ng 6 như thế n&agrave;o?</strong></a></h2>\r\n\r\n<p>H&agrave; Giang thuộc miền Bắc, l&agrave; nơi địa đầu tổ quốc Việt Nam n&ecirc;n sẽ c&oacute; 4 m&ugrave;a xu&acirc;n - hạ - thu - đ&ocirc;ng r&otilde; rệt. Th&aacute;ng 6 rơi v&agrave;o thời gian bắt đầu m&ugrave;a h&egrave; n&ecirc;n tiết trời nắng nhiều, nhiệt độ từ 25 - 32 độ C. Thời tiết m&ugrave;a h&egrave; kh&ocirc;ng c&ograve;n c&aacute;i r&eacute;t căm căm của gi&oacute; m&ugrave;a Đ&ocirc;ng bắc m&agrave; thay v&agrave;o đ&oacute; l&agrave; những tia nắng chan h&ograve;a chiếu rọi tr&ecirc;n những bản l&agrave;ng nơi v&ugrave;ng cao.</p>\r\n\r\n<p><img alt=\"Du lịch Hà Giang tháng 6\" src=\"https://www.vietnambooking.com/wp-content/uploads/2021/05/du-lich-ha-giang-thang-6-3.jpg\" style=\"height:518px; width:620px\" title=\"Sông Nho Quế\" /></p>\r\n\r\n<p><em>Thời tiết H&agrave; Giang th&aacute;ng 6 nắng đẹp th&iacute;ch hợp để đi du lịch | Ảnh: @hunzggg011</em></p>\r\n\r\n<p>Tiết trời quang đ&atilde;ng, trong xanh của&nbsp;th&aacute;ng 6 cũng l&agrave; thời điểm th&iacute;ch hợp để bạn tham quan v&agrave; kh&aacute;m ph&aacute; n&uacute;i rừng v&ugrave;ng cao. Tuy nhi&ecirc;n, th&aacute;ng 6 trời thường xuy&ecirc;n c&oacute; mưa n&ecirc;n bạn h&atilde;y theo d&otilde;i thời tiết thường xuy&ecirc;n để l&ecirc;n kế hoạch đi chơi ph&ugrave; hợp nh&eacute;.</p>\r\n\r\n<h2><a id=\"type2\" name=\"type2\"><strong>H&agrave; Giang th&aacute;ng 6 c&oacute; g&igrave; đẹp?</strong></a></h2>\r\n\r\n<h3><strong>1.&nbsp;<a id=\"type2_1\" name=\"type2_1\">M&ugrave;a nước đổ ở Ho&agrave;ng Su Ph&igrave;</a></strong></h3>\r\n\r\n<p><img alt=\"Du lịch Hà Giang tháng 6\" src=\"https://www.vietnambooking.com/wp-content/uploads/2021/05/du-lich-ha-giang-thang-6.jpg\" style=\"height:393px; width:620px\" title=\"Ruộng bậc thang Hoàng Su Phì mùa nước đổ\" /></p>\r\n\r\n<p><em>Những thửa ruộng bậc thang đẹp ng&acirc;y ngất khi đến m&ugrave;a nước đổ | Ảnh: Sưu tầm</em></p>\r\n\r\n<p>Một trong những h&igrave;nh ảnh đẹp nhất khi đi&nbsp;<strong>du lịch H&agrave; Giang th&aacute;ng 6</strong>&nbsp;m&agrave; bạn nhất định phải chi&ecirc;m ngưỡng ch&iacute;nh l&agrave; h&igrave;nh ảnh những thửa ruộng bậc thang ở Ho&agrave;ng Su Ph&igrave; lấp l&aacute;nh &aacute;nh nước như tấm gương phản chiếu m&acirc;y trời. Thời điểm th&aacute;ng 6 l&agrave; m&ugrave;a nước đổ ở H&agrave; Giang khi người d&acirc;n dẫn nước về những thửa ruộng để bắt đầu một m&ugrave;a l&uacute;a mới trong năm.&nbsp;</p>\r\n\r\n<p><img alt=\"Du lịch Hà Giang tháng 6\" src=\"https://www.vietnambooking.com/wp-content/uploads/2021/05/du-lich-ha-giang-thang-6-4.jpg\" style=\"height:414px; width:620px\" title=\"Người dân đi làm ruộng mùa nước đổ\" /></p>\r\n\r\n<p><em>Người d&acirc;n v&ugrave;ng cao ra đồng gieo mạ sau khi mang nước về ruộng l&uacute;a | Ảnh: Sưu tầm</em></p>\r\n\r\n<p><strong>M&ugrave;a nước đổ ở H&agrave; Giang</strong>&nbsp;mỗi năm chỉ c&oacute; 1 lần khi lượng nước dồi d&agrave;o từ những con suối đổ về mang theo ph&ugrave; sa v&agrave; dinh dưỡng từ n&uacute;i rừng. Những thửa ruộng bậc thang được đổ nước nh&igrave;n từ xa như được tr&aacute;ng một lớp gương m&agrave;u n&acirc;u đất đẹp như một bức tranh sơn dầu.</p>\r\n\r\n<h3><strong>2.&nbsp;<a id=\"type2_2\" name=\"type2_2\">Những con đ&egrave;o ngoạn mục</a></strong></h3>\r\n\r\n<p><img alt=\"Du lịch Hà Giang tháng 6\" src=\"https://www.vietnambooking.com/wp-content/uploads/2021/05/du-lich-ha-giang-thang-6-5.jpg\" style=\"height:376px; width:620px\" title=\"Những con đèo ở Hà Giang\" /></p>\r\n\r\n<p><em>Những con đ&egrave;o ngoạn mục ở H&agrave; Giang lu&ocirc;n khiến phượt thủ th&iacute;ch th&uacute; | Ảnh: Sưu tầm</em></p>\r\n\r\n<p>Nếu bạn đến kh&aacute;m ph&aacute; H&agrave; Giang v&agrave;o dịp cuối năm hoặc đầu năm tiết trời nhiều sương m&ugrave; th&igrave; sẽ kh&ocirc;ng thể chi&ecirc;m ngưỡng được hết vẻ đẹp của những con đ&egrave;o uốn lượn nơi đ&acirc;y đ&acirc;u nh&eacute;. Thay v&agrave;o đ&oacute;, th&aacute;ng 6 trời quang đ&atilde;ng sẽ l&agrave; thời điểm l&yacute; tưởng hơn để ngắm nh&igrave;n v&agrave; chinh phục những kh&uacute;c cua ngoạn mục ở H&agrave; Giang.</p>\r\n\r\n<p><img alt=\"Du lịch Hà Giang tháng 6\" src=\"https://www.vietnambooking.com/wp-content/uploads/2021/05/du-lich-ha-giang-thang-6-1.jpg\" style=\"height:407px; width:620px\" title=\"Du lịch Hà Giang tháng 6\" /></p>\r\n\r\n<p><em>Check - in mũi đ&aacute; tử thần tr&ecirc;n đ&egrave;o M&atilde; P&iacute; L&egrave;ng với khung cảnh cực đẹp | Ảnh: Sưu tầm</em></p>\r\n\r\n<p>Những con đ&egrave;o ngoạn mục uốn quanh những d&atilde;y n&uacute;i tr&ugrave;ng điệp nhấp nh&ocirc; lu&ocirc;n khiến người ta phải trầm trồ th&aacute;n phục. Nếu bạn tự tin v&agrave;o tay l&aacute;i của m&igrave;nh th&igrave; trải nghiệm phượt xe m&aacute;y đường đ&egrave;o H&agrave; Giang v&agrave;o th&aacute;ng 6 sẽ khiến bạn v&ocirc; c&ugrave;ng th&iacute;ch th&uacute; đấy.</p>\r\n\r\n<h3><strong>3.&nbsp;<a id=\"type2_3\" name=\"type2_3\">Rừng th&ocirc;ng Y&ecirc;n Minh</a></strong></h3>\r\n\r\n<p>Kh&aacute;c với những c&aacute;nh rừng th&ocirc;ng n&ecirc;n thơ hữu t&igrave;nh ở Đ&agrave; Lạt,<strong>&nbsp;rừng th&ocirc;ng Y&ecirc;n Minh&nbsp;</strong>của H&agrave; Giang lại mang một vẻ đẹp hoang sơ v&agrave; b&iacute; ẩn. V&agrave;o những ng&agrave;y th&aacute;ng 6, những cơn m&ugrave;a hạ gi&uacute;p rừng th&ocirc;ng đ&acirc;m chồi nảy lộc tạo n&ecirc;n khung xanh ngắt bạt ng&agrave;n.&nbsp;</p>\r\n\r\n<p><img alt=\"Du lịch Hà Giang tháng 6\" src=\"https://www.vietnambooking.com/wp-content/uploads/2021/05/du-lich-ha-giang-thang-6-6.jpg\" style=\"height:700px; width:620px\" title=\"Rừng thông Yên Minh\" /></p>\r\n\r\n<p><em>Rừng th&ocirc;ng Y&ecirc;n Minh đẹp mơ m&agrave;ng trong tiết trời th&aacute;ng 6 | Ảnh: @linhthocam</em></p>\r\n\r\n<p>N&uacute;i rừng Y&ecirc;n Minh chưa được khai th&aacute;c du lịch nhiều n&ecirc;n nơi đ&acirc;y vẫn c&ograve;n nguy&ecirc;n vẹn vẻ đẹp ban sơ khiến bao người đắm say. Đi dạo tr&ecirc;n con đường m&ograve;n ẩn trong rừng th&ocirc;ng Y&ecirc;n Minh v&agrave; tận hưởng bầu kh&ocirc;ng kh&iacute; trong l&agrave;nh sẽ khiến bạn thả lỏng tinh thần v&agrave; đắm ch&igrave;m trong &acirc;m vang của n&uacute;i rừng.&nbsp;</p>\r\n\r\n<h3><strong>4.&nbsp;<a id=\"type2_4\" name=\"type2_4\">Thảo nguy&ecirc;n Lao V&agrave; Chải</a></strong></h3>\r\n\r\n<p><strong>Thảo nguy&ecirc;n Lao V&agrave; Chải</strong>&nbsp;l&agrave; một trong những điểm đến mới khi đi&nbsp;<strong><a href=\"https://www.vietnambooking.com/du-lich/tour-du-lich/du-lich-ha-giang.html\">tour&nbsp;H&agrave; Giang</a></strong>&nbsp;được du kh&aacute;ch rất y&ecirc;u th&iacute;ch trong thời gian gần đ&acirc;y. Nằm c&aacute;ch trung t&acirc;m huyện Y&ecirc;n Minh khoảng 12 km về ph&iacute;a T&acirc;y, thảo nguy&ecirc;n Lao V&agrave; Chải l&agrave; một nơi rất l&atilde;ng mạn để dừng ch&acirc;n nh&acirc;m nhi ly c&agrave; ph&ecirc; v&agrave; ngắm cảnh thi&ecirc;n nhi&ecirc;n, con người v&ugrave;ng cao.</p>\r\n\r\n<p><img alt=\"Du lịch Hà Giang tháng 6\" src=\"https://www.vietnambooking.com/wp-content/uploads/2021/05/du-lich-ha-giang-thang-6-2.jpg\" style=\"height:414px; width:620px\" title=\"Thảo nguyên Lao Và Chải\" /></p>\r\n\r\n<p><em>Tận hưởng những gi&acirc;y ph&uacute;t y&ecirc;n b&igrave;nh tr&ecirc;n&nbsp;thảo nguy&ecirc;n Lao V&agrave; Chải | Ảnh: Sưu tầm</em></p>\r\n\r\n<p>Đến Lao V&agrave; Chải th&aacute;ng 6, bạn sẽ được ngắm nh&igrave;n những sườn n&uacute;i cỏ non xanh mướt với những con dốc nghi&ecirc;ng nghi&ecirc;ng xuống thung lũng thơ mộng. Ẩn hiện b&ecirc;n sườn n&uacute;i l&agrave; những nếp nh&agrave; tr&igrave;nh tường be b&eacute; với những con đường m&ograve;n uốn quanh. Ph&oacute;ng tầm mắt ra xa, bạn sẽ nh&igrave;n thấy những đ&agrave;n ngựa, đ&agrave;n d&ecirc; được chăn thả tr&ecirc;n thảo nguy&ecirc;n tạo n&ecirc;n khung cảnh y&ecirc;n b&igrave;nh đến lạ thường.</p>\r\n\r\n<h2><strong><a id=\"type3\" name=\"type3\">Kinh nghiệm du lịch H&agrave; Giang th&aacute;ng 6</a></strong></h2>\r\n\r\n<p>Nếu bạn đi&nbsp;<strong>du lịch H&agrave; Giang</strong>&nbsp;<strong>th&aacute;ng 6</strong>&nbsp;th&igrave; kh&ocirc;ng cần qu&aacute; lo lắng về chi ph&iacute; đ&acirc;u nh&eacute; v&igrave; đ&acirc;y kh&ocirc;ng phải l&agrave; m&ugrave;a du lịch cao điểm. Nếu bạn xuất ph&aacute;t từ H&agrave; Nội th&igrave; c&oacute; thể bắt xe kh&aacute;ch l&ecirc;n H&agrave; Giang với mức gi&aacute; dao động từ 250.000đ - 300.000đ/v&eacute; hoặc tự l&aacute;i xe c&aacute; nh&acirc;n. Đối với những bạn xuất ph&aacute;t từ S&agrave;i G&ograve;n, Đ&agrave; Nẵng hoặc c&aacute;c tỉnh miền Trung, Nam th&igrave; phải đặt v&eacute; m&aacute;y bay đến Nội B&agrave;i (H&agrave; Nội) rồi sau đ&oacute; mới di chuyển đến H&agrave; Giang.&nbsp;</p>\r\n\r\n<p><img alt=\"Du lịch Hà Giang tháng 6\" src=\"https://www.vietnambooking.com/wp-content/uploads/2021/05/du-lich-ha-giang-thang-6-8.jpg\" style=\"height:413px; width:620px\" title=\"Homestay tại Hà Giang\" /></p>\r\n\r\n<p>Những homestay ngắm ruộng bậc thang cực đẹp ở H&agrave; Giang | Ảnh: Sưu tầm</p>\r\n\r\n<p>C&aacute;c địa điểm lưu tr&uacute; tại H&agrave; Giang chủ yếu l&agrave; homestay, kh&aacute;ch sạn b&igrave;nh d&acirc;n v&agrave; rất &iacute;t những kh&aacute;ch sạn cao cấp. Tuy nhi&ecirc;n, những homestay ở đ&acirc;y đều được trang bị đầy đủ những tiện nghi cần thiết n&ecirc;n bạn đừng lo lắng nh&eacute;. Gi&aacute; ph&ograve;ng homestay ở đ&acirc;y cũng rất rẻ từ 200.000đ - 400.000đ/ph&ograve;ng/đ&ecirc;m.</p>\r\n\r\n<h2><a id=\"type4\" name=\"type4\"><strong>Đi H&agrave; Giang th&aacute;ng 6 n&ecirc;n mặc g&igrave;?</strong></a></h2>\r\n\r\n<p><img alt=\"Du lịch Hà Giang tháng 6\" src=\"https://www.vietnambooking.com/wp-content/uploads/2021/05/du-lich-ha-giang-thang-6-7.jpg\" style=\"height:700px; width:620px\" title=\"Trang phục du lịch Hà Giang\" /></p>\r\n\r\n<p><em>Tung tăng trong bộ v&aacute;y nhẹ nh&agrave;ng khi đi H&agrave; Giang m&ugrave;a h&egrave; | Ảnh: @vinamiu96_</em></p>\r\n\r\n<p><strong>Thời tiết H&agrave; Giang th&aacute;ng 6 nhiều nắng</strong>&nbsp;v&agrave; c&oacute; mức nhiệt cao n&ecirc;n bạn h&atilde;y tạm bỏ qua những bộ quần &aacute;o d&agrave;y ấm &aacute;p của phong c&aacute;ch thu - đ&ocirc;ng. Thay v&agrave;o đ&oacute;, bạn c&oacute; mặc những bộ c&aacute;nh mỏng nhẹ v&agrave; m&aacute;t mẻ hơn để thoải m&aacute;i đi chơi m&agrave; kh&ocirc;ng sợ n&oacute;ng. Bạn c&oacute; thể phối đồ đơn giản với: &aacute;o pull, T-shirt, quần so&oacute;c, c&aacute;c loại quần jean, &aacute;o sơ-mi mỏng, c&aacute;c loại v&aacute;y mỏng nhẹ&hellip;</p>\r\n\r\n<h2><a id=\"type5\" name=\"type5\"><strong>Một số lưu &yacute; khi đi H&agrave; Giang th&aacute;ng 6</strong></a></h2>\r\n\r\n<p><strong>Ch&uacute; &yacute; thời tiết:</strong>&nbsp;Th&aacute;ng 6 l&agrave; thời điểm bắt đầu m&ugrave;a mưa n&ecirc;n bạn h&atilde;y cập nhật thường xuy&ecirc;n t&igrave;nh h&igrave;nh thời tiết để sắp xếp lịch tr&igrave;nh ph&ugrave; hợp. Đừng qu&ecirc;n mang theo &ocirc;, &aacute;o mưa, &aacute;o kho&aacute;c chống nước,...để ph&ograve;ng hờ những cơn mưa bất chợt nh&eacute;.</p>\r\n\r\n<p><strong>Cẩn thận tay l&aacute;i:</strong>&nbsp;Thời tiết th&aacute;ng 6 nắng nhiều sẽ rất l&yacute; tưởng để chinh phục những cung đường đ&egrave;o hiểm trở. Tuy nhi&ecirc;n nếu trời đổ mưa th&igrave; bạn h&atilde;y kh&ocirc;ng n&ecirc;n l&aacute;i xe v&igrave; đường trơn trượt rất nguy hiểm m&agrave; n&ecirc;n t&igrave;m một chỗ tr&uacute; mưa an to&agrave;n v&agrave; đợi trời tạnh r&aacute;o.</p>\r\n\r\n<p><strong>L&ecirc;n kế hoạch chi tiết:&nbsp;</strong>Để c&oacute; một h&agrave;nh tr&igrave;nh su&ocirc;n sẻ th&igrave; bạn h&atilde;y l&ecirc;n kế hoạch chi tiết để kh&ocirc;ng lạc lối ở H&agrave; Giang nh&eacute;. Một kế hoạch cụ thể cũng gi&uacute;p bạn dự t&iacute;nh được kinh ph&iacute; cho chuyến đi.</p>\r\n\r\n<p>Đi&nbsp;<strong>du lịch H&agrave; Giang th&aacute;ng 6</strong>, bạn sẽ được chi&ecirc;m ngưỡng một vẻ đẹp ho&agrave;n to&agrave;n kh&aacute;c của mảnh đất v&ugrave;ng cao Đ&ocirc;ng Bắc. Đ&oacute; l&agrave; vẻ đẹp tr&agrave;n đầy sức sống của n&uacute;i rừng v&agrave; con người rực s&aacute;ng trong &aacute;nh nắng m&ugrave;a h&egrave;. H&agrave; Giang th&aacute;ng 6 hứa hẹn sẽ đem đến cho bạn một h&agrave;nh tr&igrave;nh mới lạ v&agrave; l&yacute; th&uacute;.</p>','2021-11-08','2021-11-08','images/2021/08/du-lich-ha-giang-thang-6-1-300x197.jpg',1,'News overview'),(5,'Giải mã tọa độ Cát Bà có gì đẹp đáng để tham quan',0,1,'<p>C&ugrave;ng t&igrave;m hiểu&nbsp;<strong>C&aacute;t B&agrave; c&oacute; g&igrave; đẹp</strong>&nbsp;để giải m&atilde; l&yacute; do tọa độ n&agrave;y đang ng&agrave;y c&agrave;ng thu h&uacute;t c&aacute;c du kh&aacute;ch gh&eacute; thăm hơn. Nơi đ&acirc;y vẫn c&ograve;n giữ được nhiều cảnh đẹp tự nhi&ecirc;n tuyệt mỹ nhờ sự biệt lập c&ugrave;ng nền kh&iacute; hậu trong l&agrave;nh.</p>\r\n\r\n<h2><a id=\"type1\" name=\"type1\"><strong>Ở C&aacute;t B&agrave; c&oacute; g&igrave; đẹp để thăm th&uacute;</strong></a></h2>\r\n\r\n<h3><strong>1.&nbsp;<a id=\"type1_1\" name=\"type1_1\">Vịnh Lan Hạ</a></strong></h3>\r\n\r\n<p><strong>Vịnh Lan Hạ&nbsp;</strong>nằm ngay b&ecirc;n cạnh vịnh Hạ Long, ph&iacute;a đ&ocirc;ng đảo C&aacute;t B&agrave; v&agrave; vẫn chưa được nhiều người biết đến n&ecirc;n c&ograve;n kh&aacute; y&ecirc;n tĩnh. Vịnh c&oacute; tổng diện t&iacute;ch l&ecirc;n đến hơn 7.000ha với khoảng 400 h&ograve;n đảo lớn nhỏ, đủ h&igrave;nh th&ugrave; kh&aacute;c nhau. Theo&nbsp;<a href=\"https://www.vietnambooking.com/du-lich/trai-nghiem/kinh-nghiem-di-dao-cat-ba.html\"><strong>kinh nghiệm du lịch C&aacute;t B&agrave;</strong></a>&nbsp;bạn c&oacute; thể gh&eacute; thăm nơi đ&acirc;y v&agrave;o bất cứ thời điểm n&agrave;o trong năm, nhưng l&uacute;c được nhiều người gh&eacute; thăm nhất l&agrave; khoảng h&egrave; từ th&aacute;ng 4 &ndash; th&aacute;ng 10.</p>\r\n\r\n<p><img alt=\"Cát Bà có gì đẹp\" src=\"https://www.vietnambooking.com/wp-content/uploads/2021/05/cat-ba-co-gi-dep-1.jpg\" style=\"height:465px; width:620px\" title=\"Vịnh Lan Hạ\" /></p>\r\n\r\n<p><em>Vịnh Lan Hạ địa điểm du lịch h&egrave; cực chất (Ảnh: @thanhtungbn1988)</em></p>\r\n\r\n<h3><strong>2.&nbsp;<a id=\"type1_2\" name=\"type1_2\">Đảo Khỉ</a></strong></h3>\r\n\r\n<p>Sở dĩ nơi đ&acirc;y c&oacute; t&ecirc;n gọi&nbsp;<strong>Đảo Khỉ&nbsp;</strong>l&agrave; bởi n&oacute; c&oacute; bầy khỉ v&ocirc; c&ugrave;ng vui nhộn, th&iacute;ch hợp với những đo&agrave;n đi c&ugrave;ng gia đ&igrave;nh c&oacute; con nhỏ. Hơn nữa nếu th&iacute;ch h&ograve;a m&igrave;nh v&agrave;o biển khơi hay thử cảm gi&aacute;c tận mắt quan s&aacute;t cuộc sống dưới l&ograve;ng biển th&igrave; du kh&aacute;ch cũng c&oacute; thể tham gia tour lặn ngay tr&ecirc;n đảo với gi&aacute; khoảng 1 triệu đồng/30 ph&uacute;t c&oacute; huấn luyện vi&ecirc;n hướng dẫn. Tr&ecirc;n đảo c&oacute; b&atilde;i tắm C&aacute;t Dứa tuyệt đẹp, sở hữu nước biển trong veo khiến bao người th&iacute;ch th&uacute;. Trước mặt b&atilde;i tắm ch&iacute;nh l&agrave; c&aacute;c d&atilde;y n&uacute;i nhấp nh&ocirc; tạo n&ecirc;n khung cảnh vịnh cực kỳ tươi đẹp.</p>\r\n\r\n<h3><strong>3.&nbsp;<a id=\"type1_3\" name=\"type1_3\">Vườn quốc gia C&aacute;t B&agrave;</a></strong></h3>\r\n\r\n<p>Nơi đ&acirc;y được c&ocirc;ng nhận l&agrave; khu dự trữ sinh quyển lớn nhất thế giới nhờ c&oacute; hệ động thực vật phong ph&uacute;, hoang sơ, một điểm tham quan l&yacute; th&uacute; tại C&aacute;t B&agrave;. Bạn chỉ cần bỏ ra &iacute;t tiền v&eacute; l&agrave; đ&atilde; c&oacute; thể lựa chọn những tuyến du lịch sinh th&aacute;i để chi&ecirc;m ngưỡng cảnh quan thực vật đa dạng trong&nbsp;<strong>vườn quốc gia C&aacute;t B&agrave;</strong>, hoặc gh&eacute; thăm v&agrave;i hang động nổi tiếng như Trung Trang, hang Dơi&hellip;</p>\r\n\r\n<p>Đừng qu&ecirc;n thử sức đi bộ trong rừng, đạp xe đường rừng hoặc bất ngờ ngặp v&agrave;i lo&agrave;i th&uacute; qu&yacute; hiếm như khỉ đầu đỏ, vọoc&hellip; Chắc chắn đ&acirc;y sẽ l&agrave; những trải nghiệm kh&oacute; qu&ecirc;n đối với nhiều du kh&aacute;ch, đặc biệt bạn c&ograve;n c&oacute; cơ hội nếm thử sản vật mật ong rừng, tr&agrave; hồng hoa&hellip; tại đ&acirc;y nữa đấy.</p>\r\n\r\n<p><img alt=\"Cát Bà có gì đẹp\" src=\"https://www.vietnambooking.com/wp-content/uploads/2021/05/cat-ba-co-gi-dep-2.jpg\" style=\"height:464px; width:620px\" title=\"Vườn quốc gia Cát Bà\" /></p>\r\n\r\n<p><em>Vườn quốc gia C&aacute;t B&agrave; với hệ động - thực vật phong ph&uacute; (Ảnh: @vietnamamazingtours)</em></p>\r\n\r\n<h3><strong>4.&nbsp;<a id=\"type1_4\" name=\"type1_4\">Biển C&aacute;t C&ograve;</a></strong></h3>\r\n\r\n<p>C&aacute;t B&agrave; c&oacute; 3 b&atilde;i tắm nổi tiếng l&agrave; C&aacute;t C&ograve; 1, 2 v&agrave; 3 nhờ l&agrave;n nước trong vắt v&agrave; nằm ngay gần trung t&acirc;m thị trấn. Trong đ&oacute; b&atilde;i tắm C&aacute;t C&ograve; 1 l&agrave; rộng hơn cả khi c&oacute; ba mặt được n&uacute;i đ&aacute; bao bọc, b&atilde;i C&aacute;t C&ograve; 2 v&agrave; 3 th&igrave; nhỏ hơn nhưng lại th&iacute;ch hợp với những bạn muốn t&igrave;m đến những nơi &iacute;t người, hoang sơ. C&aacute;c b&atilde;i tắm được con đường nhỏ men theo triền n&uacute;i nối với nhau.</p>\r\n\r\n<p><img alt=\"Cát Bà có gì đẹp\" src=\"https://www.vietnambooking.com/wp-content/uploads/2021/05/cat-ba-co-gi-dep-3.jpg\" style=\"height:465px; width:620px\" title=\"Biển Cát Cò\" /></p>\r\n\r\n<p><em>Tắm biển C&aacute;t C&ograve; 3 - C&aacute;t B&agrave; (Ảnh: @findingwildtogether)</em></p>\r\n\r\n<h3><strong>5.&nbsp;<a id=\"type1_5\" name=\"type1_5\">Ph&aacute;o đ&agrave;i thần c&ocirc;ng</a></strong></h3>\r\n\r\n<p><strong>Ph&aacute;o đ&agrave;i thần c&ocirc;ng</strong>&nbsp;nằm ở độ cao 177m, l&agrave; khu di t&iacute;ch lịch sử được qu&acirc;n đội Việt Nam x&acirc;y dựng từ những năm 40 của thế kỷ 20. Hiện tại đ&acirc;y vẫn c&ograve;n lưu giữ 2 khẩu ph&aacute;o lớn, mỗi khẩu c&oacute; trọng lượng đến h&agrave;ng chục tấn. Ngo&agrave;i tham quan ph&aacute;o đ&agrave;i th&igrave; du kh&aacute;ch gh&eacute; thăm c&ograve;n c&oacute; thể ngắm nh&igrave;n nhiều địa điểm tham quan quen thuộc như vịnh Lan Hạ, h&ograve;n Guốc&hellip; Từ ph&aacute;o đ&agrave;i thần c&ocirc;ng bạn c&oacute; thể nh&igrave;n bao qu&aacute;t vẻ đẹp tạo h&oacute;a đ&atilde; ban tặng cho Việt Nam.</p>\r\n\r\n<p><img alt=\"Cát Bà có gì đẹp\" src=\"https://www.vietnambooking.com/wp-content/uploads/2021/05/cat-ba-co-gi-dep-4.jpg\" style=\"height:464px; width:620px\" title=\"Pháo đài thần công\" /></p>\r\n\r\n<p><em>Từ tr&ecirc;n ​ph&aacute;o đ&agrave;i thần c&ocirc;ng bạn c&oacute; thể ngắm nh&igrave;n bao qu&aacute;t khung cảnh xung quanh (Ảnh: @lengoc3107)</em></p>\r\n\r\n<h3><strong>6.&nbsp;<a id=\"type1_6\" name=\"type1_6\">L&agrave;ng ch&agrave;i C&aacute;i B&egrave;o</a></strong></h3>\r\n\r\n<p><strong>L&agrave;ng ch&agrave;i C&aacute;i B&egrave;o&nbsp;</strong>c&ograve;n được biết đến với c&aacute;i t&ecirc;n kh&aacute;c l&agrave; l&agrave;ng Vung O với nhiều di t&iacute;ch cổ c&ograve;n s&oacute;t lại. Tuy kh&ocirc;ng được s&ocirc;i động như bến t&agrave;u ra vịnh Lan Hạ nhưng l&agrave;ng ch&agrave;i n&agrave;y lại kh&aacute; đa dạng c&aacute;c loại t&agrave;u, thuyền, đ&ograve; sẵn s&agrave;ng đ&oacute;n đo&agrave;n đến kh&aacute;m ph&aacute; vẻ đẹp thanh b&igrave;nh của l&agrave;ng ch&agrave;i cổ nhất Việt Nam. Thường du kh&aacute;ch gh&eacute; đ&acirc;y sẽ th&iacute;ch thu&ecirc; t&agrave;u để t&igrave;m hiểu cuộc sống d&acirc;n ch&agrave;i, nơi trốn l&yacute; tưởng để rời xa khỏi những bộn bề trong cuộc sống.</p>\r\n\r\n<p><img alt=\"Cát Bà có gì đẹp\" src=\"https://www.vietnambooking.com/wp-content/uploads/2021/05/cat-ba-co-gi-dep-5.jpg\" style=\"height:775px; width:620px\" title=\"Làng chài Cái Bèo\" /></p>\r\n\r\n<p><em>L&agrave;ng ch&agrave;i C&aacute;i B&egrave;o với đủ loại thuyền b&egrave; sẵn s&agrave;ng đ&oacute;n qu&yacute; kh&aacute;ch đi tham quan (Ảnh: @ha_my2510)</em></p>\r\n\r\n<h3><strong>7.&nbsp;<a id=\"type1_7\" name=\"type1_7\">Thung lũng bướm</a></strong></h3>\r\n\r\n<p><strong>Thung lũng bướm&nbsp;</strong>l&agrave; khu vực biệt ở trung t&acirc;m đảo, một nơi tuyệt vời để du kh&aacute;ch c&oacute; thể lang thang cả ng&agrave;y v&agrave; thỏa sức ngắm nh&igrave;n c&acirc;y cối xanh tươi, chi&ecirc;m ngưỡng v&agrave;i ch&uacute; bướm xinh đẹp. Ở đ&acirc;y c&oacute; sự xuất hiện rất nhiều lo&agrave;i bướm kh&aacute;c nhau với đủ m&agrave;u sắc sặc sỡ. B&ecirc;n cạnh đ&oacute; đến với l&agrave;ng Li&ecirc;n Minh bạn c&ograve;n c&oacute; thể thưởng thức hoa sim hay sim rừng.</p>\r\n\r\n<h2><a id=\"type2\" name=\"type2\"><strong>Nhiều hoạt động đặc sắc kh&ocirc;ng thể bỏ lỡ</strong></a></h2>\r\n\r\n<h3><strong>1.&nbsp;<a id=\"type2_1\" name=\"type2_1\">Tắm biển</a></strong></h3>\r\n\r\n<p>Sau khi đến trung t&acirc;m C&aacute;t B&agrave;, du kh&aacute;ch c&oacute; thể h&ograve;a m&igrave;nh v&agrave;o khung cảnh thi&ecirc;n nhi&ecirc;n tươi đẹp c&ugrave;ng l&agrave;n nước xanh trong của những thi&ecirc;n đường b&atilde;i biển đẹp nhất ở C&aacute;t B&agrave; như b&atilde;i tắm C&aacute;t Dứa, b&atilde;i tắm C&aacute;t C&ograve;, b&atilde;i T&ugrave;ng L&acirc;m hay Vạn Bội...</p>\r\n\r\n<h3><strong>2.&nbsp;<a id=\"type2_2\" name=\"type2_2\">Lặn biển ngắm san h&ocirc;</a></strong></h3>\r\n\r\n<p>Đừng bỏ lỡ cơ hội được kh&aacute;m ph&aacute; cụm san h&ocirc; đỏ với nhiều hải sản qu&yacute; như b&agrave;o ngư, ngọc trai, t&ocirc;m rồng hay đ&agrave;n c&aacute; đủ m&agrave;u sắc dưới l&agrave;n nước biển trong xanh. Tại đ&acirc;y ch&uacute;ng ta c&oacute; thể kh&aacute;m ph&aacute; được trọn vẹn C&aacute;t B&agrave; c&oacute; g&igrave; đẹp. Bạn n&ecirc;n gh&eacute; qua Trung t&acirc;m lặn biển&nbsp;<strong>Monkey Island Resort</strong>&nbsp;(đảo Khỉ) để tham gia lặn.</p>\r\n\r\n<p><img alt=\"Cát Bà có gì đẹp\" src=\"https://www.vietnambooking.com/wp-content/uploads/2021/05/cat-ba-co-gi-dep-6.jpg\" style=\"height:465px; width:620px\" title=\"Monkey Island Resort\" /></p>\r\n\r\n<p><em>Monkey Island Resort thường được c&aacute;c du kh&aacute;ch chọn l&agrave;m điểm đến lặn biển (Ảnh: @kei___official)</em></p>\r\n\r\n<h3><strong>3.&nbsp;<a id=\"type2_3\" name=\"type2_3\">Dạo biển v&agrave;o buổi tối</a></strong></h3>\r\n\r\n<p>Buổi tối kh&aacute;ch đi&nbsp;<a href=\"https://www.vietnambooking.com/du-lich/tour-du-lich/du-lich-mien-bac.html\"><strong>tour du lịch miền Bắc gi&aacute; rẻ</strong></a>&nbsp;c&oacute; thể thu&ecirc; xe điện, xe đạp hay xe m&aacute;y để h&iacute;t thở kh&ocirc;ng kh&iacute; thị trấn C&aacute;t B&agrave; v&agrave;o ban đ&ecirc;m hết sức trong l&agrave;nh. Nhưng cần lưu &yacute; l&agrave; cuối tuần ở đ&acirc;y cấm xe n&ecirc;n ch&uacute;ng ta chỉ c&oacute; thể đi bộ. V&agrave;i người thường th&iacute;ch tản bộ men theo những con đường ven n&uacute;i nối liền 3 b&atilde;i tắm ch&iacute;nh v&agrave;o buổi tối để h&iacute;t h&agrave; thứ kh&ocirc;ng kh&iacute; biển xanh m&aacute;t lạnh.</p>\r\n\r\n<h3><strong>4.&nbsp;<a id=\"type2_4\" name=\"type2_4\">Leo n&uacute;i</a></strong></h3>\r\n\r\n<p>Leo n&uacute;i l&agrave; loại h&igrave;nh du lịch mạo hiểm kh&aacute; được ưa th&iacute;ch tại C&aacute;t B&agrave;, rất th&iacute;ch hợp với những ai đam m&ecirc; thử th&aacute;ch. Một số địa điểm leo n&uacute;i được ưa th&iacute;ch tại đ&acirc;y ch&iacute;nh l&agrave; đảo Đầu B&ecirc;, v&aacute;ch n&uacute;i ở Bến B&egrave;o, đảo Ba Tr&aacute;i Đ&agrave;o&hellip;</p>\r\n\r\n<p><img alt=\"Cát Bà có gì đẹp\" src=\"https://www.vietnambooking.com/wp-content/uploads/2021/05/cat-ba-co-gi-dep-7.jpg\" style=\"height:412px; width:620px\" title=\"Leo núi\" /></p>\r\n\r\n<p><em>Leo v&aacute;ch n&uacute;i ở Bến B&egrave;o (Ảnh: Sưu tầm)</em></p>\r\n\r\n<h3><strong>5.&nbsp;<a id=\"type2_5\" name=\"type2_5\">Kh&aacute;m ph&aacute; c&aacute;c hang động</a></strong></h3>\r\n\r\n<p>Bạn c&oacute; thể gh&eacute; Động Đ&aacute; Hoa&nbsp;nằm ở d&atilde;y n&uacute;i ph&iacute;a đ&ocirc;ng Bắc, l&agrave; một địa danh nổi bật trong c&aacute;c h&agrave;nh tr&igrave;nh đi khảo cứu. C&aacute;c hang động hấp dẫn để du kh&aacute;ch kh&aacute;m ph&aacute; c&oacute; thể kể đến ch&iacute;nh l&agrave;: hang Trung Trang, động Qu&acirc;n Y&hellip; với đủ loại nhũ đ&aacute; đủ h&igrave;nh th&ugrave; kh&aacute;c nhau.</p>\r\n\r\n<h3><strong>6.&nbsp;<a id=\"type2_6\" name=\"type2_6\">Thưởng thức m&oacute;n ngon</a></strong></h3>\r\n\r\n<p>C&aacute;c loại hải sản ở Lan Hạ v&ocirc; c&ugrave;ng đa dạng, c&oacute; cua biển, tu h&agrave;i, sam biển, t&ocirc;m h&ugrave;m, rắn biển&hellip; Trong số đ&oacute; bạn nhất định phải thưởng thức m&oacute;n sam biển nướng, t&ocirc;m h&ugrave;m đ&uacute;t l&ograve; sốt trứng v&agrave; cua rang muối đấy.</p>\r\n\r\n<p><img alt=\"Cát Bà có gì đẹp\" src=\"https://www.vietnambooking.com/wp-content/uploads/2021/05/cat-ba-co-gi-dep-8.jpg\" style=\"height:365px; width:620px\" title=\"Sam biển nướng \" /></p>\r\n\r\n<p><em>Sam biển nướng (Ảnh: Sưu tầm)</em></p>','2021-11-08','2021-11-08','images/2021/08/cat-ba-co-gi-dep-2-300x225.jpg',1,'News overview');
/*!40000 ALTER TABLE `tourbooking_news` ENABLE KEYS */;
UNLOCK TABLES;

--
-- Table structure for table `tourbooking_ordertour`
--

DROP TABLE IF EXISTS `tourbooking_ordertour`;
/*!40101 SET @saved_cs_client     = @@character_set_client */;
/*!50503 SET character_set_client = utf8mb4 */;
CREATE TABLE `tourbooking_ordertour` (
  `id` bigint NOT NULL AUTO_INCREMENT,
  `date_add` datetime(6) NOT NULL,
  `adult` int NOT NULL,
  `children` int NOT NULL,
  `total` double NOT NULL,
  `tour_id` bigint NOT NULL,
  `user_id` bigint NOT NULL,
  PRIMARY KEY (`id`),
  KEY `tourbooking_ordertour_tour_id_3075a3ba_fk_tourbooking_tours_id` (`tour_id`),
  KEY `tourbooking_ordertour_user_id_65c8c6f7_fk_tourbooking_user_id` (`user_id`),
  CONSTRAINT `tourbooking_ordertour_tour_id_3075a3ba_fk_tourbooking_tours_id` FOREIGN KEY (`tour_id`) REFERENCES `tourbooking_tours` (`id`),
  CONSTRAINT `tourbooking_ordertour_user_id_65c8c6f7_fk_tourbooking_user_id` FOREIGN KEY (`user_id`) REFERENCES `tourbooking_user` (`id`)
) ENGINE=InnoDB AUTO_INCREMENT=8 DEFAULT CHARSET=utf8mb3 COLLATE=utf8_unicode_ci;
/*!40101 SET character_set_client = @saved_cs_client */;

--
-- Dumping data for table `tourbooking_ordertour`
--

LOCK TABLES `tourbooking_ordertour` WRITE;
/*!40000 ALTER TABLE `tourbooking_ordertour` DISABLE KEYS */;
INSERT INTO `tourbooking_ordertour` VALUES (1,'2021-11-14 15:46:50.458866',1,0,248000000,6,1),(2,'2021-11-14 15:49:10.532319',2,0,496000000,6,1),(3,'2021-11-14 15:50:46.959882',1,0,248000000,6,1),(4,'2021-12-01 11:05:07.099133',1,0,5099000,15,11),(5,'2021-12-01 11:07:16.121100',3,0,6297000,1,11),(6,'2021-12-06 11:33:00.052523',1,0,2099000,1,1),(7,'2021-12-06 11:33:12.149426',2,0,4198000,1,1);
/*!40000 ALTER TABLE `tourbooking_ordertour` ENABLE KEYS */;
UNLOCK TABLES;

--
-- Table structure for table `tourbooking_ratingtour`
--

DROP TABLE IF EXISTS `tourbooking_ratingtour`;
/*!40101 SET @saved_cs_client     = @@character_set_client */;
/*!50503 SET character_set_client = utf8mb4 */;
CREATE TABLE `tourbooking_ratingtour` (
  `id` bigint NOT NULL AUTO_INCREMENT,
  `star` int NOT NULL,
  `tour_id` bigint DEFAULT NULL,
  `user_id` bigint NOT NULL,
  `content` longtext COLLATE utf8mb4_unicode_ci NOT NULL DEFAULT (_utf8mb3'Tour xuat sac'),
  `date_add` datetime(6) NOT NULL,
  `date_update` datetime(6) NOT NULL,
  PRIMARY KEY (`id`),
  KEY `tourbooking_ratingtour_tour_id_80cf5079_fk_tourbooking_tours_id` (`tour_id`),
  KEY `tourbooking_ratingtour_user_id_799802da` (`user_id`),
  CONSTRAINT `tourbooking_ratingtour_tour_id_80cf5079_fk_tourbooking_tours_id` FOREIGN KEY (`tour_id`) REFERENCES `tourbooking_tours` (`id`),
  CONSTRAINT `tourbooking_ratingtour_user_id_799802da_fk_tourbooking_user_id` FOREIGN KEY (`user_id`) REFERENCES `tourbooking_user` (`id`)
) ENGINE=InnoDB AUTO_INCREMENT=39 DEFAULT CHARSET=utf8mb4 COLLATE=utf8mb4_unicode_ci;
/*!40101 SET character_set_client = @saved_cs_client */;

--
-- Dumping data for table `tourbooking_ratingtour`
--

LOCK TABLES `tourbooking_ratingtour` WRITE;
/*!40000 ALTER TABLE `tourbooking_ratingtour` DISABLE KEYS */;
INSERT INTO `tourbooking_ratingtour` VALUES (1,5,7,3,'Tour xuat sac','2021-11-13 00:00:00.000000','2021-11-13 00:00:00.000000'),(2,4,7,7,'Tour xuat sac','2021-11-13 00:00:00.000000','2021-11-13 00:00:00.000000'),(3,5,4,1,'Tour xuat sac','2021-11-13 00:00:00.000000','2021-11-13 00:00:00.000000'),(4,2,4,6,'Tour xuat sac','2021-11-13 00:00:00.000000','2021-11-13 00:00:00.000000'),(5,1,4,5,'Tour xuat sac','2021-11-13 00:00:00.000000','2021-11-13 00:00:00.000000'),(6,5,4,11,'Quá tuyệt vời','2021-11-13 00:00:00.000000','2021-11-13 00:00:00.000000'),(7,5,7,3,'tuyet voi','2021-11-14 00:00:00.000000','2021-11-14 00:00:00.000000'),(9,5,15,1,'xuất sắc','2021-11-14 00:00:00.000000','2021-11-14 00:00:00.000000'),(12,5,15,1,'hay','2021-11-14 00:00:00.000000','2021-11-14 00:00:00.000000'),(16,5,1,1,'dawsdawd','2021-11-14 00:00:00.000000','2021-11-14 00:00:00.000000'),(17,5,1,1,'edwedweda','2021-11-14 00:00:00.000000','2021-11-14 00:00:00.000000'),(18,5,1,1,'eqweqwed','2021-11-14 00:00:00.000000','2021-11-14 00:00:00.000000'),(19,5,1,1,'dfsfsdf','2021-11-14 00:00:00.000000','2021-11-14 00:00:00.000000'),(20,5,6,1,'ihjgjk','2021-11-14 00:00:00.000000','2021-11-14 00:00:00.000000'),(21,5,6,1,'t4wvtwet','2021-11-14 00:00:00.000000','2021-11-14 00:00:00.000000'),(22,5,7,1,'gredfbdh','2021-11-14 00:00:00.000000','2021-11-14 00:00:00.000000'),(23,5,7,1,'fdeswfe','2021-11-14 00:00:00.000000','2021-11-14 00:00:00.000000'),(24,5,7,1,'dwdw','2021-11-14 00:00:00.000000','2021-11-14 00:00:00.000000'),(25,5,7,1,'uiop','2021-11-14 00:00:00.000000','2021-11-14 00:00:00.000000'),(26,5,7,1,'dasdasd','2021-11-14 13:27:57.798278','2021-11-14 13:27:57.798278'),(27,5,7,1,'gdkfhjgk','2021-11-14 13:29:28.006312','2021-11-14 13:29:28.006312'),(28,5,7,1,'vdxvxv','2021-11-14 13:50:40.081585','2021-11-14 13:50:40.081585'),(29,5,7,1,'fsedfsdf','2021-11-14 14:09:27.117081','2021-11-14 14:09:27.117081'),(30,5,6,1,'yutuy','2021-11-14 15:14:31.494181','2021-11-14 15:14:31.494181'),(31,5,6,1,'vdfg','2021-11-14 15:18:59.491839','2021-11-14 15:18:59.491839'),(33,5,2,1,'Best Tour','2021-12-06 09:07:12.829072','2021-12-06 09:07:12.829072'),(34,5,2,1,'ihjksf','2021-12-06 09:08:07.380522','2021-12-06 09:08:07.380522'),(35,5,2,1,'fsdfsdgcxv','2021-12-06 09:09:19.933306','2021-12-06 09:09:19.933306'),(36,5,15,1,'vdsfdsgfds','2021-12-06 09:14:47.223855','2021-12-06 09:14:47.223855'),(38,5,3,1,'perfect','2021-12-06 11:34:43.993003','2021-12-06 11:34:43.993003');
/*!40000 ALTER TABLE `tourbooking_ratingtour` ENABLE KEYS */;
UNLOCK TABLES;

--
-- Table structure for table `tourbooking_tourimages`
--

DROP TABLE IF EXISTS `tourbooking_tourimages`;
/*!40101 SET @saved_cs_client     = @@character_set_client */;
/*!50503 SET character_set_client = utf8mb4 */;
CREATE TABLE `tourbooking_tourimages` (
  `id` bigint NOT NULL AUTO_INCREMENT,
  `image` varchar(100) COLLATE utf8_unicode_ci NOT NULL,
  `tour_id` bigint DEFAULT NULL,
  PRIMARY KEY (`id`),
  KEY `tourbooking_tourimages_tour_id_9be9bc5a_fk_tourbooking_tours_id` (`tour_id`),
  CONSTRAINT `tourbooking_tourimages_tour_id_9be9bc5a_fk_tourbooking_tours_id` FOREIGN KEY (`tour_id`) REFERENCES `tourbooking_tours` (`id`)
) ENGINE=InnoDB AUTO_INCREMENT=15 DEFAULT CHARSET=utf8mb3 COLLATE=utf8_unicode_ci;
/*!40101 SET character_set_client = @saved_cs_client */;

--
-- Dumping data for table `tourbooking_tourimages`
--

LOCK TABLES `tourbooking_tourimages` WRITE;
/*!40000 ALTER TABLE `tourbooking_tourimages` DISABLE KEYS */;
INSERT INTO `tourbooking_tourimages` VALUES (1,'images/2021/11/tour-buon-me-thuot-1-ngay-4.jpg',1),(2,'images/2021/11/tour-buon-me-thuot-1-ngay-6.jpg',1),(3,'images/2021/11/tour-tay-nguyen-buon-me-thuot-pleiku-kon-tum-4n3d-6.jpg',1),(4,'images/2021/11/tour-tay-nguyen-buon-me-thuot-pleiku-kon-tum-4n3d-7.jpg',1),(5,'images/2021/11/tour-tay-nguyen-buon-me-thuot-pleiku-kon-tum-4n3d-8.jpg',1),(6,'images/2021/11/cho-noi-cao-rang-10.jpg',2),(7,'images/2021/11/chuacokienancung.jpg',2),(8,'images/2021/11/ha-tien.jpg',2),(9,'images/2021/11/kien-truc-go-thien-vien-truc-lam-phuong-nam.jpg',2),(10,'images/2021/11/mieu-ba-chua-xu.jpg',2),(11,'images/2021/11/du-lich-my-tho-can-tho-2-ngay-1.jpg',3),(12,'images/2021/11/du-lich-my-tho-can-tho-2-ngay-2.jpg',3),(13,'images/2021/11/du-lich-my-tho-can-tho-2-ngay-4.jpg',3),(14,'images/2021/11/du-lich-my-tho-can-tho-2-ngay-6.jpg',3);
/*!40000 ALTER TABLE `tourbooking_tourimages` ENABLE KEYS */;
UNLOCK TABLES;

--
-- Table structure for table `tourbooking_tours`
--

DROP TABLE IF EXISTS `tourbooking_tours`;
/*!40101 SET @saved_cs_client     = @@character_set_client */;
/*!50503 SET character_set_client = utf8mb4 */;
CREATE TABLE `tourbooking_tours` (
  `id` bigint NOT NULL AUTO_INCREMENT,
  `name` varchar(100) CHARACTER SET utf8mb4 COLLATE utf8mb4_unicode_ci NOT NULL,
  `status` tinyint(1) NOT NULL,
  `content` longtext CHARACTER SET utf8mb4 COLLATE utf8mb4_unicode_ci NOT NULL,
  `date_add` date NOT NULL,
  `date_update` date NOT NULL,
  `image` varchar(100) CHARACTER SET utf8mb4 COLLATE utf8mb4_unicode_ci NOT NULL,
  `hotline` varchar(10) CHARACTER SET utf8mb4 COLLATE utf8mb4_unicode_ci DEFAULT NULL,
  `views` int NOT NULL,
  `category_tour_id` bigint DEFAULT NULL,
  `price` double NOT NULL,
  `destination_id` bigint DEFAULT NULL,
  `time` varchar(100) CHARACTER SET utf8mb4 COLLATE utf8mb4_unicode_ci DEFAULT NULL,
  `traffic` varchar(100) CHARACTER SET utf8mb4 COLLATE utf8mb4_unicode_ci DEFAULT NULL,
  `price_children` double NOT NULL,
  `start_date` date NOT NULL,
  PRIMARY KEY (`id`),
  KEY `tourbooking_travel_category_travel_id_ec51ff25_fk_tourbooki` (`category_tour_id`),
  KEY `tourbooking_travel_location_id_20d390dc_fk_tourbooki` (`destination_id`),
  CONSTRAINT `tourbooking_tours_category_tour_id_6ffd9093_fk_tourbooki` FOREIGN KEY (`category_tour_id`) REFERENCES `tourbooking_categorytour` (`id`),
  CONSTRAINT `tourbooking_tours_destination_id_58d2294c_fk_tourbooki` FOREIGN KEY (`destination_id`) REFERENCES `tourbooking_location` (`id`)
) ENGINE=InnoDB AUTO_INCREMENT=16 DEFAULT CHARSET=utf8mb4 COLLATE=utf8mb4_unicode_ci;
/*!40101 SET character_set_client = @saved_cs_client */;

--
-- Dumping data for table `tourbooking_tours`
--

LOCK TABLES `tourbooking_tours` WRITE;
/*!40000 ALTER TABLE `tourbooking_tours` DISABLE KEYS */;
INSERT INTO `tourbooking_tours` VALUES (1,'Tour Buôn Mê Thuột 2 ngày 1 đêm | Hồ Lắk – Thác Dray Nur – Buôn Đôn – Làng cà phê',1,'<p>H&agrave;nh tr&igrave;nh tour Bu&ocirc;n M&ecirc; Thuột 2 ng&agrave;y 1 đ&ecirc;m sẽ đưa qu&yacute; kh&aacute;ch đi kh&aacute;m ph&aacute; những địa điểm hấp dẫn nhất của mảnh đất T&acirc;y Nguy&ecirc;n đại ng&agrave;n.</p>\r\n\r\n<p><strong>ĐIỂM NỔI BẬT NHẤT:</strong></p>\r\n\r\n<p>Tham quan hồ Lắk thơ mộng giữa n&uacute;i rừng đại ng&agrave;n T&acirc;y Nguy&ecirc;n</p>\r\n\r\n<p>Chi&ecirc;m ngưỡng th&aacute;c Dray Nur h&ugrave;ng vĩ với d&ograve;ng nước trắng x&oacute;a</p>\r\n\r\n<p>Trải nghiệm văn h&oacute;a đồng b&agrave;o d&acirc;n tộc tại Bu&ocirc;n Đ&ocirc;n</p>\r\n\r\n<p>T&igrave;m hiểu đặc sản c&agrave; ph&ecirc; miền đất cao nguy&ecirc;n</p>\r\n\r\n<p>Thưởng thức ẩm thực địa phương độc đ&aacute;o</p>\r\n\r\n<p><u><strong>NG&Agrave;Y 1: BU&Ocirc;N M&Ecirc; THUỘT &ndash; HỒ LAK (ĂN TRƯA/TỐI)</strong></u><br />\r\nS&aacute;ng: Xe v&agrave; hướng dẫn vi&ecirc;n của Vietnam Booking sẽ đ&oacute;n qu&yacute; kh&aacute;ch tại điểm hẹn (s&acirc;n bay) tại th&agrave;nh phố Bu&ocirc;n M&ecirc; Thuột để khởi h&agrave;nh đi hồ Lắk &ndash; bắt đầu chương tr&igrave;nh tour Bu&ocirc;n M&ecirc; Thuột 2 ng&agrave;y 1 đ&ecirc;m.</p>\r\n\r\n<p>Đến hồ Lắk, hướng dẫn vi&ecirc;n đưa qu&yacute; kh&aacute;ch đi:</p>\r\n\r\n<p>Chi&ecirc;m ngưỡng khung cảnh b&igrave;nh y&ecirc;n của của l&ograve;ng hồ giữa đại ng&agrave;n T&acirc;y Nguy&ecirc;n</p>\r\n\r\n<p>Tham quan biệt điện nghỉ m&aacute;t tuyệt đẹp của vua Bảo Đại</p>\r\n\r\n<p>Trải nghiệm cưỡi voi v&agrave; gh&eacute; thăm c&aacute;c bu&ocirc;n l&agrave;ng của người d&acirc;n tộc tr&ecirc;n T&acirc;y Nguy&ecirc;n.&nbsp;</p>\r\n\r\n<p>Trưa: Qu&yacute; kh&aacute;ch d&ugrave;ng bữa trưa tại nh&agrave; h&agrave;ng địa phương. Sau đ&oacute;, xe đưa qu&yacute; kh&aacute;ch về kh&aacute;ch sạn l&agrave;m thủ tục nhận ph&ograve;ng để nghỉ ngơi.</p>\r\n\r\n<p>Chiều: Tiếp tục h&agrave;nh tr&igrave;nh tour Bu&ocirc;n M&ecirc; Thuột, xe đưa qu&yacute; kh&aacute;ch đến kh&aacute;m ph&aacute;:</p>\r\n\r\n<p>Bảo t&agrave;ng Văn h&oacute;a c&aacute;c D&acirc;n tộc T&acirc;y Nguy&ecirc;n: Qu&yacute; kh&aacute;ch tham quan một trong những bảo t&agrave;ng lớn nhất T&acirc;y Nguy&ecirc;n với những khu trưng b&agrave;y về văn h&oacute;a, đời sống, ng&ocirc;n ngữ v&agrave; phong tục tập qu&aacute;n của c&aacute;c d&acirc;n tộc T&acirc;y Nguy&ecirc;n.</p>\r\n\r\n<p>Tối: Qu&yacute; kh&aacute;ch ăn tối tại nh&agrave; h&agrave;ng v&agrave; tự do dạo chơi phố n&uacute;i Bu&ocirc;n M&ecirc; Thuột về đ&ecirc;m. Qu&yacute; kh&aacute;ch c&oacute; thể thưởng thức những t&aacute;ch c&agrave; ph&ecirc; đậm đ&agrave; nổi tiếng quốc tế (chi ph&iacute; tự t&uacute;c).</p>\r\n\r\n<p>Nghỉ đ&ecirc;m tại Bu&ocirc;n M&ecirc; Thuột.</p>\r\n\r\n<p><u><strong>NG&Agrave;Y 2: BU&Ocirc;N M&Ecirc; THUỘT &ndash; BU&Ocirc;N Đ&Ocirc;N (ĂN S&Aacute;NG/ TRƯA)</strong></u><br />\r\nS&aacute;ng: Qu&yacute; &nbsp;kh&aacute;ch d&ugrave;ng điểm t&acirc;m s&aacute;ng tại kh&aacute;ch sạn v&agrave; l&agrave;m thủ tục trả ph&ograve;ng. Tiếp tục h&agrave;nh tr&igrave;nh tour Bu&ocirc;n M&ecirc; Thuột 2 ng&agrave;y 1 đ&ecirc;m, xe đưa qu&yacute; kh&aacute;ch đi tham quan những điểm đến nổi tiếng nhất của xứ đại ng&agrave;n T&acirc;y Nguy&ecirc;n:</p>\r\n\r\n<p>Th&aacute;c Dray Nur: Con th&aacute;c h&ugrave;ng vĩ với d&ograve;ng nước trắng x&oacute;a đổ từ tr&ecirc;n cao tạo n&ecirc;n một khung cảnh ngoạn mục giữa d&ograve;ng s&ocirc;ng Serepok huyền thoại. Qu&yacute; kh&aacute;ch tự do tham quan v&agrave; chụp h&igrave;nh với th&aacute;c Dray Nur.</p>\r\n\r\n<p>Sau khi tham quan, xe tiếp tục đưa qu&yacute; kh&aacute;ch đến Bu&ocirc;n Đ&ocirc;n với những trải nghiệm th&uacute; vị:</p>\r\n\r\n<p>Tham quan nh&agrave; s&agrave;n cổ 120 tuổi của người L&agrave;o.</p>\r\n\r\n<p>Ngắm cảnh n&uacute;i rừng v&agrave; d&ograve;ng s&ocirc;ng Serepok thơ mộng.</p>\r\n\r\n<p>Tham quan ng&ocirc;i mộ v&agrave; lắng nghe c&acirc;u chuyện về vị Vua săn voi.</p>\r\n\r\n<p>Đi bộ hoặc đi xe đạp d&atilde; ngoại tại khu du lịch sinh th&aacute;i Bản Đ&ocirc;n.</p>\r\n\r\n<p>Ngắm cảnh rừng Yok Đ&ocirc;n h&ugrave;ng vĩ.</p>\r\n\r\n<p>Tham gia cưỡi voi tại bu&ocirc;n l&agrave;ng (chi ph&iacute; tự t&uacute;c).</p>\r\n\r\n<p>Trưa: Qu&yacute; kh&aacute;ch d&ugrave;ng bữa trưa tại Bu&ocirc;n Đ&ocirc;n với c&aacute;c m&oacute;n ăn đặc sản T&acirc;y Nguy&ecirc;n.</p>\r\n\r\n<p>Chiều: Sau khi ăn trưa v&agrave; nghỉ ngơi, qu&yacute; kh&aacute;ch tiếp tục tham quan:</p>\r\n\r\n<p>L&agrave;ng c&agrave; ph&ecirc; Trung Nguy&ecirc;n: Đến đ&acirc;y, qu&yacute; kh&aacute;ch sẽ được tham quan những vườn c&agrave; ph&ecirc; cổ v&agrave; t&igrave;m hiểu về c&aacute;c loại c&agrave; ph&ecirc; đặc trưng của Bu&ocirc;n M&ecirc; Thuột v&agrave; T&acirc;y Nguy&ecirc;n.</p>\r\n\r\n<p>Sau khi tham quan, xe v&agrave; hướng dẫn vi&ecirc;n đưa qu&yacute; kh&aacute;ch ra s&acirc;n bay hoặc trả tại điểm đ&oacute;n ban đầu v&agrave; chia tay đo&agrave;n. Kết th&uacute;c chương tr&igrave;nh tour Bu&ocirc;n M&ecirc; Thuột 2 ng&agrave;y 1 đ&ecirc;m, hẹn gặp lại qu&yacute; kh&aacute;ch tại những chương tr&igrave;nh tour du lịch gi&aacute; rẻ kh&aacute;c!</p>','2021-11-08','2021-12-06','images/2021/11/tour-buon-me-thuot-2-ngay-1-dem-300x194.jpg','1900 3398',61,1,2099000,1,'2 ngày 1 đêm','Ô tô',1049500,'2021-01-01'),(2,'Tour du lịch Lục tỉnh miền Tây 4 ngày 3 đêm | Khám phá sông nước Nam Kì',1,'<p><strong><a href=\"https://www.vietnambooking.com/du-lich/tour-du-lich-mien-tay-song-nuoc-4-ngay-3-dem-tron-goi-tiet-kiem.html\">Tour du lịch miền T&acirc;y 4 ng&agrave;y 3 đ&ecirc;m</a>&nbsp;</strong>sẽ đưa du kh&aacute;ch đến với v&ugrave;ng đất cuối c&ugrave;ng của dải đất h&igrave;nh chữ S. H&agrave;nh tr&igrave;nh th&uacute; vị đi qua Lục tỉnh Nam K&igrave; sẽ mang đến cho bạn những trải nghiệm độc đ&aacute;o, kh&oacute; qu&ecirc;n.</p>\r\n\r\n<p><u><strong>ĐIỂM NỔI BẬT:</strong></u></p>\r\n\r\n<ul>\r\n	<li><strong>Trải nghiệm cuộc sống l&ecirc;nh đ&ecirc;nh tr&ecirc;n s&ocirc;ng Hậu ở chợ Nổi C&aacute;i Răng</strong></li>\r\n	<li><strong>T&igrave;m hiểu văn h&oacute;a v&agrave; cuộc sống của người d&acirc;n Nam Bộ đ&ocirc;n hậu, hiền h&ograve;a.</strong></li>\r\n	<li><strong>Tham quan loạt địa điểm nổi tiếng:&nbsp;</strong><strong>Bến Ninh Kiều,&nbsp;miếu</strong>&nbsp;<strong>B&agrave; Ch&uacute;a Xứ, Rừng Tr&agrave;m Tr&agrave; Sư,&nbsp;</strong><strong>nh&agrave; C&ocirc;ng Tử Bạc Li&ecirc;u</strong><strong>...</strong></li>\r\n</ul>\r\n\r\n<h3><strong><u>NG&Agrave;Y 01 |&nbsp;S&Agrave;I G&Ograve;N &ndash; C&Aacute;I B&Egrave; &ndash; VĨNH LONG &ndash; CH&Acirc;U ĐỐC (ĂN S&Aacute;NG/ TRƯA/ TỐI)</u></strong></h3>\r\n\r\n<p><strong><u>S&aacute;ng:</u>&nbsp;</strong>Xe v&agrave; hướng dẫn vi&ecirc;n (HDV) của&nbsp;<a href=\"https://www.vietnambooking.com/\" target=\"_blank\"><strong>Vietnam Booking</strong></a>&nbsp;đ&oacute;n du kh&aacute;ch tại điểm hẹn, bắt đầu chương tr&igrave;nh&nbsp;<strong>tour du lịch miền T&acirc;y 4 ng&agrave;y 3 đ&ecirc;m</strong>.&nbsp;</p>\r\n\r\n<p>Đo&agrave;n d&ugrave;ng bữa s&aacute;ng&nbsp;tại Mỹ Tho, sau đ&oacute; tiếp tục đến bến t&agrave;u C&aacute;i B&egrave; du ngoạn tr&ecirc;n s&ocirc;ng tham quan:&nbsp;</p>\r\n\r\n<ul>\r\n	<li><strong>Chợ nổi C&aacute;i B&egrave;:</strong>&nbsp;Ng&atilde; ba s&ocirc;ng nơi giao thương, trao đổi h&agrave;ng h&agrave;ng h&oacute;a tr&ecirc;n s&ocirc;ng, qu&yacute; kh&aacute;ch c&oacute; thể mua tr&aacute;i c&acirc;y trực tiếp tr&ecirc;n c&aacute;c ghe xuồng.</li>\r\n</ul>\r\n\r\n<p>T&agrave;u cập bến đưa qu&yacute; kh&aacute;ch tham quan c&aacute;c l&agrave;ng nghề truyền thống như nu&ocirc;i ong mật v&agrave; chế biến c&aacute;c sản phẩm l&agrave;m từ mật ong như sữa ong ch&uacute;a phấn hoa&hellip; tham quan l&ograve; sản xuất kẹo dừa, l&ograve; cốm, l&ograve; nấu rượu&hellip;<strong>&nbsp;</strong>Tại đ&acirc;y qu&yacute; kh&aacute;ch trực tiếp xem c&aacute;c c&aacute;c m&ocirc; h&igrave;nh sản xuất v&agrave; thưởng thức sản phẩm trực tiếp.</p>\r\n\r\n<p><strong><u>Trưa:</u></strong>&nbsp;T&agrave;u đưa qu&yacute; kh&aacute;ch đến nh&agrave; h&agrave;ng miệt vườn d&ugrave;ng cơm trưa, nghỉ ngơi thưởng thức tr&aacute;i c&acirc;y miệt vườn trước khi tiếp tục đi&nbsp;<strong>tour du lịch Lục tỉnh miền T&acirc;y</strong>.</p>\r\n\r\n<p>Đo&agrave;n&nbsp;uống tr&agrave; v&agrave; nghe biểu diễn đờn ca t&agrave;i tử Nam Bộ đặc sắc, sau đ&oacute;&nbsp;ra bến đ&ograve; đi đ&ograve; ch&egrave;o (xuồng ba l&aacute;) dọc bờ k&ecirc;nh ngắm cảnh miệt vườn.</p>\r\n\r\n<p>&nbsp;</p>\r\n\r\n<p><strong><u>Chiều:</u>&nbsp;</strong>T&agrave;u đưa qu&yacute; kh&aacute;ch trở lại bến t&agrave;u C&aacute;i B&egrave;, l&ecirc;n xe khởi h&agrave;nh đi Ch&acirc;u Đốc. Đến nơi đo&agrave;n&nbsp;nhận ph&ograve;ng kh&aacute;ch sạn.</p>\r\n\r\n<p><u><strong>Tối:</strong></u>&nbsp;Qu&yacute; kh&aacute;ch d&ugrave;ng cơm tối tại nh&agrave; h&agrave;ng.</p>\r\n\r\n<h3><u><strong>NG&Agrave;Y 02 |&nbsp;</strong><strong>CH&Acirc;U ĐỐC &ndash; TR&Agrave; SƯ CẦN THƠ&nbsp;</strong><strong>&nbsp;(ĂN S&Aacute;NG/ TRƯA/ TỐI)</strong></u></h3>\r\n\r\n<p><strong><u>S&aacute;ng:</u>&nbsp;</strong>Qu&yacute; kh&aacute;ch ăn s&aacute;ng tại kh&aacute;ch sạn.</p>\r\n\r\n<p>Sau đ&oacute; xe v&agrave; HDV đưa đo&agrave;n v&agrave;o n&uacute;i Sam viếng:</p>\r\n\r\n<ul>\r\n	<li><strong>Miếu B&agrave; Ch&uacute;a Xứ</strong>:&nbsp;C&ocirc;ng tr&igrave;nh c<strong>&oacute;&nbsp;</strong>kiến tr&uacute;c đẹp v&agrave; t&ocirc;n nghi&ecirc;m tọa lạc dưới ch&acirc;n&nbsp;n&uacute;i Sam, nổi tiếng hiển linh khắp cả nước.&nbsp;</li>\r\n	<li><strong>T&acirc;y An Cổ Tự</strong>: Ng&ocirc;i ch&ugrave;a mang phong c&aacute;ch nghệ thuật Ấn Độ độc đ&aacute;o kết hợp với kiến tr&uacute;c Việt Nam cổ xưa.</li>\r\n	<li><strong>Lăng Thoại Ngọc Hầu</strong>: Di t&iacute;ch lịch sử cấp quốc gia v&agrave; l&agrave; một trong những c&ocirc;ng tr&igrave;nh hiếm hoi c&ograve;n nguy&ecirc;n vẹn của&nbsp;thời Nguyễn ở đất T&acirc;y Nam Bộ.&nbsp;</li>\r\n</ul>\r\n\r\n<p>Tiếp tục h&agrave;nh tr&igrave;nh qu&yacute; kh&aacute;ch di chuyển theo hướng Tịnh Bi&ecirc;n dọc k&ecirc;nh Vĩnh Tế&nbsp;đi qua<strong>&nbsp;d&atilde;y Thất Sơn &ndash; N&uacute;i Cấm, N&uacute;i K&eacute;t</strong>&nbsp;v&agrave; những ng&ocirc;i ch&ugrave;a Khmer c&oacute; kiến tr&uacute;c độc đ&aacute;o.</p>\r\n\r\n<p>Đến&nbsp;<strong>rừng tr&agrave;m Tr&agrave; Sư</strong>, đo&agrave;n bắt đầu tham quan hệ sinh th&aacute;i rừng tr&agrave;m ngập nước tuyệt đẹp v&agrave;o buổi s&aacute;ng theo lộ tr&igrave;nh. Xuồng tắc r&aacute;ng&nbsp;đưa qu&yacute; kh&aacute;ch lướt đi tr&ecirc;n con đường độc đạo giữa rừng tr&agrave;m đến trạm dừng ch&acirc;n tiếp theo. Tại đ&acirc;y qu&yacute; kh&aacute;ch c&oacute; thể l&ecirc;n đ&agrave;i quan s&aacute;t ngắm to&agrave;n cảnh rừng tr&agrave;m Tr&agrave; Sư, đi bộ tr&ecirc;n đường đất, chụp ảnh c&acirc;y cầu bắc&nbsp;ngang qua bờ k&ecirc;nh.</p>\r\n\r\n<p><strong><u>Trưa:</u></strong>&nbsp;Đo&agrave;n&nbsp;đến khu vực nh&agrave; h&agrave;ng gữa chốn thi&ecirc;n nhi&ecirc;n hoang d&atilde;, d&ugrave;ng bữa trưa với&nbsp;c&aacute;c m&oacute;n đạm bạc.</p>\r\n\r\n<p>Sau đ&oacute; qu&yacute; kh&aacute;ch về lại bến đ&ograve;.</p>\r\n\r\n<p><u><strong>Chiều</strong>:</u>&nbsp;Xe đưa qu&yacute; kh&aacute;ch khởi h&agrave;nh đi&nbsp;<a href=\"https://www.vietnambooking.com/du-lich/tour-du-lich/du-lich-can-tho.html\"><strong>du lịch Cần Thơ</strong></a>.</p>\r\n\r\n<p><u><strong>Tối:</strong></u>&nbsp;Đến nơi&nbsp;qu&yacute; kh&aacute;ch nhận ph&ograve;ng v&agrave; d&ugrave;ng cơm tối tr&ecirc;n nh&agrave; h&agrave;ng du thuyền Cần Thơ, tự do kh&aacute;m ph&aacute; T&acirc;y Đ&ocirc; về đ&ecirc;m.</p>\r\n\r\n<p>&nbsp;</p>\r\n\r\n<h3><strong><u>NG&Agrave;Y 03 | CHỢ NỔI C&Aacute;I RĂNG &ndash; MŨI C&Agrave; MAU&nbsp;(ĂN S&Aacute;NG/ TRƯA/ TỐI)</u></strong></h3>\r\n\r\n<p><strong><u>S&aacute;ng:</u></strong>&nbsp;Qu&yacute; kh&aacute;ch đi&nbsp;<strong>chợ nổi C&aacute;i Răng</strong>&nbsp;l&agrave; chợ đầu mối chuy&ecirc;n mua b&aacute;n trao đổi h&agrave;ng h&oacute;a tr&ecirc;n s&ocirc;ng.</p>\r\n\r\n<p>Đo&agrave;n&nbsp;về kh&aacute;ch sạn d&ugrave;ng điểm t&acirc;m s&aacute;ng, trả ph&ograve;ng, sau đ&oacute; l&ecirc;n xe khởi h&agrave;nh đi C&agrave; Mau. Qu&yacute; kh&aacute;ch dừng ch&acirc;n ở trạm dừng ch&acirc;n T&acirc;n Hu&ecirc; Vi&ecirc;n &ndash;&nbsp;S&oacute;c Trăng mua đặc sản.</p>\r\n\r\n<p><u><strong>Trưa:</strong></u>&nbsp;Đến&nbsp;<strong>Năm Căn &ndash; C&agrave; Mau</strong>&nbsp;qu&yacute; kh&aacute;ch d&ugrave;ng cơm trưa, nghỉ ngơi.</p>\r\n\r\n<p><strong><u>Chiều:</u>&nbsp;</strong>Xe đưa đo&agrave;n khởi h&agrave;nh đi kh&aacute;m ph&aacute;&nbsp;<strong>Đất Mũi C&agrave; Mau</strong>, đi xuy&ecirc;n rừng ngập mặn ngắm cảnh hệ sinh th&aacute;i rừng ngập mặn phong ph&uacute;&hellip;</p>\r\n\r\n<ul>\r\n	<li>Tận mắt ngắm cảnh v&agrave; chụp ảnh lưu niệm tại&nbsp;<strong>Mốc tọa độ Quốc gia</strong>&nbsp;&ndash; GPS 0001, Pan&ocirc; biểu tượng Mũi C&agrave; Mau.</li>\r\n	<li>Chinh phục&nbsp;<strong>Vọng Hải Đ&agrave;i&nbsp;</strong>cao 20,5 m&eacute;t ngắm nh&igrave;n to&agrave;n cảnh Mũi C&agrave; Mau.</li>\r\n	<li>Tham quan Hệ sinh th&aacute;i rừng ngập mặn tại&nbsp;<strong>Vườn Quốc Gia Mũi C&agrave; Mau&nbsp;</strong>&ndash; Khu Dự trữ Sinh quyển Thế giới.<strong>&nbsp;&nbsp;</strong></li>\r\n</ul>\r\n\r\n<p><strong><u>Tối:</u>&nbsp;</strong>Qu&yacute; kh&aacute;ch d&ugrave;ng cơm tối đặc sản địa phương.&nbsp;</p>\r\n\r\n<h3><u><strong>NG&Agrave;Y 04 |&nbsp;</strong><strong>C&Agrave; MAU &ndash; BẠC LI&Ecirc;U&nbsp; &ndash; S&Agrave;I G&Ograve;N&nbsp;</strong><strong>(ĂN S&Aacute;NG/ TRƯA)</strong></u></h3>\r\n\r\n<p><u><strong>S&aacute;ng:</strong></u>&nbsp;Đo&agrave;n&nbsp;s&aacute;ng tại kh&aacute;ch sạn, trả ph&ograve;ng, sau đ&oacute; l&ecirc;n xe khởi h&agrave;nh về Bạc Li&ecirc;u tham quan c&aacute;c địa điểm&nbsp;<a href=\"https://www.vietnambooking.com/du-lich/tour-du-lich/du-lich-mien-tay.html\"><strong>du lịch miền T&acirc;y</strong></a>&nbsp;nổi tiếng:</p>\r\n\r\n<ul>\r\n	<li><strong>Nh&agrave; thờ&nbsp;</strong><strong><strong>T</strong>ắc Sậy:&nbsp;</strong>Qu&yacute; kh&aacute;ch&nbsp;viếng mộ Cha Trương Bửu Diệp &ndash; vị linh mục nổi tiếng được xem như một vị th&aacute;nh thi &acirc;n, gi&aacute;ng ph&uacute;c cho c&aacute;c t&iacute;n đồ.</li>\r\n	<li><strong>N</strong><strong><strong>h&agrave;&nbsp;</strong>C&ocirc;ng Tử Bạc Li&ecirc;u:</strong>&nbsp;X&acirc;y dựng năm 1919,&nbsp;được xem l&agrave; ng&ocirc;i nh&agrave; bề thế nhất ở Nam kỳ lục tỉnh l&uacute;c bấy giờ, ghi dấu&nbsp;giai thoại cuộc sống v&agrave;ng son một thời của cậu Ba Huy (Trần Trinh Huy).</li>\r\n	<li><strong>Khu tưởng niệm cố nhạc Sỹ Cao Văn Lầu:</strong>&nbsp;&nbsp;Di t&iacute;ch với tổng diện t&iacute;ch hơn 12.000 m2, l&agrave; nơi ghi dấu cuộc đời, sự nghiệp của cố nhạc sĩ.</li>\r\n</ul>\r\n\r\n<p><strong><u>Trưa:</u>&nbsp;</strong>Đo&agrave;n về S&oacute;c Trăng tham quan&nbsp;<strong>ch&ugrave;a Dơi</strong>, đến nh&agrave; h&agrave;ng d&ugrave;ng cơm trưa, nghỉ ngơi.&nbsp;</p>\r\n\r\n<p><strong><u>Chiều:</u>&nbsp;</strong>Sau khi d&ugrave;ng cơm trưa tại khu du lịch, đo&agrave;n tiếp tục&nbsp;khởi h&agrave;nh về th&agrave;nh phố Hồ Ch&iacute; Minh.</p>\r\n\r\n<p><strong><u>Tối:</u>&nbsp;</strong>Khoảng&nbsp;<strong>18h00</strong>&nbsp;Đo&agrave;n tham quan về đến điểm đ&oacute;n ban đầu, kết th&uacute;c chương tr&igrave;nh&nbsp;<strong><em>tour Lục tỉnh miền T&acirc;y&nbsp;</em></strong>đầy th&uacute; vị v&agrave; &yacute; nghĩa. HDV chia tay v&agrave; hẹn gặp lại du kh&aacute;ch trong c&aacute;c tour du lịch&nbsp;hấp dẫn kh&aacute;c.</p>\r\n\r\n<p>&nbsp;</p>\r\n\r\n<p><em><u><strong>Lưu &yacute;:</strong></u>&nbsp;Thứ tự v&agrave; chi tiết trong chương tr&igrave;nh c&oacute; thể thay đổi cho ph&ugrave; hợp với t&igrave;nh h&igrave;nh thực tế, nhưng vẫn đảm bảo đủ điểm đến tham quan!</em></p>','2021-11-08','2021-12-06','images/2021/11/chuacokienancung-300x194.jpg','1900 3398',7,1,3999000,11,'4 ngày 3 đêm','Ô tô',1999500,'2021-01-01'),(3,'Tour du lịch Mỹ Tho – Cần Thơ 2 ngày 1 đêm giá tốt, khởi hành từ TPHCM',1,'<p><a href=\"https://www.vietnambooking.com/du-lich/du-lich-my-tho-can-tho-2-ngay-gia-tot-khoi-hanh-tu-tphcm.html\"><strong>Tour Mỹ Tho Cần Thơ 2 ng&agrave;y 1 đ&ecirc;m</strong></a>&nbsp;sẽ đưa bạn đi qua những cung đường tươi đẹp của v&ugrave;ng đồng bằng s&ocirc;ng Cửu Long. Tại đ&acirc;y ch&uacute;ng ta sẽ được h&ograve;a c&ugrave;ng nhịp sống của miền s&ocirc;ng nước, thưởng thức ẩm thực đặc trưng trong kh&ocirc;ng gian trữ t&igrave;nh Nam Bộ.</p>\r\n\r\n<p><span style=\"color:#333333\"><span style=\"background-color:#f9f9f9\"><span style=\"color:#ff0000\"><u><strong>ĐIỂM HẤP DẪN NHẤT:</strong></u></span></span></span></p>\r\n\r\n<ul>\r\n	<li><span style=\"color:#008000\"><strong>Tham quan&nbsp;C&ugrave; Lao Thới Sơn thưởng thức vườn c&acirc;y ăn tr&aacute;i trĩu c&agrave;nh&nbsp;v&agrave; nghe&nbsp;đờn ca t&agrave;i tử Nam Bộ.&nbsp;</strong></span></li>\r\n	<li><span style=\"color:#008000\"><strong>Đi đ&ograve; kh&aacute;m ph&aacute; chợ nổi C&aacute;i Răng đặc trưng của miền T&acirc;y s&ocirc;ng nước.</strong></span></li>\r\n	<li><span style=\"color:#008000\"><strong>Tham quan ch&ugrave;a Vĩnh Tr&agrave;ng, thăm b&egrave; nu&ocirc;i c&aacute; nổi tr&ecirc;n s&ocirc;ng.</strong></span></li>\r\n</ul>\r\n\r\n<h3><u><strong>NG&Agrave;Y 01 |&nbsp;TPHCM &ndash; MỸ THO &ndash; CẦN THƠ (ĂN&nbsp;TRƯA/&nbsp;TỐI)</strong></u></h3>\r\n\r\n<p><u><strong>S&aacute;ng:</strong></u>&nbsp;Xe v&agrave; hướng dẫn vi&ecirc;n (HDV)&nbsp;<strong>Vietnam Booking</strong>&nbsp;đ&oacute;n du kh&aacute;ch tại điểm hẹn. Khởi h&agrave;nh đi&nbsp;Mỹ Tho, bắt đầu chương tr&igrave;nh&nbsp;<strong>tour&nbsp;Mỹ Tho&nbsp;Cần Thơ 2 ng&agrave;y 1 đ&ecirc;m</strong>.&nbsp;</p>\r\n\r\n<p>Đo&agrave;n bắt đầu chương tr&igrave;nh đi&nbsp;<a href=\"https://www.vietnambooking.com/du-lich/tour-du-lich/du-lich-mien-tay.html\"><strong>tour du lịch miền T&acirc;y</strong></a>:&nbsp;</p>\r\n\r\n<ul>\r\n	<li><strong>Ch&ugrave;a Vĩnh Tr&agrave;ng:</strong>&nbsp;Một trong những ng&ocirc;i ch&ugrave;a đẹp c&oacute; kiến tr&uacute;c nổi bật, mang&nbsp;n&eacute;t giao thoa văn h&oacute;a phương Đ&ocirc;ng v&agrave; phương T&acirc;y.</li>\r\n	<li><strong>B&egrave; nu&ocirc;i c&aacute; nổi:</strong>&nbsp;Thuyền chạy dọc theo những b&egrave; c&aacute; nổi, để du kh&aacute;ch t&igrave;m hiểu c&aacute;ch nu&ocirc;i c&aacute; tr&ecirc;n s&ocirc;ng của người d&acirc;n địa phương v&agrave; ngắm nh&igrave;n cầu Rạch Miễu.</li>\r\n	<li><strong>C&ugrave; Lao Thới Sơn:</strong>&nbsp;Du kh&aacute;ch tản bộ tr&ecirc;n đường l&agrave;ng, tham quan vườn c&acirc;y ăn tr&aacute;i, thưởng thức c&aacute;c loại tr&aacute;i c&acirc;y theo m&ugrave;a v&agrave; nghe&nbsp;<strong>đờn ca t&agrave;i tử Nam Bộ</strong>, tham quan&nbsp;<strong>trại nu&ocirc;i ong mật</strong>,&nbsp;<strong>l&ograve; kẹo dừa</strong>, thưởng thức tr&agrave; mật ong chanh, rượu chuối hột v&agrave; b&aacute;nh mứt. Trải nghiệm cảm gi&aacute;c&nbsp;<strong>ch&egrave;o xuồng Ba L&aacute;</strong>.&nbsp;</li>\r\n</ul>\r\n\r\n<p>Qu&yacute; kh&aacute;ch ngồi tr&ecirc;n xuồng ch&egrave;o ba l&aacute; ngắm nh&igrave;n 2 h&agrave;ng dừa nước thi&ecirc;n nhi&ecirc;n v&agrave; phong cảnh đơn sơ của miệt vườn.</p>\r\n\r\n<p><u><strong>Trưa</strong></u>: Trở ra thuyền lớn, qu&yacute; kh&aacute;ch đến tỉnh Bến Tre v&agrave;&nbsp;d&ugrave;ng cơm trưa tại&nbsp;<strong>KDL Việt &ndash; Nhật</strong>, thưởng thức c&aacute;c m&oacute;n ăn đặc sản miền t&acirc;y s&ocirc;ng nước.</p>\r\n\r\n<p><u><strong>Chiều</strong></u>: Qu&yacute; kh&aacute;ch nghỉ ngơi tr&ecirc;n những chiếc v&otilde;ng tại khu vực nh&agrave; h&agrave;ng hoặc tự t&uacute;c tham quan đường l&agrave;ng bằng xe đạp.</p>\r\n\r\n<ul>\r\n	<li>Đi xe ngựa tham đường l&agrave;ng x&atilde; T&acirc;n Thạch.</li>\r\n	<li>Gh&eacute; tham quan v&agrave; t&igrave;m hiểu l&ograve; kẹo dừa &ndash; đặc sản của Bến Tre.</li>\r\n</ul>\r\n\r\n<p>Kết th&uacute;c chương tr&igrave;nh đo&agrave;n di chuyển ra thuyền lớn về lại bến t&agrave;u, tiếp tục h&agrave;nh tr&igrave;nh đến&nbsp;<a href=\"https://www.vietnambooking.com/du-lich/tour-du-lich/du-lich-can-tho.html\"><strong>du lịch&nbsp;Cần Thơ</strong></a>, nhận ph&ograve;ng kh&aacute;ch sạn nghỉ ngơi.</p>\r\n\r\n<p><strong><u>Tối</u></strong>: Đo&agrave;n d&ugrave;ng bữa tối tại nh&agrave; h&agrave;ng, tự do dạo bến Ninh Kiều, chợ đ&ecirc;m Cần Thơ hoặc l&ecirc;n du thuyền tr&ecirc;n s&ocirc;ng Cần Thơ nghe ca nhạc t&agrave;i tử Nam Bộ.</p>\r\n\r\n<p>Qu&yacute; kh&aacute;ch nghỉ đ&ecirc;m tại Cần Thơ.</p>\r\n\r\n<h3><u><strong>NG&Agrave;Y 02 |&nbsp;CHỢ NỔI C&Aacute;I RĂNG &ndash; VƯỜN TR&Aacute;I C&Acirc;Y MỸ KH&Aacute;NH &ndash; TPHCM (ĂN S&Aacute;NG/&nbsp;TRƯA)</strong></u></h3>\r\n\r\n<p><strong><u>S&aacute;ng</u>:</strong>&nbsp;Qu&yacute; kh&aacute;ch dậy sớm, c&ugrave;ng t&igrave;m hiểu văn h&oacute;a của người d&acirc;n Cần Thơ với chuyến đ&ograve; tham quan&nbsp;<strong>chợ nổi C&aacute;i Răng&nbsp;</strong>đặc sắc. Chợ nổi đại diện cho văn h&oacute;a Miền T&acirc;y s&ocirc;ng nước.</p>\r\n\r\n<p>Qu&yacute; kh&aacute;ch c&oacute; thể trực tiếp mua tr&aacute;i c&acirc;y tr&ecirc;n ghe &ndash; thuyền, tiếp tục tham quan vườn tr&aacute;i c&acirc;y. Sau đ&oacute; t&agrave;u đưa qu&yacute; kh&aacute;ch trở lại bến t&agrave;u, tự do kh&aacute;m ph&aacute; chợ miền T&acirc;y.</p>\r\n\r\n<p><strong><u>Trưa</u>:</strong>&nbsp;Đo&agrave;n d&ugrave;ng bữa trưa với thực đơn hấp dẫn, nghỉ ngơi.&nbsp;</p>\r\n\r\n<p><strong><u>Chiều</u>:</strong>&nbsp;Đo&agrave;n khởi h&agrave;nh về TP.HCM, kết th&uacute;c&nbsp;<strong>tour Mỹ Tho Cần Thơ 2 ng&agrave;y 1 đ&ecirc;m</strong>. HDV chia tay v&agrave; hẹn gặp lại du kh&aacute;ch trong c&aacute;c&nbsp;tour du lịch&nbsp;&yacute; nghĩa kh&aacute;c.</p>','2021-11-08','2021-12-06','images/2021/08/du-lich-my-tho-can-tho-2-ngay-300x200.jpg','1900 3398',5,1,1399000,10,'2 ngày 1 đêm','Ô tô',699500,'2021-01-01'),(4,'Tour Cần Giờ 2 ngày 1 đêm khám phá Rừng Sát lịch sử',1,'<p>Đặt&nbsp;<strong>tour Cần Giờ 2 ng&agrave;y 1 đ&ecirc;m</strong>&nbsp;bạn sẽ được đến kh&aacute;m ph&aacute; huyện đảo nằm ở ph&iacute;a đ&ocirc;ng nam Th&agrave;nh phố Hồ Ch&iacute; Minh với những thảm rừng đước bạt ng&agrave;n v&agrave; c&acirc;y tr&aacute;i sum s&ecirc;.&nbsp;</p>\r\n\r\n<p><strong><u>NHỮNG ĐIỂM NỔI BẬT:</u></strong></p>\r\n\r\n<ul>\r\n	<li><strong>Nghỉ dưỡng resort&nbsp;H&ograve;n Ngọc Phương Nam 3*, tham gia tiệc Gala dinner l&yacute; th&uacute;.&nbsp;</strong></li>\r\n	<li><strong>Tự do tắm biển Cần Giờ trong xanh như ngọc.&nbsp;</strong></li>\r\n	<li><strong>Kh&aacute;m ph&aacute;&nbsp;Khu Du Lịch Rừng S&aacute;t, t&igrave;m hiểu&nbsp;Căn Cứ Rừng S&aacute;t lịch sử.&nbsp;</strong></li>\r\n</ul>\r\n\r\n<h3><strong><u>NG&Agrave;Y 01 |&nbsp;TP. HỒ CH&Iacute; MINH &ndash; CẦN GIỜ (ĂN TRƯA/ TỐI)</u></strong></h3>\r\n\r\n<p><strong><u>S&aacute;ng:&nbsp;</u></strong>Xe v&agrave; hướng dẫn vi&ecirc;n (HDV) Vietnam Booking đ&oacute;n đo&agrave;n tại điểm hẹn, khởi h&agrave;nh đi&nbsp;<strong>tour Cần Giờ 2 ng&agrave;y 1 đ&ecirc;m</strong>.&nbsp;</p>\r\n\r\n<p><strong><u>Trưa:</u></strong>&nbsp;Qu&yacute; kh&aacute;ch d&ugrave;ng cơm trưa tại nh&agrave; h&agrave;ng, tiếp tục lộ tr&igrave;nh đi&nbsp;<strong>tour&nbsp;du lịch TP. Hồ Ch&iacute; Minh</strong>&nbsp;đến Cần Giờ theo hướng về Nh&agrave; B&egrave;.</p>\r\n\r\n<p>Tới ph&agrave;&nbsp;<strong>B&igrave;nh Kh&aacute;nh</strong>, đo&agrave;n di chuyển l&ecirc;n ph&agrave; để đến Cần Giờ, ngắm nh&igrave;n to&agrave;n cảnh&nbsp;<strong>khu vực Nam S&agrave;i G&ograve;n</strong>&nbsp;tươi đẹp.&nbsp;</p>\r\n\r\n<p><strong><u>Chiều:</u></strong>&nbsp;Xe đưa qu&yacute; kh&aacute;ch về H&ograve;n Ngọc Phương Nam resort nhận ph&ograve;ng, tự do tắm biển, hồ bơi.</p>\r\n\r\n<p><strong><u>Tối:</u></strong>&nbsp;Đo&agrave;n d&ugrave;ng bữa tiệc&nbsp;<strong>BBQ Gala Dinner&nbsp;</strong>tại nh&agrave; h&agrave;ng H&ograve;n Ngọc Phương Nam Ressort, tham gia chương tr&igrave;nh&nbsp;giao lưu&nbsp;với c&aacute;c tr&ograve; chơi&nbsp;vui nhộn.</p>\r\n\r\n<p>Kết th&uacute;c chương tr&igrave;nh, đo&agrave;n tự do sinh hoạt về đ&ecirc;m tại resort.&nbsp;</p>\r\n\r\n<h3><strong><u>NG&Agrave;Y 02 |&nbsp;CẦN GIỜ &ndash; TP. HỒ CH&Iacute; MINH (ĂN S&Aacute;NG/ TRƯA)</u></strong></h3>\r\n\r\n<p><strong><u>S&aacute;ng:</u></strong>&nbsp;Qu&yacute; kh&aacute;ch d&ugrave;ng bữa buffet s&aacute;ng tại nh&agrave; h&agrave;ng, sau đ&oacute; tắm biển v&agrave; tự do sinh hoạt.&nbsp;</p>\r\n\r\n<p>Đo&agrave;n l&agrave;m thủ tục trả ph&ograve;ng, khởi h&agrave;nh đến tham quan&nbsp;<strong>Khu Du Lịch Rừng S&aacute;t&nbsp;</strong>v&agrave;&nbsp;t&igrave;m hiểu về đ&agrave;n khỉ thi&ecirc;n nhi&ecirc;n tại đ&acirc;y. Đi cano v&agrave;o&nbsp;<strong>Căn Cứ Rừng S&aacute;t</strong>, qu&yacute; kh&aacute;ch&nbsp;nghe kể về những chiến c&ocirc;ng của c&aacute;c đặc c&ocirc;ng rừng s&aacute;t.</p>\r\n\r\n<p><strong><u>Trưa:</u></strong>&nbsp;Đo&agrave;n đến d&ugrave;ng bữa trưa tại nh&agrave; h&agrave;ng.&nbsp;</p>\r\n\r\n<p>Kết th&uacute;c chương tr&igrave;nh qu&yacute; kh&aacute;ch di chuyển về lại điểm đ&oacute;n ban đầu, tr&ecirc;n đường đi đo&agrave;n gh&eacute; tham quan v&agrave; mua sắm&nbsp;đặc sản&nbsp;Cần Giờ.</p>\r\n\r\n<p><u><strong>Chiều:</strong></u>&nbsp;Đo&agrave;n về đến S&agrave;i G&ograve;n,&nbsp;kết th&uacute;c<strong>&nbsp;tour Cần Giờ 2 ng&agrave;y 1 đ&ecirc;m</strong>. HDV Vietnam Booking thay mặt c&ocirc;ng ty chia tay v&agrave; hẹn gặp lại qu&yacute; kh&aacute;ch trong những&nbsp;<strong>tour gi&aacute; rẻ</strong>&nbsp;tiếp theo!</p>\r\n\r\n<p><em><u><strong>Lưu &yacute;:</strong></u>&nbsp;Thứ tự c&aacute;c điểm tham quan c&oacute; thể thay đổi cho ph&ugrave; hợp với t&igrave;nh h&igrave;nh thực tế nhưng vẫn đảm bảo thực hiện đầy đủ nội dung chương tr&igrave;nh.</em></p>\r\n\r\n<div>\r\n<div>&nbsp;</div>\r\n</div>','2021-11-08','2021-12-06','images/2021/08/tour-can-gio-2-ngay-1-dem-2-300x194.jpg','1900 3398',6,1,1899000,2,'2 ngày 1 đêm','Ô tô , Tàu thủy',0,'2021-01-01'),(5,'Tour du lịch Quan Lạn 2 ngày 1 đêm | Khám phá miền biển vắng',1,'<p><strong>Tour du lịch Quan Lạn 2 ng&agrave;y 1 đ&ecirc;m<em>&nbsp;</em></strong>khởi h&agrave;nh&nbsp;từ H&agrave; Nội sẽ đưa qu&yacute; kh&aacute;ch về miền biển vắng với những cảnh sắc thi&ecirc;n nhi&ecirc;n hoang sơ quyến rũ.&nbsp;</p>\r\n\r\n<p><span style=\"color:#ff0000\"><u><strong>ĐIỂM HẤP DẪN NHẤT:</strong></u></span></p>\r\n\r\n<ul>\r\n	<li><span style=\"color:#006400\">Kh&aacute;m ph&aacute; biển đảo Quan Lạn với vẻ đẹp hoang sơ, quyến rũ</span></li>\r\n	<li><span style=\"color:#006400\">Thỏa th&iacute;ch vui chơi, tắm biển tại những b&atilde;i biển trong xanh m&aacute;t rượi</span></li>\r\n	<li><span style=\"color:#006400\">Chi&ecirc;m ngưỡng biển Minh Ch&acirc;u - một trong những b&atilde;i biển đẹp nhất Việt Nam</span></li>\r\n	<li><span style=\"color:#006400\">Tham quan những di t&iacute;ch lịch sử v&agrave; t&igrave;m hiểu cuộc sống người d&acirc;n tr&ecirc;n đảo</span></li>\r\n	<li><span style=\"color:#006400\">Thưởng thức hải sản tươi ngon của biển đảo Quan Lạn</span></li>\r\n</ul>\r\n\r\n<h3><u><strong>NG&Agrave;Y 1: H&Agrave; NỘI &ndash; ĐẢO QUAN LẠN (ĂN TRƯA/TỐI)</strong></u></h3>\r\n\r\n<p><u><strong>S&aacute;ng:</strong></u>&nbsp;Xe v&agrave; hướng dẫn vi&ecirc;n sẽ đ&oacute;n qu&yacute; kh&aacute;ch tại điểm hẹn để khởi h&agrave;nh đi V&acirc;n Đồn v&agrave; bắt đầu h&agrave;nh tr&igrave;nh&nbsp;<u><em>tour du lịch Quan Lạn 2 ng&agrave;y 1 đ&ecirc;m</em></u>.&nbsp;</p>\r\n\r\n<p><u><strong>Trưa:</strong></u>&nbsp;Đến&nbsp;<strong>V&acirc;n Đồn</strong>, qu&yacute; kh&aacute;ch d&ugrave;ng bữa trưa tại nh&agrave; h&agrave;ng địa phương.</p>\r\n\r\n<p><u><strong>Chiều:</strong></u>&nbsp;Qu&yacute; kh&aacute;ch l&ecirc;n t&agrave;u cao tốc khởi h&agrave;nh đến đảo Quan Lạn. Tr&ecirc;n t&agrave;u, qu&yacute; kh&aacute;ch sẽ được chi&ecirc;m ngưỡng khung cảnh thi&ecirc;n nhi&ecirc;n h&ugrave;ng vĩ của&nbsp;<strong>vịnh B&aacute;i Tử Long</strong>, một trong những vịnh đẹp nhất của&nbsp;<strong>du lịch Quảng Ninh</strong>.</p>\r\n\r\n<p><strong>14h30:</strong>&nbsp;Qu&yacute; kh&aacute;ch cập bến&nbsp;<strong>đảo Quan Lạn</strong>, xe đưa qu&yacute; kh&aacute;ch về kh&aacute;ch sạn nhận ph&ograve;ng v&agrave; nghỉ ngơi. Sau đ&oacute;, qu&yacute; kh&aacute;ch c&oacute; thể tự do tắm biển, h&ograve;a m&igrave;nh l&agrave;n nước trong xanh của biển Quan Lạn tuyệt đẹp.</p>\r\n\r\n<p>Ngo&agrave;i ra, qu&yacute; kh&aacute;ch c&oacute; thể tự do tham quan c&aacute;c địa điểm:&nbsp;<em>Đ&igrave;nh Quan Lạn, ch&ugrave;a Quan Lạn (Linh Quang tự), miếu Đức &Ocirc;ng,&hellip;.</em></p>\r\n\r\n<p><u><strong>Tối:</strong></u>&nbsp;Qu&yacute; kh&aacute;ch d&ugrave;ng bữa tối tại nh&agrave; h&agrave;ng địa phương v&agrave; tự do tham quan kh&aacute;m ph&aacute; biển Quan Lạn về đ&ecirc;m. Sau đ&oacute;, qu&yacute; kh&aacute;ch về kh&aacute;ch sạn nghỉ ngơi. Kết th&uacute;c ng&agrave;y đầu ti&ecirc;n của h&agrave;nh tr&igrave;nh<strong>&nbsp;tour du lịch Quan Lạn 2 ng&agrave;y 1 đ&ecirc;m</strong>.</p>\r\n\r\n<h3><u><strong>NG&Agrave;Y 2: ĐẢO QUAN LẠN &ndash; H&Agrave; NỘI (ĂN S&Aacute;NG/ TRƯA)</strong></u></h3>\r\n\r\n<p><u><strong>S&aacute;ng:</strong></u>&nbsp;Qu&yacute; kh&aacute;ch c&oacute; thể thức dậy sớm để đ&oacute;n &aacute;nh&nbsp;<strong>b&igrave;nh minh tr&ecirc;n đảo Quan Lạn</strong>&nbsp;tuyệt đẹp. Qu&yacute; kh&aacute;ch tận hưởng gi&acirc;y ph&uacute;t thư th&aacute;i, h&ograve;a m&igrave;nh v&agrave;o thi&ecirc;n nhi&ecirc;n biển đảo trong tiếng s&oacute;ng vỗ r&igrave; r&agrave;o v&agrave; những tia nắng nhẹ buổi sớm.</p>\r\n\r\n<p>Sau đ&oacute;, qu&yacute; kh&aacute;ch trở lại d&ugrave;ng bữa s&aacute;ng tại nh&agrave; h&agrave;ng. Sau đ&oacute;, xe v&agrave; hướng dẫn vi&ecirc;n đưa qu&yacute; kh&aacute;ch đến b&atilde;i tắm được mệnh danh l&agrave; một trong những b&atilde;i biển đẹp nhất Việt Nam.</p>\r\n\r\n<ul>\r\n	<li>\r\n	<p><strong>B&atilde;i biển Minh Ch&acirc;u:</strong>&nbsp;Qu&yacute; kh&aacute;ch chi&ecirc;m ngưỡng khung cảnh biển xanh &ndash; c&aacute;t trắng &ndash; nắng v&agrave;ng đẹp như một thi&ecirc;n đường ngủ qu&ecirc;n. Sau đ&oacute;, qu&yacute; kh&aacute;ch c&oacute; thể tự do tắm biển, nằm phơi nắng v&agrave; tham gia c&aacute;c hoạt động th&uacute; vị tr&ecirc;n biển.</p>\r\n	</li>\r\n</ul>\r\n\r\n<p><u><strong>Trưa:</strong></u>&nbsp;Qu&yacute; kh&aacute;ch d&ugrave;ng bữa trưa tại nh&agrave; h&agrave;ng địa phương với những m&oacute;n ăn hải sản hấp dẫn.&nbsp;</p>\r\n\r\n<p><u><strong>Chiều:</strong></u>&nbsp;Qu&yacute; kh&aacute;ch l&agrave;m thủ tục trả ph&ograve;ng. Sau đ&oacute;, xe đưa qu&yacute; kh&aacute;ch đi tham quan c&aacute;c danh thắng, đền ch&ugrave;a tr&ecirc;n đảo Quan Lạn:&nbsp;<em>Miếu thờ vị tướng Trần Kh&aacute;nh Dư, đền thờ ba anh em họ Phạm,&hellip;&nbsp;</em>Qu&yacute; kh&aacute;ch lắng nghe c&aacute;c c&acirc;u chuyện lịch sử gắn liền với cuộc sống của người d&acirc;n tr&ecirc;n đảo.</p>\r\n\r\n<p>Sau khi tham quan, qu&yacute; kh&aacute;ch tạm biệt đảo Quan Lạn v&agrave; l&ecirc;n t&agrave;u cao tốc trở về V&acirc;n Đồn.</p>\r\n\r\n<p>T&agrave;u cập bến V&acirc;n Đồn, xe đưa qu&yacute; kh&aacute;ch gh&eacute; thăm&nbsp;<strong>chợ hải sản tại V&acirc;n Đồn</strong>&nbsp;để tham quan v&agrave; mua hải sản về l&agrave;m qu&agrave;.</p>\r\n\r\n<p><u><strong>Tối:</strong></u>&nbsp;Về đến H&agrave; Nội, xe v&agrave; HDV đưa qu&yacute; kh&aacute;ch về lại điểm đ&oacute;n ban đầu. Kết th&uacute;c chương tr&igrave;nh&nbsp;<u><em>tour du lịch Quan Lạn 2 ng&agrave;y 1 đ&ecirc;m</em></u>, hẹn gặp lại qu&yacute; kh&aacute;ch v&agrave;o những&nbsp;<strong>tour du lịch gi&aacute; rẻ</strong>&nbsp;tiếp theo.</p>\r\n\r\n<div>\r\n<div>&nbsp;</div>\r\n</div>','2021-11-08','2021-11-14','images/2021/08/tour-du-lich-quan-lan-2-ngay-1-dem-3-300x194.jpg','1900 3398',0,1,1859000,9,'2 ngày 1 đêm','Ô tô , Tàu thủy',929500,'2021-01-01'),(6,'Tour đi Mỹ Tiêm Vắc Xin kết hợp nghỉ dưỡng, khám phá Los Angeles trọn gói 28 ngày',1,'<p>Chương tr&igrave;nh<strong>&nbsp;tour đi Mỹ kết hợp ti&ecirc;m vắc xin</strong>&nbsp;trọn g&oacute;i 28 ng&agrave;y đang được nhiều người t&igrave;m kiếm sau nhiều ng&agrave;y tr&ocirc;ng đợi để đến Mỹ thăm th&acirc;n, ti&ecirc;m chủng kết hợp du lịch nghỉ dưỡng.&nbsp;</p>\r\n\r\n<p><strong><u>NHỮNG ĐIỂM NỔI BẬT:</u></strong></p>\r\n\r\n<ul>\r\n	<li><strong>H&agrave;nh tr&igrave;nh ti&ecirc;m chủng - nghỉ ngơi - kh&aacute;m ph&aacute; trọn vẹn nước Mỹ trong 28 ng&agrave;y.&nbsp;</strong></li>\r\n	<li><strong>Thăm c&aacute;c trung t&acirc;m thương mại, khu người Việt nổi tiếng:&nbsp;Wallmart,&nbsp;Little Saigon, Ph&uacute;c Lộc Thọ,&nbsp;Costco...&nbsp;</strong></li>\r\n	<li><strong>Tham quan c&aacute;c điểm đến nổi tiếng:&nbsp;Đại Lộ Danh Vọng, đồi&nbsp;Beverly Hill...</strong></li>\r\n	<li><strong>2 lần ti&ecirc;m vắc xin&nbsp;COVID-19.</strong></li>\r\n	<li><strong>Trọn g&oacute;i v&eacute; m&aacute;y bay khứ hồi Mỹ, visa, thủ tục&nbsp;nhập cảnh v&agrave; lưu tr&uacute; trong kh&aacute;ch sạn 4-5* Hilton, Hyatt.</strong></li>\r\n</ul>\r\n\r\n<h3><strong><u>NG&Agrave;Y 01| TP. HỒ CH&Iacute; MINH &ndash; LOS ANGELES (ĂN T&Ocirc;́I)</u></strong></h3>\r\n\r\n<p><strong><u>S&aacute;ng:</u></strong>&nbsp;Nh&acirc;n vi&ecirc;n&nbsp;<strong>Vietnam Booking</strong>&nbsp;đ&oacute;n đo&agrave;n tại s&acirc;n bay T&acirc;n Sơn Nhất, hỗ trợ qu&yacute; kh&aacute;ch l&agrave;m thủ tục đ&aacute;p chuyến bay đến Los Angeles, bắt đầu h&agrave;nh tr&igrave;nh&nbsp;<strong>tour đi Mỹ&nbsp;ti&ecirc;m vắc xin</strong>.</p>\r\n\r\n<p><strong><u>Trưa:</u></strong>&nbsp;Đến Hongkong qu&aacute; cảnh, qu&yacute; kh&aacute;ch chuyển tiếp chuyến bay tiếp tục đi Mỹ. &nbsp;</p>\r\n\r\n<p><strong><u>Tối:</u></strong>&nbsp;Hạ c&aacute;nh s&acirc;n bay Los Angeles, xe v&agrave; hướng dẫn vi&ecirc;n (HDV) đ&oacute;n kh&aacute;ch về kh&aacute;ch sạn nhận ph&ograve;ng, đi d&ugrave;ng cơm chiều v&agrave; tự do nghỉ ngơi.</p>\r\n\r\n<h3><strong><u>NG&Agrave;Y 02 | TIÊM VACCINE COVID 19 &ndash;&nbsp;</u></strong><u><strong>THAM QUAN LITTLE SAIGON</strong></u><strong><u>&nbsp;(ĂN S&Aacute;NG/ TRƯA/ TỐI)</u></strong></h3>\r\n\r\n<p><strong><u>S&aacute;ng:</u></strong>&nbsp;Xe đ&oacute;n đo&agrave;n tại kh&aacute;ch sạn, đưa qu&yacute; kh&aacute;ch đi d&ugrave;ng bữa s&aacute;ng.</p>\r\n\r\n<p>Sau đ&oacute; HDV đưa mọi người đến nơi ti&ecirc;m chủng (đ&atilde; được chỉ định v&agrave; đăng k&yacute; trước của ch&iacute;nh phủ Hoa Kỳ) tiến h&agrave;nh ti&ecirc;m c&aacute;c loại vắc xin theo lựa chọn. Đ&acirc;y đều l&agrave; những loại c&oacute; hiệu quả trong việc ngăn chặn bệnh do COVID-19 l&ecirc;n đến 95%, t&ugrave;y theo nhu cầu m&agrave; qu&yacute; kh&aacute;ch c&oacute; thể&nbsp;đăng k&yacute; ti&ecirc;m vắc xin COVID 19 tương ứng.&nbsp;</p>\r\n\r\n<ul>\r\n	<li><strong>Pfizer:</strong>&nbsp;Ti&ecirc;m 2 mũi c&aacute;ch nhau 21 ng&agrave;y (3 tuần).</li>\r\n	<li><strong>Moderna:</strong>&nbsp;Ti&ecirc;m 2 mũi c&aacute;ch nhau 28 ng&agrave;y (4 tuần). Theo c&aacute;c chuy&ecirc;n gia ti&ecirc;m đủ hai liều sẽ c&oacute; hiệu quả bảo vệ k&eacute;o d&agrave;i trong 6 th&aacute;ng.</li>\r\n	<li><strong>Johnson &amp; Johnson&nbsp;(Được khuyến kh&iacute;ch):&nbsp;</strong>Ti&ecirc;m 1 mũi duy nhất, được c&aacute;c chuy&ecirc;n gia vắc xin của Tổ chức Y tế thế giới (WHO) khuyến kh&iacute;ch sử dụng tại c&aacute;c quốc gia đang c&oacute; biến thể mới của virus SARS-CoV-2 l&acirc;y lan.</li>\r\n</ul>\r\n\r\n<p>Sau khi ti&ecirc;m xong mọi người nghỉ ngơi tại nơi ti&ecirc;m chủng trong &iacute;t nhất l&agrave;&nbsp;<strong>15 ph&uacute;t</strong>&nbsp;với sự gi&aacute;m s&aacute;t của đội ngũ nh&acirc;n vi&ecirc;n y tế Hoa Kỳ.</p>\r\n\r\n<p><strong><u>Trưa:</u></strong>&nbsp;Đo&agrave;n đi d&ugrave;ng bữa trưa, về kh&aacute;ch sạn nghỉ ngơi.</p>\r\n\r\n<p><strong><u>Chiều:</u></strong>&nbsp;Gh&eacute; thăm&nbsp;<strong>Little Sai Gon</strong>&nbsp;&ndash; khu thương mại đầu ti&ecirc;n của người Việt tại Mỹ, đo&agrave;n dạo phố Bolsa v&agrave; đến&nbsp;<strong>Phước Lộc Thọ</strong>.</p>\r\n\r\n<p><strong><u>Tối:</u></strong>&nbsp;Đến nh&agrave; h&agrave;ng d&ugrave;ng bữa tối, về ph&ograve;ng nghỉ ngơi. HDV sẽ thường xuy&ecirc;n li&ecirc;n lạc, theo d&otilde;i, gi&aacute;m s&aacute;t sức khoẻ sau khi ti&ecirc;m chủng.</p>\r\n\r\n<h3><u><strong>NG&Agrave;Y 03 | GETTY CENTER &ndash; NGHỈ NGƠI&nbsp;(ĂN S&Aacute;NG)</strong></u></h3>\r\n\r\n<p><strong><u>S&aacute;ng:</u></strong>&nbsp;Xe v&agrave; HDV đ&oacute;n đo&agrave;n tại kh&aacute;ch sạn đi d&ugrave;ng bữa s&aacute;ng</p>\r\n\r\n<p>Sau khi d&ugrave;ng xong bữa, qu&yacute; kh&aacute;ch bắt đầu h&agrave;nh tr&igrave;nh đi&nbsp;<strong>tour du lịch Mỹ</strong>:</p>\r\n\r\n<ul>\r\n	<li><strong>Getty Center:</strong>&nbsp;Trung t&acirc;m văn h&oacute;a v&agrave; l&agrave; bảo t&agrave;ng nghệ thuật nổi tiếng&nbsp;với c&aacute;c bộ sưu tập tranh của những họa sĩ nổi tiếng Van Gogh, Monet, Cezanne&hellip; với kiến tr&uacute;c h&agrave;i h&ograve;a với thi&ecirc;n nhi&ecirc;n.&nbsp;</li>\r\n	<li><strong>Khu vực Citywalk:</strong>&nbsp;Nằm b&ecirc;n ngo&agrave;i&nbsp;<strong>phim trường Hollywood&nbsp;</strong>nơi bạn c&oacute; thể mua sắm c&aacute;c mặt h&agrave;ng theo sở th&iacute;ch.</li>\r\n</ul>\r\n\r\n<p><strong><u>Trưa:</u></strong>&nbsp;Xe đưa đo&agrave;n ra s&acirc;n bay, HDV hỗ trợ qu&yacute; kh&aacute;ch l&agrave;m thủ tục check-in đ&aacute;p chuyến đi đến th&agrave;nh phố Qu&yacute; kh&aacute;ch đ&atilde; chỉ định trước để thăm th&acirc;n (Nếu c&oacute;).</p>\r\n\r\n<h3><strong><u>NG&Agrave;Y 04,5,6,7,8,9,10,11,12,13,14,15,16,17,18,19,20,</u></strong><u><strong>21| TỰ DO THĂM TH&Acirc;N</strong></u></h3>\r\n\r\n<p>Đo&agrave;n&nbsp;đi thăm th&acirc;n theo kế hoạch như dự định, lịch tr&igrave;nh&nbsp;thăm th&acirc;n c&oacute; thể thay đổi theo y&ecirc;u cầu của mỗi người, qu&yacute; kh&aacute;ch cần li&ecirc;n hệ trước với HDV để th&ocirc;ng b&aacute;o. Nếu kh&ocirc;ng thăm th&acirc;n bạn c&oacute; thể đăng k&yacute; đi tour Mỹ đến tham quan nhiều th&agrave;nh phố xinh đẹp kh&aacute;c với ch&uacute;ng t&ocirc;i&nbsp;<em>(Li&ecirc;n hệ)</em>.</p>\r\n\r\n<h3><strong><u>NG&Agrave;Y 22&nbsp;| QUAY LẠI LOS ANGELES &ndash; NGHỈ NGƠI TỰ DO (ĂN T&Ocirc;́I)</u></strong></h3>\r\n\r\n<p><strong><u>Tối:</u></strong>&nbsp;HDV đ&oacute;n qu&yacute; kh&aacute;ch tại s&acirc;n bay Los Angeles đến d&ugrave;ng bữa tối tại nh&agrave; h&agrave;ng.</p>\r\n\r\n<p>Sau đ&oacute; tới kh&aacute;ch sạn nhận ph&ograve;ng nghỉ ngơi, hồi phục sức khỏe sau chuyến bay (nếu c&oacute;), chuẩn bị cho mũi thứ 2 trong&nbsp;<strong>tour du lịch ti&ecirc;m vắc xin ở Mỹ</strong>&nbsp;(&Aacute;p dụng cho mũi Pfizer).</p>\r\n\r\n<h3><strong><u>NG&Agrave;Y 23 | TIÊM VẮC XIN MŨI 2 &ndash; MUA SẮM TẠI TRUNG T&Acirc;M THƯƠNG MẠI (ĂN S&Aacute;NG/ TRƯA/ TỐI)</u></strong></h3>\r\n\r\n<p><strong><u>S&aacute;ng:</u>&nbsp;</strong>Đo&agrave;n tập trung đi d&ugrave;ng điểm t&acirc;m s&aacute;ng, sau đ&oacute; di chuyển đến nơi ti&ecirc;m chủng tiến h&agrave;nh ti&ecirc;m mũi thứ 2. Qu&yacute; kh&aacute;ch nghỉ ngơi ở nơi ti&ecirc;m &iacute;t nhất 15 ph&uacute;t dưới sự gi&aacute;m s&aacute;t của đội ngũ nh&acirc;n vi&ecirc;n y tế Hoa Kỳ.</p>\r\n\r\n<p><strong><u>Trưa:</u></strong>&nbsp;D&ugrave;ng bữa trưa tại nh&agrave; h&agrave;ng.</p>\r\n\r\n<p><strong><u>Chiều:</u></strong>&nbsp;Xe đưa qu&yacute; kh&aacute;ch đến mua sắm tại c&aacute;c trung t&acirc;m thương mại lớn như:&nbsp;<strong>Wallmart, Best Buy, Macy, Cotsco</strong>&hellip;</p>\r\n\r\n<p><strong><u>Tối:&nbsp;</u></strong>Đo&agrave;n d&ugrave;ng bữa tối, nghỉ ngơi trong kh&aacute;ch sạn. HDV cũng sẽ thường xuy&ecirc;n li&ecirc;n lạc để gi&aacute;m s&aacute;t sức khỏe sau ti&ecirc;m chủng.</p>\r\n\r\n<h3><strong><u>NG&Agrave;Y 24 | ĐẠI LỘ DANH VỌNG &ndash; BEVERLY HILL&nbsp;(ĂN S&Aacute;NG/ TRƯA/ TỐI)</u></strong></h3>\r\n\r\n<p><strong><u>S&aacute;ng:</u></strong>&nbsp;Đo&agrave;n d&ugrave;ng điểm t&acirc;m ở kh&aacute;ch sạn.</p>\r\n\r\n<p>Xe đưa qu&yacute; kh&aacute;ch đến kh&aacute;m ph&aacute; c&aacute;c địa điểm vui chơi nổi tiếng tại đ&acirc;y như:</p>\r\n\r\n<ul>\r\n	<li><strong>Đại Lộ Danh Vọng (Hollywood Walk of Fame):&nbsp;</strong>Nơi gắn hơn 2.600 ng&ocirc;i sao năm c&aacute;nh c&aacute;ch nhau 6 foot, để lưu danh những ng&ocirc;i sao n&ocirc;̉i tiếng c&oacute; đ&oacute;ng g&oacute;p lớn trong l&agrave;ng điện ảnh, truyền h&igrave;nh, &acirc;m nhạc của Mỹ.&nbsp;</li>\r\n	<li><strong>Nhà hát Kodak:&nbsp;</strong>Hiện c&oacute; c&aacute;i&nbsp;t&ecirc;n kh&aacute;c l&agrave; nh&agrave; h&aacute;t Dolby,&nbsp;kh&aacute;n đ&agrave;i biểu diễn b&ecirc;n trong trung t&acirc;m thương mại Hollywood and Highland Center. Nơi được chọn để cử h&agrave;nh giải&nbsp;Oscar danh giá hàng năm của làng đi&ecirc;̣n ảnh Mỹ.&nbsp;</li>\r\n	<li><strong>Nhà hát Trung Hoa:</strong>&nbsp;Cung điện của giới điện ảnh,&nbsp;nơi c&ocirc;ng chi&ecirc;́u giới thi&ecirc;̣u những b&ocirc;̣ phim Hollywood trước khi tung ra thị trường.</li>\r\n</ul>\r\n\r\n<p><strong><u>Trưa:</u></strong>&nbsp;Đo&agrave;n đến nh&agrave; h&agrave;ng d&ugrave;ng cơm, tiếp tục h&agrave;nh tr&igrave;nh.</p>\r\n\r\n<p><strong><u>Chiều:</u></strong>&nbsp;Tham quan th&agrave;nh phố thi&ecirc;n thần:&nbsp;</p>\r\n\r\n<ul>\r\n	<li><strong>Đại lộ ho&agrave;ng h&ocirc;n Sunset Boulevard:&nbsp;</strong>D&agrave;i khoảng 35 km chạy theo h&igrave;nh v&ograve;ng cung quanh n&uacute;i.&nbsp;</li>\r\n	<li><strong>Đồi Beverly Hill:</strong>&nbsp;Nơi ở của nhiều nghệ sĩ nổi tiếng Holywood v&agrave; người gi&agrave;u c&oacute;.</li>\r\n</ul>\r\n\r\n<p><strong><u>Tối:</u></strong>&nbsp;Trở về kh&aacute;ch sạn nghỉ ngơi sau một ng&agrave;y tham quan, qu&yacute; kh&aacute;ch c&oacute; thể tự do kh&aacute;m ph&aacute; th&agrave;nh phố về đ&ecirc;m.&nbsp;</p>\r\n\r\n<h3><strong><u>NG&Agrave;Y 25&nbsp;| CITY TOUR LOS ANGELES (ĂN S&Aacute;NG/ TRƯA/ TỐI)</u></strong></h3>\r\n\r\n<p><strong><u>S&aacute;ng:</u></strong>&nbsp;Qu&yacute; kh&aacute;ch d&ugrave;ng bữa s&aacute;ng tại kh&aacute;ch sạn, bắt đầu h&agrave;nh tr&igrave;nh&nbsp;<strong>city tour Los Angeles</strong>.&nbsp;</p>\r\n\r\n<ul>\r\n	<li><strong>C&ocirc;ng vi&ecirc;n Griffith:</strong>&nbsp;Sở hữu<strong>&nbsp;</strong>diện t&iacute;ch hơn 4.107 ha&nbsp;đ&acirc;y l&agrave; một trong những c&ocirc;ng vi&ecirc;n đ&ocirc; thị lớn v&agrave; nổi tiếng nhất của Mỹ.&nbsp;</li>\r\n</ul>\r\n\r\n<p><strong><u>Trưa:</u></strong>&nbsp;Qu&yacute; kh&aacute;ch đến d&ugrave;ng bữa tại nh&agrave; h&agrave;ng địa phương.&nbsp;</p>\r\n\r\n<p><strong><u>Chiều:</u></strong>&nbsp;Đo&agrave;n đến tham quan:&nbsp;</p>\r\n\r\n<ul>\r\n	<li><strong>Nh&agrave; biểu diễn nhạc Walt Disney:&nbsp;</strong>Sảnh h&ograve;a nhạc do Frank Gehry thiết kế c&oacute; kiến tr&uacute;c đẹp, độc đ&aacute;o v&agrave; &acirc;m thanh v&ocirc; c&ugrave;ng tuyệt vời.&nbsp;</li>\r\n	<li><strong>B&atilde;i biển Venice:&nbsp;</strong>Thi&ecirc;n đường biển nơi ch&uacute;ng ta c&oacute; thể đắm&nbsp;m&igrave;nh trong l&agrave;n nước biển m&aacute;t lạnh v&agrave;&nbsp;tắm nắng, lướt s&oacute;ng.&nbsp;</li>\r\n</ul>\r\n\r\n<p><strong><u>Tối:</u></strong>&nbsp;Qu&yacute; kh&aacute;ch đến nh&agrave; h&agrave;ng d&ugrave;ng bữa tối v&agrave; nghỉ ngơi trong kh&aacute;ch sạn.&nbsp;</p>\r\n\r\n<h3><strong><u>NG&Agrave;Y 26&nbsp;| TỰ DO KH&Aacute;M PH&Aacute; LOS ANGELES (ĂN S&Aacute;NG/ TRƯA/ TỐI)</u></strong></h3>\r\n\r\n<p><strong><u>S&aacute;ng:</u></strong>&nbsp;Đo&agrave;n d&ugrave;ng bữa s&aacute;ng tại kh&aacute;ch sạn.</p>\r\n\r\n<p>Qu&yacute; kh&aacute;ch tự do cho đến giờ ra s&acirc;n bay đ&aacute;p chuyến bay về Việt Nam.</p>\r\n\r\n<h3><strong><u>NG&Agrave;Y 27&nbsp;| TR&Ecirc;N M&Aacute;Y BAY</u></strong></h3>\r\n\r\n<p>H&agrave;nh kh&aacute;ch tham gia chuyến bay từ Mỹ về Việt Nam, c&oacute; thể qu&aacute; cảnh ở c&aacute;c nước tr&ecirc;n h&agrave;nh tr&igrave;nh bay.</p>\r\n\r\n<h3><strong><u>NG&Agrave;Y 28 | VỀ ĐẾN VIỆT NAM</u></strong></h3>\r\n\r\n<p>Về đến s&acirc;n bay T&acirc;n Sơn Nhất, h&agrave;nh kh&aacute;ch l&agrave;m thủ tục nhập cảnh Việt Nam, kiểm tra sức khỏe theo quy định. Sau khi nhập cảnh xe đ&oacute;n đo&agrave;n đi c&aacute;ch ly 21 ng&agrave;y theo quy định mới nhất của ch&iacute;nh phủ, kết th&uacute;c chương tr&igrave;nh&nbsp;<strong>tour đi Mỹ kết hợp ti&ecirc;m vắc xin</strong>. Hẹn gặp lại qu&yacute; kh&aacute;ch trong những h&agrave;nh tr&igrave;nh kh&aacute;m ph&aacute;&nbsp;<strong>tour nước ngo&agrave;i</strong>&nbsp;hấp dẫn tiếp theo.&nbsp;</p>\r\n\r\n<p><em><u><strong>Lưu &yacute;:</strong></u>&nbsp;</em></p>\r\n\r\n<ul>\r\n	<li><em>Thứ tự c&aacute;c điểm tham quan c&oacute; thể thay đổi cho ph&ugrave; hợp với t&igrave;nh h&igrave;nh thực tế nhưng vẫn đảm bảo thực hiện đầy đủ nội dung chương tr&igrave;nh.</em></li>\r\n	<li><em>Thời gian tour c&oacute; thể thay đổi về sớm hơn hoặc trễ hơn t&ugrave;y thuộc theo mũi ti&ecirc;m qu&yacute; kh&aacute;ch lựa chọn.&nbsp;</em></li>\r\n	<li><em>Gi&aacute;&nbsp;tour sẽ phụ thuộc v&agrave;o khoảng c&aacute;ch thời gian giữa c&aacute;c mũi ti&ecirc;m của từng loại vắc xin, mức gi&aacute; sẽ cao hơn nếu kh&aacute;ch c&oacute; nhu cầu ở lại l&acirc;u hơn.</em></li>\r\n</ul>','2021-11-08','2021-11-25','images/2021/08/tour-di-my-ket-hop-tiem-vac-xin-1-300x194.jpg','1900 3398',11,2,248000000,8,'28 ngày','Ô tô, Máy bay',124000000,'2021-01-01'),(7,'Tour Campuchia 4 ngày 3 đêm | Khám phá Siem Reap – Phnom Penh huyền bí',1,'<p><strong>Tour Campuchia 4 ng&agrave;y 3 đ&ecirc;m&nbsp;h&agrave;nh tr&igrave;nh Siem Reap - Phnom Penh th&uacute; vị đưa qu&yacute;&nbsp;kh&aacute;ch kh&aacute;m ph&aacute; v&ugrave;ng đất xinh đẹp, huyền b&iacute; c&ugrave;ng chốn thủ đ&ocirc; phồn hoa của đất nước xinh đẹp liền kề Việt Nam.</strong></p>\r\n\r\n<p><span style=\"color:#333333\"><span style=\"background-color:#f9f9f9\"><span style=\"color:#ff0000\"><u><strong>TOUR C&Oacute; G&Igrave; HOT:</strong></u></span></span></span></p>\r\n\r\n<ul>\r\n	<li><span style=\"color:#0033ff\"><strong>Kh&aacute;m ph&aacute;&nbsp;những kỳ quan kiến tr&uacute;c cổ xưa:&nbsp;Cầu Rồng Kompong Kdei, quần thể Angkor Thom với đền Bayon, Angkor Wat đền Ta Prohm.</strong></span></li>\r\n	<li><span style=\"color:#0033ff\"><strong>Tim hiểu nền văn h&oacute;a bản địa độc đ&aacute;o v&agrave; mua sắm&nbsp;tại: Chợ C&ocirc;n Tr&ugrave;ng,&nbsp;chợ Phsa Thmey.</strong></span></li>\r\n	<li><span style=\"color:#0033ff\"><strong>Tham quan những c&ocirc;ng tr&igrave;nh gắn liền lịch sử như: Đ&agrave;i tưởng niệm hữu nghị Việt Nam - Campuchia, đ&agrave;i Độc Lập, Quảng Trường S&ocirc;ng Bốn Mặt.</strong></span></li>\r\n	<li><span style=\"color:#0033ff\"><strong>Thử vận may tại&nbsp;S&ograve;ng b&agrave;i&nbsp;Casino&nbsp;Nagar Resort 5 sao&nbsp;sang trọng nhất Phnom Penh.</strong></span></li>\r\n	<li><span style=\"color:#0033ff\"><strong>Free</strong></span><span style=\"color:#0033ff\"><strong>&nbsp;01 buổi Buffet tối xem Apsara +&nbsp;&nbsp;01 buổi trưa Buffet Tonle Bassac</strong></span></li>\r\n</ul>\r\n\r\n<p><u><strong>NG&Agrave;Y 01 | TP.HCM &ndash; SIEM REAP (Ăn ba bữa)</strong></u><br />\r\n<strong>S&aacute;ng</strong>: Xe v&agrave; hướng dẫn vi&ecirc;n Vietnam Booking đ&oacute;n kh&aacute;ch ở TP. HCM trước khi l&ecirc;n xe khởi h&agrave;nh chuyến đi Siem Reap, bắt đầu h&agrave;nh tr&igrave;nh tour Campuchia 4 ng&agrave;y 3 đ&ecirc;m.</p>\r\n\r\n<p>Đo&agrave;n dừng ch&acirc;n d&ugrave;ng điểm t&acirc;m nhẹ ở Trảng B&agrave;ng, sau đ&oacute; qua cửa khẩu Mộc B&agrave;i ho&agrave;n tất c&aacute;c thủ tục cần thiết để xuất cảnh qua cửa khẩu.</p>\r\n\r\n<p><strong>Trưa</strong>: Qu&yacute; kh&aacute;ch d&ugrave;ng cơm trưa ở nh&agrave; h&agrave;ng địa phương tại tỉnh Prey Veng, sau đ&oacute; đi qua tỉnh Kompong Cham, Kompong Thom với những c&aacute;nh rừng c&acirc;y thốt nốt v&agrave; c&aacute;c c&aacute;nh đồng trải d&agrave;i xanh mướt. Tr&ecirc;n đường đi, đo&agrave;n dừng ch&acirc;n tham quan Cầu Rồng Kompong Kdei. Đ&acirc;y l&agrave; c&acirc;y cầu cổ nhất trong khu vực Đ&ocirc;ng Nam &Aacute; khi tuổi đời l&ecirc;n tới 1.000 năm, nằm tr&ecirc;n quốc lộ số 06 &ndash; con đường huyết mạch dẫn lối v&agrave;o th&agrave;nh phố.</p>\r\n\r\n<p><strong>Tối</strong>: Đo&agrave;n kh&aacute;ch tới Siem Reap, ăn cơm tối v&agrave; đăng k&yacute; nhận ph&ograve;ng ở kh&aacute;ch sạn. Khoảng thời gian sau đ&oacute; qu&yacute; kh&aacute;ch Vui chơi tự do, kh&aacute;m ph&aacute; th&agrave;nh phố về đ&ecirc;m.</p>\r\n\r\n<p>Đo&agrave;n nghỉ đ&ecirc;m tại Siem Reap.</p>\r\n\r\n<p><u><strong>NG&Agrave;Y 02 | SIEM REAP &ndash; KH&Aacute;M PH&Aacute; ANGKOK HUYỀN B&Iacute; (Ăn 3 bữa)</strong></u><br />\r\n<strong>S&aacute;ng</strong>: Qu&yacute; kh&aacute;ch d&ugrave;ng điểm t&acirc;m s&aacute;ng tại kh&aacute;ch sạn, sau đ&oacute; tiếp tục chương tr&igrave;nh tour Campuchia 4 ng&agrave;y 3 đ&ecirc;m, tham quan những cảnh đẹp ở Siem Reap với h&agrave;nh tr&igrave;nh kh&aacute;m ph&aacute; quần thể Angkor Thom. Nơi đ&acirc;y được vua Jayavarman VII x&acirc;y dựng theo phong c&aacute;ch Bayon v&agrave;o cuối thế kỷ XII để l&agrave;m thủ đ&ocirc; của Đế quốc Khmer.</p>\r\n\r\n<p>Xe đưa đo&agrave;n kh&aacute;ch gh&eacute; thăm đền Bayon &ndash; điểm du lịch kh&ocirc;ng thể bỏ qua khi đi tour du lịch Campuchia, đền nằm ở khu trung t&acirc;m quần thể Angkor Thom. C&oacute; thể xem ng&ocirc;i đền l&agrave; c&ocirc;ng tr&igrave;nh kiến tr&uacute;c ấn tượng nhất ở Campuchia nhờ sự ho&agrave;nh tr&aacute;ng về quy m&ocirc; v&agrave; cảm x&uacute;c m&agrave; n&oacute; mang lại cho du kh&aacute;ch. Điểm đặc biệt của đền nằm ở nụ cười b&iacute; ẩn hiện l&ecirc;n những n&eacute;t mặt kh&aacute;c nhau tr&ecirc;n từng khu&ocirc;n mặt thần Lokesvara.</p>\r\n\r\n<p>Đo&agrave;n dạo qua Angkor Wat &ndash; &ldquo;Di Sản Văn H&oacute;a&rdquo; của thế giới, thi&ecirc;ng li&ecirc;ng bậc nhất ở Campuchia, thăm di t&iacute;ch văn h&oacute;a cổ l&agrave; ng&ocirc;i đền Ta Prohm nổi tiếng với h&agrave;ng c&acirc;y cổ thụ bao quanh v&agrave; l&agrave; địa điểm quay bộ phim &ldquo;B&iacute; mật ng&ocirc;i mộ cổ&rdquo; của Hollywood.</p>\r\n\r\n<p><strong>Trưa</strong>: Qu&yacute; kh&aacute;ch d&ugrave;ng bữa trưa ở một nh&agrave; h&agrave;ng địa phương v&agrave; nghỉ ngơi tại kh&aacute;ch sạn.</p>\r\n\r\n<p><strong>Chiều</strong>: Đo&agrave;n l&ecirc;n xe đi tham quan ng&ocirc;i ch&ugrave;a cổ c&ograve;n lưu lại lịch sử về chế độ Khmer đỏ, nghe HDV kể về c&aacute;c sự t&iacute;ch nơi đ&acirc;y.</p>\r\n\r\n<p><strong>Tối</strong>: Qu&yacute; kh&aacute;ch d&ugrave;ng bữa tối buffet tại nh&agrave; h&agrave;ng. Sau đ&oacute; đo&agrave;n tự do kh&aacute;m ph&aacute; Siem Reap về đ&ecirc;m.</p>\r\n\r\n<p>Nghỉ đ&ecirc;m tại Siem Reap.</p>\r\n\r\n<p><u><strong>NG&Agrave;Y 03 | SIEM REAP &ndash; PHNOM PENH (Ăn 3 bữa)</strong></u><br />\r\n<strong>S&aacute;ng</strong>: Qu&yacute; kh&aacute;ch d&ugrave;ng Buffet s&aacute;ng tại kh&aacute;ch sạn v&agrave; l&agrave;m thủ tục trả ph&ograve;ng. Xe &amp; HDV đưa đo&agrave;n khởi h&agrave;nh về Phnom Penh. Đo&agrave;n tham quan Chợ C&ocirc;n Tr&ugrave;ng &ndash; nơi mua b&aacute;n c&aacute;c loại c&ocirc;n tr&ugrave;ng như: Nhện chi&ecirc;n, Dế chi&ecirc;n, B&ograve; Cạp chi&ecirc;n&hellip; Ngắm cảnh l&agrave;ng qu&ecirc; mộc mạc v&agrave; đời sống b&igrave;nh dị của cư d&acirc;n hai b&ecirc;n đường.</p>\r\n\r\n<p><strong>Trưa:</strong> Đo&agrave;n đến Phnom Penh, qu&yacute; kh&aacute;ch d&ugrave;ng cơm trưa với m&oacute;n ẩm thực địa phương v&agrave; nghỉ ngơi tại chỗ.</p>\r\n\r\n<p>Chiều: Sau đ&oacute;, đo&agrave;n bắt đầu tham quan những điểm đến nổi tiếng của du lịch Campuchia:</p>\r\n\r\n<p>Đ&agrave;i Độc Lập &ndash; l&agrave; nơi đ&aacute;nh dấu lại thời kỳ h&ograve;a b&igrave;nh của đất nước Cambodia, dưới sự cai trị của nước ngo&agrave;i.<br />\r\nĐ&agrave;i tưởng niệm Việt Nam &ndash; Campuchia&nbsp;<br />\r\nQuảng Trường S&ocirc;ng Bốn Mặt<br />\r\nS&ograve;ng b&agrave;i Casino Naga Resort 5 sao đẹp v&agrave; sang trọng nhất Phnom Penh.<br />\r\n<strong>Tối:</strong> Sau khi d&ugrave;ng cơm tối, qu&yacute; kh&aacute;ch tự do kh&aacute;m ph&aacute; cuộc sống nhộn nhịp của thủ đ&ocirc; Phnom Penh về đ&ecirc;m v&agrave; t&igrave;m hiểu ẩm thực địa phương.&nbsp;</p>\r\n\r\n<p>Gợi &yacute; c&aacute;c điểm đến cho chuyến du ngoạn đ&ecirc;m ở Phnom Penh: phố du lịch, chợ đ&ecirc;m, đảo Kim Cương,&hellip;</p>\r\n\r\n<p>Nghỉ đ&ecirc;m tại Phnom Penh.</p>\r\n\r\n<p><u><strong>NG&Agrave;Y 04: PHNOM PENH &ndash; TP. HCM (Ăn 2 bữa)</strong></u><br />\r\n<strong>S&aacute;ng</strong>: Qu&yacute; kh&aacute;ch d&ugrave;ng Buffet s&aacute;ng tại kh&aacute;ch sạn, sau đ&oacute; trả ph&ograve;ng. Xe đưa đo&agrave;n đi tham quan, mua sắm đặc sản địa phương v&agrave; qu&agrave; lưu niệm tại chợ Phsa Thmey (chợ Lớn Mới).</p>\r\n\r\n<p><strong>Trưa</strong>: Đo&agrave;n d&ugrave;ng bữa tại nh&agrave; h&agrave;ng nh&agrave; h&agrave;ng Buffet &ndash; Lẩu băng chuyền. Sau đ&oacute; khởi h&agrave;nh về lại TP.HCM.</p>\r\n\r\n<p><strong>Chiều</strong>: Về đến cửa khẩu Mộc B&agrave;i HDV l&agrave;m thủ tục cho đo&agrave;n xuất cảnh Campuchia v&agrave; nhập cảnh Việt Nam. Xe đưa Qu&yacute; kh&aacute;ch về lại th&agrave;nh phố Hồ Ch&iacute; Minh</p>\r\n\r\n<p><strong>Tối</strong>: Đo&agrave;n về điểm khởi h&agrave;nh ban đầu, kết th&uacute;c tour Campuchia 4 ng&agrave;y 3 đ&ecirc;m, HDV chia tay v&agrave; hẹn gặp lại qu&yacute; kh&aacute;ch trong c&aacute;c tour du lịch hấp dẫn, ấn tượng kh&aacute;c.</p>\r\n\r\n<p><strong>LƯU &Yacute;:</strong>Thứ tự chương tr&igrave;nh c&oacute; thể thay đổi theo sự sắp xếp của c&ocirc;ng ty để ph&ugrave; hợp với t&igrave;nh h&igrave;nh thực tế nhưng vẫn đảm bảo đầy đủ c&aacute;c điểm tham quan đ&atilde; n&ecirc;u trong chương tr&igrave;nh.</p>','2021-11-08','2021-11-14','images/2021/08/tour-campuchia-4n3d-kham-pha-siem-riep-phnom-penh-27032019-21-300x175.jpg','1900 3398',0,2,4150000,7,'4 ngày 3 đêm','Ô tô',2075000,'2021-01-01'),(8,'Tour du lịch Bali 4 ngày 3 đêm: “Thiên đường nghỉ dưỡng” Bali | Bay Vietnam Airlines',1,'<p><strong>Mua tour du lịch Bali 4 ng&agrave;y 3 đ&ecirc;m&nbsp;bay thẳng từ TPHCM của OU Travel, qu&yacute; kh&aacute;ch được trải nghiệm chuyến du lịch Bali kh&ocirc;ng thể n&agrave;o tuyệt vời hơn với l&agrave;n nước xanh m&aacute;t của b&atilde;i biển quyến rũ trải d&agrave;i, những ng&ocirc;i đền kỳ b&iacute; độc đ&aacute;o.</strong></p>\r\n\r\n<p><u><strong>ĐIỂM NỔI BẬT NHẤT:</strong></u></p>\r\n\r\n<ul>\r\n	<li><strong>Trọn g&oacute;i v&eacute; m&aacute;y bay khứ hồi của h&atilde;ng h&agrave;ng kh&ocirc;ng Vietnam Airlines chất lượng</strong></li>\r\n	<li><strong>3 đ&ecirc;m tại kh&aacute;ch sạn 4 sao&nbsp;sang trọng, đẳng cấp</strong></li>\r\n	<li><strong>Bay thẳng đến Bali, kh&ocirc;ng qu&aacute; cảnh</strong></li>\r\n	<li><strong>Tặng Sarong Bali (mảnh vải truyền thống) khi du kh&aacute;ch viếng đền</strong></li>\r\n	<li><strong>Chinh phục những điểm đến hấp dẫn: l&agrave;ng Celuk, Tampak siring, n&uacute;i lửa ở Kintamani,&nbsp;đền Batuan, Pandawa Beach, đền Uluwatu, đền Tanah Lot,...</strong></li>\r\n</ul>\r\n\r\n<h3><strong><u>NG&Agrave;Y 1 | TP.HCM &ndash; BALI&nbsp;(Ăn trưa nhẹ, Ăn tối)</u>&nbsp;</strong></h3>\r\n\r\n<p><u><strong>S&aacute;ng:</strong></u>&nbsp;Qu&yacute; kh&aacute;ch tập trung tại&nbsp;<strong>s&acirc;n bay T&acirc;n Sơn Nhất</strong>&nbsp;ga đi quốc tế theo lịch hẹn (trước 3 tiếng giờ bay), Trưởng Đo&agrave;n <strong>OU Travel</strong>&nbsp;hỗ trợ<strong>&nbsp;</strong>l&agrave;m thủ tục h&agrave;ng kh&ocirc;ng, đ&aacute;p chuyến bay đi&nbsp;<strong>Bali</strong>, Indonesia<strong>.</strong></p>\r\n\r\n<p>Qu&yacute; kh&aacute;ch c&oacute; mặt tại Ga đi Quốc tế &ndash; S&acirc;n Bay T&acirc;n Sơn Nhất trước giờ bay 03 tiếng để đ&aacute;p chuyến bay khởi h&agrave;nh đi BALI. Đến s&acirc;n bay quốc tế Ngurah Rai, xe v&agrave; hướng dẫn vi&ecirc;n địa phương đ&oacute;n qu&yacute; kh&aacute;ch đến nh&agrave; h&agrave;ng&nbsp;d&ugrave;ng cơm tối. Sau đ&oacute; về kh&aacute;ch sạn nhận ph&ograve;ng nghỉ ngơi, nghỉ đ&ecirc;m tại Bali.</p>\r\n\r\n<p><strong><u>Trưa:</u>&nbsp;</strong>Qu&yacute; kh&aacute;ch d&ugrave;ng bữa trưa nhẹ tr&ecirc;n m&aacute;y bay.</p>\r\n\r\n<p><u><strong>Chiều:</strong></u>&nbsp;Đến s&acirc;n bay quốc tế&nbsp;<strong>Ngurah Rai</strong>, qu&yacute; kh&aacute;ch l&agrave;m thủ tục nhập cảnh v&agrave; lấy h&agrave;nh l&yacute;. Xe v&agrave; hướng dẫn vi&ecirc;n (HDV) địa phương đ&oacute;n qu&yacute; kh&aacute;ch.</p>\r\n\r\n<p><u><strong>Tối:</strong></u>&nbsp;Đo&agrave;n d&ugrave;ng cơm tối, về kh&aacute;ch sạn nhận ph&ograve;ng nghỉ ngơi, chuẩn bị cho chuyến h&agrave;nh&nbsp;tr&igrave;nh<strong><em>&nbsp;tour du lịch Bali 4 ng&agrave;y 3 đ&ecirc;m</em></strong>&nbsp;sắp tới.</p>\r\n\r\n<p>Nghỉ đ&ecirc;m tại Bali.</p>\r\n\r\n<h3><strong><u>NG&Agrave;Y 2 |&nbsp;KH&Aacute;M PH&Aacute; ĐẢO BALI&nbsp;(Ăn 3 bữa)</u></strong></h3>\r\n\r\n<p><u><strong>S&aacute;ng:</strong></u>&nbsp;Qu&yacute; kh&aacute;ch ăn s&aacute;ng tại kh&aacute;ch sạn. Xe đưa qu&yacute; kh&aacute;ch đi tham quan&nbsp;<strong>Thị trấn UBUD</strong>&nbsp;&ndash; một trong những&nbsp;điểm&nbsp;<strong><em>du lịch nước ngo&agrave;i</em></strong>&nbsp;nổi tiếng tại Bali với c&aacute;c địa danh ti&ecirc;u biểu như sau:</p>\r\n\r\n<ul>\r\n	<li><strong>L&agrave;ng Celuk</strong>&nbsp;&ndash; c&ograve;n được gọi l&agrave; L&agrave;ng bạc Celuk &ndash; trung t&acirc;m Trang sức của Bali: Đ&acirc;y l&agrave; một trong những ng&ocirc;i l&agrave;ng ti&ecirc;u biểu đại diện cho nghệ thuật đ&uacute;c v&agrave; l&agrave;m đồ bạc v&agrave; v&agrave;ng tại Bali. Ở đ&acirc;y, du kh&aacute;ch c&oacute; thể t&igrave;m thấy v&ocirc; v&agrave;n những cửa h&agrave;ng b&aacute;n&nbsp;trang sức v&agrave; phụ kiện l&agrave;m từ v&agrave;ng v&agrave; bạc cũng như c&aacute;c xưởng thủ c&ocirc;ng.</li>\r\n	<li><strong>L&agrave;ng khắc gỗ MAS:</strong>&nbsp;L&agrave; một trong những l&agrave;ng nghề thủ c&ocirc;ng truyền thống của Bali, nổi tiếng với nghệ thuật khắc gỗ thượng thừa. C&aacute;c sản phẩm mỹ nghệ ở đ&acirc;y nổi tiếng th&ocirc;ng qua việc thể hiện sự h&agrave;i h&ograve;a thẩm mỹ về con người v&agrave; thi&ecirc;n nhi&ecirc;n.</li>\r\n	<li><strong>Đền Batuan</strong>&nbsp;(Batuan Temple): Hay được người d&acirc;n địa phương gọi l&agrave; &lsquo;Pura Puseh lan Pura Desa Adat Batuan, l&agrave; một địa điểm nổi bật thuộc&nbsp;ng&ocirc;i l&agrave;ng&nbsp;Batuan, nổi tiếng với nghệ thuật v&agrave; tranh vẽ truyền thống của người Balan.</li>\r\n	<li><strong>Tampak siring</strong>&nbsp;&ndash; suối thần Tampak Siring: L&agrave; ng&ocirc;i đền linh thi&ecirc;ng, sở hữu d&ograve;ng suối thần c&oacute; khả năng ti&ecirc;u trừ bệnh tật, thanh lọc t&acirc;m tr&iacute;, linh hồn con người, đem lại may mắn v&agrave; thanh xu&acirc;n.</li>\r\n</ul>\r\n\r\n<p><u><strong>Trưa:</strong></u>&nbsp;Xe v&agrave; HDV đưa đo&agrave;n đi d&ugrave;ng bữa trưa tại Nh&agrave; h&agrave;ng địa phương.</p>\r\n\r\n<p><u><strong>Chiều:</strong></u>&nbsp;Sau bữa ăn, qu&yacute; kh&aacute;ch tiếp tục tham quan:&nbsp;</p>\r\n\r\n<ul>\r\n	<li><strong>Ruộng bậc thang&nbsp;Tegalalang:&nbsp;</strong>Đ&acirc;y l&agrave; nơi Qu&yacute; kh&aacute;ch c&oacute; thể chụp những tấm h&igrave;nh &ldquo;sống ảo&rdquo; để đời c&ugrave;ng những<strong>&nbsp;</strong><em>chiếc x&iacute;ch đu Swing</em><strong>.</strong>&nbsp;B&ecirc;n cạnh đ&oacute;, nơi đ&acirc;y&nbsp;c&ograve;n c&oacute; những chiếc<strong>&nbsp;l</strong>ồng chim treo lơ lửng giữa thi&ecirc;n nhi&ecirc;n h&ugrave;ng vĩ hay ấm tr&agrave; bằng gỗ, mũi thuyền, nh&agrave; tr&ecirc;n c&acirc;y&hellip; Qu&yacute; kh&aacute;ch c&oacute; thể t&igrave;m v&agrave; thưởng thức c&agrave; ph&ecirc; Luwak nổi tiếng Indonesia.</li>\r\n	<li><strong>Khu du lịch&nbsp;KINTAMANI VOLCANO</strong>&nbsp;với trải nghiệm th&uacute; vị l&agrave; được ngắm nh&igrave;n to&agrave;n cảnh ngọn n&uacute;i lửa&nbsp;<strong>n&uacute;i lửa Batur&nbsp;</strong>v&agrave; l&ograve;ng&nbsp;<strong>hồ Batur</strong>&nbsp;bao quanh ngọn n&uacute;i.</li>\r\n</ul>\r\n\r\n<p><strong>***Tặng qu&yacute;&nbsp;kh&aacute;ch v&eacute; chơi&nbsp;</strong><strong>Swing</strong>&nbsp;&ndash; trải nghiệm tr&ograve; đ&aacute;nh đu thi&ecirc;n đường ***</p>\r\n\r\n<p><u><strong>Tối:</strong></u><strong>&nbsp;</strong>Qu&yacute; kh&aacute;ch d&ugrave;ng bữa tối tại nh&agrave; h&agrave;ng đại phương, sau đ&oacute; về kh&aacute;ch sạn nghỉ ngơi.&nbsp;Tự do kh&aacute;m ph&aacute; Bali về đ&ecirc;m.</p>\r\n\r\n<h3><u><strong>NG&Agrave;Y 3 |&nbsp;</strong><strong>&nbsp;</strong><strong>PANDAWA BEACH &ndash; ĐẢO R&Ugrave;A&nbsp;&ndash; ĐỀN ULUTAWU&nbsp;(Ăn 3 bữa)</strong></u></h3>\r\n\r\n<p><u><strong>S&aacute;ng:</strong></u><strong>&nbsp;</strong>Tiếp nối h&agrave;nh tr&igrave;nh&nbsp;<strong><em>du lịch Bali</em></strong>&nbsp;Indonesia trọn g&oacute;i, đo&agrave;n&nbsp;d&ugrave;ng bữa s&aacute;ng tại kh&aacute;ch sạn, sau đ&oacute; trả ph&ograve;ng.</p>\r\n\r\n<p>HDV &amp; xe đưa đo&agrave;n đi tham quan b&atilde;i biển&nbsp;<strong>Pandawa Beach</strong>&nbsp;thuộc&nbsp;khu du lịch Nam Kuta. Đ&acirc;y l&agrave;&nbsp;một trong nhiều b&atilde;i biển nổi tiếng ở Bali. Pandawa được mệnh danh l&agrave; &ldquo;b&atilde;i biển b&iacute; mật&rdquo;với vẻ đẹp tuyệt sắc&nbsp;ở thị trấn Kutuh. Qu&yacute;&nbsp;kh&aacute;ch c&oacute; thể thu&ecirc; những chiếc ghế lớn nằm thư gi&atilde;n, chơi tr&ograve; lướt s&oacute;ng&nbsp;<em>(chi ph&iacute; tự t&uacute;c)&nbsp;</em>hoặc tự do kh&aacute;m ph&aacute;&nbsp;hang động nh&acirc;n tạo c&oacute;&nbsp;nhiều bức tượng về anh h&ugrave;ng thời Mahabharata c&aacute;ch đ&oacute; v&agrave;i trăm m&eacute;t.</p>\r\n\r\n<p><u><strong>Trưa:</strong></u>&nbsp;Đo&agrave;n d&ugrave;ng<strong>&nbsp;</strong>bữa trưa v&agrave; nghỉ ngơi tại nh&agrave; h&agrave;ng địa phương.</p>\r\n\r\n<p><u><strong>Chiều:</strong></u>&nbsp;Xe đưa Đo&agrave;n đến Bến cảng, qu&yacute; kh&aacute;ch sẽ được&nbsp;trải nghiệm th&aacute;m hiểm khung cảnh đại dương bằng&nbsp;<strong>T&agrave;u đ&aacute;y k&iacute;nh</strong>&nbsp;trong hải tr&igrave;nh đến thăm&nbsp;<strong>Đảo R&ugrave;a</strong>&nbsp;&ndash; nơi được xem l&agrave; vương quốc của nhiều lo&agrave;i r&ugrave;a qu&yacute; hiếm c&ograve;n s&oacute;t lại tr&ecirc;n thế giới v&agrave; giống r&ugrave;a biển đặc trưng ở Indonesia.</p>\r\n\r\n<p>Sau đ&oacute;, đo&agrave;n về lại đất liền,&nbsp;tiếp tục tham quan&nbsp;<strong>Đền Uluwatu&nbsp;</strong>&ndash; ng&ocirc;i đền cổ xưa nhất tại Bali. Đ&acirc;y c&ograve;n&nbsp;l&agrave; một trong 9 ng&ocirc;i đền lớn v&agrave; quan trọng nhất với đời sống t&acirc;m linh của người d&acirc;n tr&ecirc;n Đảo. Đền nằm tr&ecirc;n v&aacute;ch đ&aacute; cao khoảng 70 m&eacute;t tr&ecirc;n mực nước biển&nbsp;Ấn Độ Dương n&ecirc;n&nbsp;du kh&aacute;ch&nbsp;sẽ nh&igrave;n thấy r&otilde; mồn&nbsp;một khung cảnh s&oacute;ng biển tung bọt trắng x&oacute;a.&nbsp;</p>\r\n\r\n<p><u><strong>Tối:</strong></u><strong>&nbsp;</strong>Qu&yacute; kh&aacute;ch d&ugrave;ng bữa tối tại nh&agrave; h&agrave;ng địa&nbsp;phương, sau đ&oacute; về kh&aacute;ch sạn nghỉ ngơi. Nghỉ đ&ecirc;m tại Bali</p>\r\n\r\n<p>&nbsp;</p>\r\n\r\n<h3><u><strong>NG&Agrave;Y 04 |&nbsp;BALI &ndash; TPHCM (Ăn S&aacute;ng, trưa, ăn nhẹ tr&ecirc;n m&aacute;y bay)</strong></u></h3>\r\n\r\n<p><u><strong>S&aacute;ng:</strong></u>&nbsp;Qu&yacute; kh&aacute;ch d&ugrave;ng bữa s&aacute;ng tại&nbsp;kh&aacute;ch sạn. Sau đ&oacute;, qu&yacute; kh&aacute;ch&nbsp;tự do nghỉ ngơi tắm biển hoặc đi mua sắm v&agrave; trải nghiệm ẩm thực Bali.</p>\r\n\r\n<p><u><strong>Trưa:</strong></u>&nbsp;Đến giờ hẹn, đo&agrave;n trả ph&ograve;ng, đi đến nh&agrave; h&agrave;ng địa phương d&ugrave;ng bữa trưa.</p>\r\n\r\n<p>Sau đ&oacute;, đo&agrave;n gh&eacute; thăm ng&ocirc;i đền linh thi&ecirc;ng&nbsp;<strong>Tanah Lot</strong>&nbsp;&ndash; biểu tượng của Bali &ndash; l&agrave; một trong những ng&ocirc;i đền ch&iacute;nh&nbsp;thờ phụng c&aacute;c vị thần&nbsp;Bali. Đền được x&acirc;y dựng tr&ecirc;n một một miệng n&uacute;i lửa gồ ghề giữa biển&nbsp;<em>v&agrave;o thế kỷ XVI</em>&nbsp;bởi những tu sĩ&nbsp;<em>B&agrave; La M&ocirc;n.</em>&nbsp;Qu&yacute; kh&aacute;ch c&oacute; thể ngắm ho&agrave;ng h&ocirc;n tuyệt đẹp của đảo thi&ecirc;n đường tại nơi n&agrave;y.</p>\r\n\r\n<p><u><strong>Chiều:</strong></u>&nbsp;Đến giờ hẹn, xe đ&oacute;n đo&agrave;n đưa ra s&acirc;n bay l&agrave;m thủ tục về lại&nbsp;<strong>TP HCM</strong>. Tặng qu&yacute; kh&aacute;ch&nbsp;bữa ăn nhẹ tr&ecirc;n m&aacute;y bay.&nbsp;</p>\r\n\r\n<p><u><strong>Tối:</strong></u>&nbsp;Về tới s&acirc;n bay&nbsp;<strong>T&acirc;n Sơn Nhất</strong>, kết th&uacute;c chuyến trải nghiệm&nbsp;<strong><em>tour du lịch Bali 4 ng&agrave;y 3 đ&ecirc;m</em></strong>&nbsp;ấn tượng, trưởng đo&agrave;n OU Travel ch&agrave;o tạm biệt v&agrave;&nbsp;hẹn gặp lại qu&yacute; kh&aacute;ch ở<strong><em>&nbsp;tour du lịch gi&aacute; rẻ</em></strong>&nbsp;lần sau.</p>\r\n\r\n<p><em><u><strong>Lưu &yacute;:</strong></u>&nbsp;C&aacute;c điểm tham quan c&oacute; thể được thay đổi để ph&ugrave; hợp với t&igrave;nh h&igrave;nh thực tế nhưng vẫn đảm bảo đủ điểm tham quan theo chương tr&igrave;nh&nbsp;tour du lịch Bali đ&atilde; đưa ra.</em></p>','2021-11-08','2021-11-14','images/2021/08/tour-du-lich-bali-4-ngay-3-dem-1-300x194.jpg','1900 3398',0,2,9500000,6,'4 ngày 3 đêm','Ô tô, Máy bay',4750000,'2021-01-01'),(10,'đasa',1,'<p>fsdfsdf</p>','2021-11-08','2021-11-14','images/2021/08/du-lich-quy-nhon-thang-6-7-300x194_NdxzxVR.jpg','1900 3398',5,2,1000000,2,'fsdfsdgvsd','fsdfsdf',500000,'2021-01-01'),(11,'Tour du lịch Dubai từ Hà Nội: Khám phá sự giàu có, sa hoa bậc nhất 6N5Đ',0,'<h3><u><strong>NG&Agrave;Y 01 |&nbsp;H&Agrave; NỘI &ndash; DUBAI (Bay thằng)</strong></u></h3>\r\n\r\n<p><strong><u>Tối:</u>&nbsp;</strong>Xe v&agrave; Trưởng đo&agrave;n của Vietnam Booking đón Quý khách tại điểm hẹn l&uacute;c 21h00 v&agrave; đưa đo&agrave;n ra S&acirc;n bay quốc tế N&ocirc;̣i Bài, đ&oacute;n&nbsp;chuy&ecirc;́n bay&nbsp;<strong>EK395 HANDXB KK30 TC 00:40 &ndash; 05:30 Y-G</strong>&nbsp;(+1) bắt đầu&nbsp;<strong>tour du lịch Dubai từ H&agrave; Nội&nbsp;</strong>6 ng&agrave;y 5 đ&ecirc;m<strong>.&nbsp;</strong>Quý khách nghỉ đ&ecirc;m tr&ecirc;n máy bay.</p>\r\n\r\n<h3><u><strong>NG&Agrave;Y 02 |&nbsp;&nbsp;DUBAI &ndash; KH&Aacute;CH SẠN 7* BURJ AL ARAB (Ăn 03 bữa)</strong></u></h3>\r\n\r\n<p><u><strong>S&aacute;ng:</strong></u>&nbsp;Đo&agrave;n l&agrave;m thủ tục nhập cảnh Dubai. Xe &amp; Hướng Dẫn Vi&ecirc;n (HDV) địa phương&nbsp;đ&oacute;n đo&agrave;n đi ăn s&aacute;ng Buffet tại kh&aacute;ch sạn.&nbsp;Sau đ&oacute;, qu&yacute; kh&aacute;ch&nbsp;đi tham quan những thắng cảnh nổi tiếng của<strong>&nbsp;du lịch Dubai:</strong></p>\r\n\r\n<ul>\r\n	<li><strong>Bảo T&agrave;ng Dubai.</strong></li>\r\n	<li><strong>Trải nghiệm Taxi nước qua vịnh Dubai &ndash; Water Abra :&nbsp;</strong>đ&acirc;y l&agrave; phương tiện đi lại truyền thống của người d&acirc;n Ả Rập,&nbsp;<strong>N</strong><strong>gắm khu Bastakiya</strong>&nbsp;với những t&ograve;a nh&agrave; cổ v&agrave; th&aacute;p&nbsp;gi&oacute; mang đậm n&eacute;t kiến tr&uacute;c đặc trưng của người Ả Rập ( 5 ph&uacute;t).</li>\r\n	<li><strong>Chợ gia vị (Spicy Souk)</strong>&nbsp;: nơi đ&acirc;y c&oacute; h&agrave;ng trăm loại gia vị nấu ăn v&agrave; rất nhiều loại tinh dầu, c&aacute;c m&oacute;n qu&agrave; lưu niệm mang biểu tượng&nbsp;<strong>Dubai.</strong></li>\r\n	<li><strong>Chợ V&agrave;ng (Gold Souk)&nbsp;</strong>: Đ&acirc;y l&agrave; khu bu&ocirc;n b&aacute;n v&agrave;ng nổi tiếng của Dubai. Kh&ocirc;ng chỉ c&oacute; v&agrave;ng m&agrave; ở đ&acirc;y c&ograve;n b&aacute;n cả bạch kim, kim cương. Ch&iacute;nh phủ quản l&yacute; rất chặt chẽ chất lượng ở đ&acirc;y, n&ecirc;n Qu&yacute; kh&aacute;ch c&oacute; thể y&ecirc;n t&acirc;m về chất lượng ở đ&acirc;y m&agrave; kh&ocirc;ng sợ mua phải h&agrave;ng giả.</li>\r\n</ul>\r\n\r\n<p><strong><u>Trưa:</u>&nbsp;</strong>Qu&yacute; kh&aacute;ch ăn trưa tại nh&agrave; h&agrave;ng địa phương. Sau đ&oacute; về kh&aacute;ch sạn nhận ph&ograve;ng nghỉ ngơi.</p>\r\n\r\n<p><strong><u>Chiều</u>&nbsp;&nbsp;</strong>Xe &amp; HDV<strong>&nbsp;</strong>tiếp tục tham quan:</p>\r\n\r\n<ul>\r\n	<li>Check in b&ecirc;n ngo&agrave;i&nbsp;<strong>kh&aacute;ch sạn 7 sao h&igrave;nh c&aacute;nh buồm tr&aacute;ng lệ Burj Al Arab</strong>&nbsp;(cao 321 m, với kiến tr&uacute;c Đ&ocirc;ng &ndash; T&acirc;y kết hợp, nội thất sang trọng với 8.000 m2 d&aacute;t v&agrave;ng l&aacute; 22 cara v&agrave; 24.000 m2 l&aacute;t 30 loại đ&aacute; cẩm thạch c&aacute;c loại.</li>\r\n	<li>Trải nghiệm<strong>&nbsp;</strong>Monorail&nbsp;thăm quan khu&nbsp;<strong>Palm Jumeirah (Đảo Cọ )</strong>&nbsp;&ndash; với c&aacute;c c&ocirc;ng tr&igrave;nh kiến tr&uacute;c, c&aacute;c to&agrave; nh&agrave; cao nổi tiếng thế giới,</li>\r\n	<li>Tự do chụp ảnh b&ecirc;n&nbsp;<strong>bờ biển Jumeriah, kh&aacute;ch sạn 5 sao Atlantis</strong>&nbsp;với kiến tr&uacute;c độc đ&aacute;o Ả Rập.</li>\r\n</ul>\r\n\r\n<p><strong><u>Tối:</u>&nbsp;</strong>Đo&agrave;n ăn tối tại nh&agrave; h&agrave;ng địa phương. Sau đ&oacute; xe đưa qu&yacute; kh&aacute;ch về nghỉ đ&ecirc;m tại kh&aacute;ch sạn 4* tại&nbsp;<strong>Dubai&nbsp;&nbsp;&nbsp;&nbsp;<strong><em>&nbsp;</em></strong></strong></p>\r\n\r\n<h3><u><strong>NG&Agrave;Y 03 |&nbsp;ĐẢO CỌ PALM JUMEIRAH &ndash; SA MẠC SAFARI (Ăn 03 bữa)</strong></u></h3>\r\n\r\n<p><strong><u>S&aacute;ng:</u>&nbsp;</strong>Qu&yacute; kh&aacute;ch ăn s&aacute;ng buffet tại kh&aacute;ch sạn. Sau đ&oacute; tự do&nbsp;tắm biển tr&ecirc;n Vịnh Ba Tư.&nbsp;<em>(Thời gian c&oacute; thể linh hoạt)</em></p>\r\n\r\n<p>Đến giờ hẹn,&nbsp;Xe &amp; HDV đưa đo&agrave;n đi tham quan c&aacute;c địa điểm tiếp theo của&nbsp;<strong>tour du lịch Dubai từ H&agrave; Nội&nbsp;</strong>6 ng&agrave;y 5 đ&ecirc;m<strong>:</strong></p>\r\n\r\n<ul>\r\n	<li>Cửa h&agrave;ng lưu niệm địa phương</li>\r\n	<li>Khu phố đi bộ tr&ecirc;n vịnh&nbsp;<strong>Marina Walk.&nbsp;</strong>C&oacute; thể tham gia option ngo&agrave;i như đi Du thuyền tr&ecirc;n vịnh.</li>\r\n</ul>\r\n\r\n<p><strong><u>Trưa:</u>&nbsp;</strong>Qu&yacute; kh&aacute;ch ăn trưa tại nh&agrave; h&agrave;ng.&nbsp; Sau đ&oacute; trở về kh&aacute;ch sạn nghỉ ngơi.</p>\r\n\r\n<p><u><strong>Chiều:</strong></u>&nbsp;Xe đ&oacute;n đo&agrave;n tại kh&aacute;ch sạn, bắt đầu Trải nghiệm&nbsp;<strong>Sa Mạc Safari:</strong></p>\r\n\r\n<ul>\r\n	<li>Tham gia cuộc dạo chơi đua xe Landcruiser tốc độ tr&ecirc;n c&aacute;c cồn c&aacute;t v&agrave;ng của Safari để cảm nhận sự th&uacute; vị v&agrave; ấn tượng. Chụp ảnh cảnh ho&agrave;ng h&ocirc;n tr&ecirc;n Sa mạc.</li>\r\n	<li><strong>Ghi ch&uacute;:</strong>&nbsp;Mỗi xe Landcruiser sẽ chở 6 kh&aacute;ch/xe. Qu&yacute; kh&aacute;ch n&ecirc;n chọn nh&oacute;m rồi b&aacute;o cho HDV của xe m&igrave;nh v&agrave; ngồi chờ đến lượt để l&ecirc;n xe. Người gi&agrave; v&agrave; trẻ em n&ecirc;n đi chung 1 xe y&ecirc;u cầu tốc độ nhẹ nh&agrave;ng v&igrave; chương tr&igrave;nh đua xe kh&aacute; mạo hiểm v&agrave; dễ bị say xe.</li>\r\n</ul>\r\n\r\n<p><u><strong>Tối:</strong></u>&nbsp;Đo&agrave;n trở về trại để cưỡi lạc đ&agrave; chụp ảnh,&nbsp;<strong>ăn tối BBQ tại Sa mạc</strong>&nbsp;v&agrave; xem biểu diễn m&uacute;a bụng&nbsp;<strong>Belly Dance, h&uacute;t Shisa, vẽ Henna&hellip;</strong>Đến giờ hẹn, xe đưa đo&agrave;n về nghỉ đ&ecirc;m tại kh&aacute;ch sạn 4* tại<strong>&nbsp;Dubai.</strong></p>\r\n\r\n<h3><u><strong>NG&Agrave;Y 04 |&nbsp;DU BAI &ndash; ABU DHABI ( Ăn 03 bữa)</strong></u></h3>\r\n\r\n<p><u><strong>S&aacute;ng:</strong></u>&nbsp;Sau khi ăn s&aacute;ng, qu&yacute; kh&aacute;ch khởi h&agrave;nh đến với&nbsp; thủ đ&ocirc; của c&aacute;c Tiểu Vương Quốc Ả Rập &ndash; Abu Dhabi<strong>.</strong>&nbsp;Đo&agrave;n tham quan&nbsp;<strong>C&ocirc;ng Vi&ecirc;n Ferrari World&nbsp;</strong>( chụp h&igrave;nh b&ecirc;n ngo&agrave;i )</p>\r\n\r\n<p><strong><u>Trưa:</u>&nbsp;</strong>Xe đưa đo&agrave;n đi ăn trưa tại nh&agrave; h&agrave;ng địa phương.</p>\r\n\r\n<p><u><strong>Chiều</strong></u>: HDV c&ugrave;ng đo&agrave;n đi dọc theo&nbsp;<strong>Đại Lộ Corniche,&nbsp;</strong>tham quan:</p>\r\n\r\n<ul>\r\n	<li><strong>Chợ N&ocirc;ng Sản Date Market.</strong></li>\r\n	<li><strong>L&agrave;ng di sản văn h&oacute;a Heritage Village</strong>&nbsp;&ndash; địa điểm giới thiệu về lịch sử, di sản v&agrave; c&aacute;c văn h&oacute;a truyền thống cổ xưa của Abu Dhabi từ những năm 1950 &ndash; 1960<strong>.</strong></li>\r\n	<li><strong>Quảng Trường Li&ecirc;n Hiệp (Union Square),&nbsp;</strong>được&nbsp; xem l&agrave; biểu tượng<strong>&nbsp;</strong><u>Di Sản của Abu Dhabi.</u></li>\r\n</ul>\r\n\r\n<ul>\r\n	<li><strong>Th&aacute;nh đường Sheikh Zayed</strong>&nbsp;&ndash; Th&aacute;nh đường hồi gi&aacute;o lớn nhất thế giới.</li>\r\n</ul>\r\n\r\n<p><u><strong>Tối:</strong></u>&nbsp;Đo&agrave;n d&ugrave;ng bữa&nbsp;tối tại nh&agrave; h&agrave;ng. Sau đ&oacute; xe đưa qu&yacute; kh&aacute;ch về Nghỉ đ&ecirc;m tại kh&aacute;ch sạn ở&nbsp;Abu Dhabi.</p>\r\n\r\n<h3><u><strong>NG&Agrave;Y 05 |&nbsp;&nbsp;DUBAI MALL &ndash;BURJ KHALIFA (Ăn 03 bữa)</strong></u></h3>\r\n\r\n<p><u><strong>S&aacute;ng:</strong></u>&nbsp;Đo&agrave;n d&ugrave;ng bữa&nbsp;s&aacute;ng tại kh&aacute;ch sạn địa phương. Sau đ&oacute; l&agrave;m thủ tục trả ph&ograve;ng, xe &amp; HDV đưa qu&yacute; kh&aacute;ch đi tham quan v&agrave; chụp h&igrave;nh b&ecirc;n ngo&agrave;i&nbsp;<u>Kh&aacute;ch sạn Emirates Palace</u>&nbsp;&ndash; kh&aacute;ch sạn nguy nga tr&aacute;ng lệ như một cung điện với diện t&iacute;ch ph&ograve;ng ở l&ecirc;n đến 85,000m2 v&agrave; 1.3km bờ biển ri&ecirc;ng biệt. Đo&agrave;n&nbsp;<strong>thưởng thức tiệc tr&agrave; tại kh&aacute;ch sạn Emirates</strong>&nbsp;với b&aacute;nh phủ v&agrave;ng. (Chi ph&iacute; tự t&uacute;c, Qu&yacute; kh&aacute;ch vui l&ograve;ng b&aacute;o trước khi đặt tour).</p>\r\n\r\n<p>Đến giờ hẹn, xe đưa đo&agrave;n quay trở lại Dubai, tham quan th&agrave;nh phố Dubai v&agrave; Mua&nbsp;sắm tại&nbsp;Cửa h&agrave;ng lưu niệm địa phương Heritage Touch.</p>\r\n\r\n<p><u><strong>Trưa:</strong></u>&nbsp;Đo&agrave;n ăn trưa tại nh&agrave; h&agrave;ng địa phương.</p>\r\n\r\n<p><strong><u>Chiều:</u>&nbsp;&nbsp;</strong>Qu&yacute; kh&aacute;ch<strong>&nbsp;</strong>tiếp tục tham quan địa điểm trong&nbsp;<strong>tour&nbsp;Dubai từ H&agrave; Nội&nbsp;</strong>ng&agrave;y thứ 5:</p>\r\n\r\n<ul>\r\n	<li><strong>T&ograve;a th&aacute;p cao nhất thế giới Burj Khalifa</strong>: th&aacute;p cao 828m v&agrave; l&agrave; c&ocirc;ng tr&igrave;nh đạt v&ocirc; số kỷ lục Guiness, l&ecirc;n đ&agrave;i quan s&aacute;t ngắm to&agrave;n cảnh th&agrave;nh phố Dubai , mua sắm tại<strong>&nbsp;</strong><u>Dubai Mall</u><em>&nbsp;</em><em>(Chi ph&iacute; tự t&uacute;c)</em></li>\r\n	<li><strong>Thủy Cung Lớn Nhất Thế Giới&nbsp;</strong>với hệ thủy sinh vật phong&nbsp; ph&uacute;. (B&ecirc;n ngo&agrave;i)</li>\r\n	<li><strong>Vườn Hoa Lớn Nhất Thế Giới</strong>&nbsp;với hơn 45 triệu b&ocirc;ng hoa được trả rộng hơn 70.000 m2, sắp xếp th&agrave;nh c&aacute;c tuyệt t&aacute;c với hệ thống tưới nước thải t&aacute;i chế</li>\r\n	<li>Chụp ảnh b&ecirc;n ngo&agrave;i&nbsp;<strong>c&ocirc;ng vi&ecirc;n tuyết trong nh&agrave; lớn nhất thế giới Ski Dubai</strong>, tham gia c&aacute;c tr&ograve; chơi trong c&ocirc;ng vi&ecirc;n tuyết&nbsp;<em>(chi ph&iacute; tự t&uacute;c)</em></li>\r\n	<li>Chi&ecirc;m ngưỡng m&agrave;n tr&igrave;nh diễn nhạc nước ho&agrave;nh tr&aacute;ng tại ch&acirc;n th&aacute;p Burj Khalifa.</li>\r\n	<li>Mua sắm tại một trong những trung t&acirc;m thương mại lớn nhất của UAE &ndash;&nbsp;<strong>Mall of Emirates</strong>&nbsp;v&agrave; thỏa sức mua sắm với h&agrave;ng ng&agrave;n thương hiệu nổi tiếng .&nbsp;&nbsp;</li>\r\n</ul>\r\n\r\n<p><u><strong>Tối:</strong></u>&nbsp;Đo&agrave;n ăn tối tại nh&agrave; h&agrave;ng.&nbsp;Sau đ&oacute; xe đưa đo&agrave;n ra s&acirc;n bay quốc tế Dubai. Qu&yacute; kh&aacute;ch c&oacute; thời gian mua sắm tại c&aacute;c cửa h&agrave;ng miễn thuế trong s&acirc;n bay. Qu&yacute; kh&aacute;ch đ&aacute;p chuyến bay:<em><u>2 EK 394 DXBHAN KK30 TC 03:30-6 1315-6 Y-G</u></em>&nbsp;về H&agrave; Nội.</p>\r\n\r\n<h3><u><strong>NG&Agrave;Y 06 |&nbsp;DUBAI &ndash; H&Agrave; NỘI</strong></u></h3>\r\n\r\n<p>Chuyến bay<strong>&nbsp;</strong>EK394<strong>&nbsp;</strong>sẽ cất c&aacute;nh l&uacute;c 03h30 từ S&acirc;n Bay quốc tế Dubai&nbsp;về tới S&acirc;n bay Quốc tế Nội B&agrave;i l&uacute;c<strong>&nbsp;13h15</strong>&nbsp;c&ugrave;ng ng&agrave;y. Xe đưa đo&agrave;n về điểm khởi h&agrave;nh ban đầu, Kết th&uacute;c chương tr&igrave;nh&nbsp;<strong><u><em>tour Dubai khởi h&agrave;nh từ H&agrave; Nội</em></u></strong>&nbsp;trong 6 ng&agrave;y 5 đ&ecirc;m. Trưởng đo&agrave;n ch&agrave;o tạm biệt&nbsp;v&agrave; hẹn gặp lại Qu&yacute; kh&aacute;ch&nbsp;trong những chuyến&nbsp;<strong>du lịch nước ngo&agrave;i</strong>&nbsp;tiếp theo.</p>','2021-11-08','2021-11-08','images/2021/11/tour-du-lich-du-bai-23-9-2017-4-300x194.jpg','1900 1234',0,2,27500000,12,'6 ngày 5 đêm','Ô tô, Máy bay',0,'2021-11-08'),(12,'Tour du lịch Bangkok – Pattaya 5 ngày 4 đêm| Thành phố cổ Muang Boran – Đảo Coral',1,'<h3><u><strong>NG&Agrave;Y 01 |&nbsp;TP HỒ CH&Iacute; MINH&nbsp;&ndash; BANGKOK &ndash; MUANG&nbsp;BORAN &ndash; PATTAYA&nbsp;(Ăn trưa, tối)</strong></u></h3>\r\n\r\n<p><u><strong>S&aacute;ng:</strong></u>&nbsp;Trưởng đo&agrave;n của<strong>&nbsp;DogZ Travel</strong>&nbsp;sẽ đ&oacute;n qu&yacute; kh&aacute;ch tại s&acirc;n bay T&acirc;n Sơn Nhất,&nbsp;sau&nbsp;đ&oacute;&nbsp;l&agrave;m thủ tục&nbsp;cho đo&agrave;n đ&aacute;p chuyến bay đi&nbsp;<strong>Th&aacute;i Lan</strong>.</p>\r\n\r\n<p><u><strong>Trưa:</strong></u>&nbsp;Đến&nbsp;<strong>Bangkok</strong>, qu&yacute; kh&aacute;ch d&ugrave;ng cơm trưa tại&nbsp;s&acirc;n bay. Sau đ&oacute;&nbsp;bắt đầu h&agrave;nh tr&igrave;nh của&nbsp;<strong>tour Bangkok Pattaya 5 ng&agrave;y 4 đ&ecirc;m</strong>.</p>\r\n\r\n<p>Xe v&agrave; Hướng Dẫn Vi&ecirc;n (HDV) địa phương&nbsp;đưa Qu&yacute; kh&aacute;ch tham quan th&agrave;nh phố cổ&nbsp;<strong>Muang Boran&nbsp;</strong>Ancient City &ndash; một trong những&nbsp;bảo t&agrave;ng ngo&agrave;i trời lớn nhất thế giới. Th&agrave;nh phố n&agrave;y được v&iacute; l&agrave; &quot;Th&aacute;i Lan thu nhỏ&quot; v&igrave;&nbsp;sở hữu hơn 115 t&ograve;a nh&agrave; đồ sộ gồm&nbsp;c&aacute;c&nbsp;m&ocirc; h&igrave;nh&nbsp;của tượng đ&agrave;i, cung điện, đền thờ v&agrave; những t&agrave;n t&iacute;ch của th&agrave;nh phố cổ đại trong lịch sử Th&aacute;i lan từ l&uacute;c sơ khai cho đến ng&agrave;y nay như:</p>\r\n\r\n<p>&nbsp;</p>\r\n\r\n<ul>\r\n	<li><strong>Ch&ugrave;a V&agrave;ng</strong>&nbsp;nổi tiếng với 23 tượng phật v&agrave;ng v&agrave; d&atilde;y h&agrave;nh lang quả chu&ocirc;ng dọc theo lối ra tạo 01 khung cảnh an nhi&ecirc;n, thanh tịnh.</li>\r\n	<li>Đền&nbsp;<strong>Wihan</strong>&nbsp;tại Wat Phra Si Sanphet&nbsp;vốn c&oacute; từ thời cổ của ho&agrave;ng cung&nbsp;Ayutthaya, nay được dựng lại m&ocirc; h&igrave;nh với tỉ lệ bằng 1/2 diện t&iacute;ch&nbsp;gốc.&nbsp;</li>\r\n	<li>Cung Điện&nbsp;<strong>Sanphet Prasat</strong>&nbsp;l&agrave; cung điện ch&iacute;nh của thời đầu Ayutthaya. Sanphet Prasat c&oacute; lối kiến tr&uacute;c độc đ&aacute;o với&nbsp;c&aacute;c cột trụ thon v&agrave;&nbsp;đồ trang tr&iacute;&nbsp;phức tạp. Cung điện được sử dụng trong nhiều nghi lễ quan trọng của t&ograve;a &aacute;n v&agrave; nh&agrave; nước.</li>\r\n	<li>L&acirc;u đ&agrave;i&nbsp;<strong>Dusit Maha Prasat&nbsp;</strong>Palace&nbsp;&ndash;&nbsp;Cung Điện Lộng Lẫy nhất từ thời Rattanakosin được x&acirc;y dựng v&agrave;o năm 1806 dưới triều đại của Vua Rama I v&agrave; được t&aacute;i kiến tr&uacute;c, thay đổi nhiều v&agrave;o thời vua Ranma II.</li>\r\n	<li>Đ&agrave;i Phun Nước&nbsp;<strong>Bodhisattva Avalokitesvara</strong>&nbsp;&ndash; C&ocirc;ng tr&igrave;nh kh&eacute;o l&eacute;o, phức tạp&nbsp;m&ocirc; tả bức tượng&nbsp;Quan Thế &Acirc;m Bồ T&aacute;t đang l&agrave;m ph&eacute;p để chống lại c&aacute;c thế lực xấu xa.&nbsp;</li>\r\n</ul>\r\n\r\n<p><strong><u>Chiều:</u></strong>&nbsp;Qu&yacute; kh&aacute;ch d&ugrave;ng cơm chiều&nbsp;với c&aacute;c m&oacute;n ăn truyền thống miền bắc của Th&aacute;i Lan. Qu&yacute; kh&aacute;ch c&oacute; thể vừa d&ugrave;ng bữa vừa chi&ecirc;m ngưỡng đền&nbsp;<strong>Sumure</strong>&nbsp;&ndash; ng&ocirc;i đền huyền thoại được bao quanh bởi một tượng&nbsp;c&aacute; Anondha khổng lồ.</p>\r\n\r\n<p><u><strong>Tối:</strong></u><strong>&nbsp;</strong>Đo&agrave;n l&ecirc;n xe tiếp tục chương tr&igrave;nh đến th&agrave;nh phố biển&nbsp;<strong>Pattaya</strong>. Tr&ecirc;n đường đi, qu&yacute; kh&aacute;ch&nbsp;gh&eacute; tham quan&nbsp;<strong>Đồi Đ&ocirc; Đốc Hải Qu&acirc;n</strong>&nbsp;để&nbsp;cầu b&igrave;nh an cho gia đ&igrave;nh, người th&acirc;n v&agrave; bạn b&egrave;. Ngo&agrave;i ra, v&igrave; đ&acirc;y l&agrave; ngọn đồi cao nhất Pattaya n&ecirc;n qu&yacute; kh&aacute;ch c&ograve;n c&oacute; thể ngắm nh&igrave;n to&agrave;n cảnh Pattaya từ tr&ecirc;n cao.</p>\r\n\r\n<p>&nbsp;</p>\r\n\r\n<p>Sau đ&oacute;, đo&agrave;n&nbsp;về kh&aacute;ch sạn nhận ph&ograve;ng nghỉ ngơi hoặc tự do kh&aacute;m ph&aacute; c&aacute;c show về đ&ecirc;m tại Pattaya &ndash; th&agrave;nh phố kh&ocirc;ng ngủ. Nghỉ đ&ecirc;m tại tại Pattaya</p>\r\n\r\n<h3><u><strong>NG&Agrave;Y 02 | PATTAYA &ndash; ĐẢO CORAL (Ăn 03 bữa)</strong></u></h3>\r\n\r\n<p><u><strong>S&aacute;ng:</strong></u>&nbsp;Đo&agrave;n d&ugrave;ng buffet s&aacute;ng&nbsp;tại kh&aacute;ch sạn, sau đ&oacute; xe đưa qu&yacute; kh&aacute;ch&nbsp;khởi h&agrave;nh ra bến cảng để&nbsp;đi&nbsp;<strong>Đảo San H&ocirc; Coral</strong>. Đo&agrave;n di&nbsp;chuyển đến đảo bằng t&agrave;u cao tốc. Đến nơi, qu&yacute; kh&aacute;ch&nbsp;tự do tắm biển, thưởng thức hải sản v&agrave; tham gia c&aacute;c tr&ograve; chơi thể thao tr&ecirc;n biển như: lặn biển, lướt v&aacute;n, d&ugrave; bay, l&aacute;u m&ocirc; t&ocirc; nước&hellip; Đặc biệt, chương tr&igrave;nh hấp dẫn nhất l&agrave; lặn biển ngắm san h&ocirc;&nbsp;<em>(chi ph&iacute; tr&ograve; chơi &amp; ngắm san h&ocirc;&nbsp;tự t&uacute;c)</em>.&nbsp;&nbsp;</p>\r\n\r\n<p>&nbsp;</p>\r\n\r\n<p>Đến giờ hẹn qu&yacute; kh&aacute;ch l&ecirc;n t&agrave;u&nbsp;trở về đất liền. Đo&agrave;n tiếp tục tham quan&nbsp;<strong>Chợ Nổi Bốn Miền</strong>&nbsp;&ndash; khu chợ nổi tiếng nhất nh&igrave; Pattaya với diện t&iacute;ch l&ecirc;n đến&nbsp;100.000 m&eacute;t vu&ocirc;ng. Tại đ&acirc;y, qu&yacute; kh&aacute;ch tự do mua sắm v&agrave; thưởng thức c&aacute;c m&oacute;n ăn đặc sản Th&aacute;i Lan.</p>\r\n\r\n<p><u><strong>Trưa:</strong></u>&nbsp;Đo&agrave;n d&ugrave;ng cơm trưa tại nh&agrave; h&agrave;ng địa phương.</p>\r\n\r\n<p><u><strong>Chiều:</strong></u>&nbsp;Đo&agrave;n khởi h&agrave;nh đi tham quan:</p>\r\n\r\n<ul>\r\n	<li><strong>Xưởng chế t&aacute;c đ&aacute; qu&yacute; &ndash;&nbsp;</strong>Một trung t&acirc;m trưng b&agrave;y đ&aacute; qu&yacute; phong thủy đạt ti&ecirc;u chuẩn ISO 9001.</li>\r\n	<li><strong>Morden Latex</strong>&nbsp;l&agrave; ph&acirc;n viện nghi&ecirc;n cứu c&aacute;c sản phẩm hỗ trợ giấc ngủ Modern Latex của Ho&agrave;ng Gia Th&aacute;i Lan.</li>\r\n	<li><strong>Tr&acirc;n Bảo Phật Sơn</strong>&nbsp;(Khao Chee Chan), được coi l&agrave; ngọn n&uacute;i đẹp nổi tiếng nằm ở tỉnh Chonburi, với&nbsp;h&igrave;nh ảnh&nbsp;Th&iacute;ch Ca M&acirc;u Ni Phật đang ngồi tọa thiền được tạc tr&ecirc;n v&aacute;ch n&uacute;i cao. Bức tượng cao đến hơn 100 m&eacute;t, rộng khoảng 70 m&eacute;t, được đ&uacute;c nổi ho&agrave;n to&agrave;n bằng v&agrave;ng r&ograve;ng.</li>\r\n	<li><strong>Vườn Nho Silver Lake</strong>, một c&aacute;nh đồng nho rộng lớn với rất nhiều hoa v&agrave; c&oacute; cả&nbsp;vườn bầu khổng lồ, b&iacute; khổng lồ. Qu&yacute; kh&aacute;ch c&oacute; thể mua&nbsp;c&aacute;c sản phẩm l&agrave;m từ nho, nước &eacute;p nho, kẹo nho, mứt nho&hellip;tại đ&acirc;y.</li>\r\n	<li>Qu&yacute; kh&aacute;ch được trải nghiệm&nbsp;<strong>01 suất Massage Th&aacute;i Cổ Truyền</strong>&nbsp;&ndash; đ&aacute;nh thức tiềm năng cơ thể.</li>\r\n	<li>Tham quan&nbsp;<strong>T&ograve;a Nh&agrave; Tỷ Ph&uacute;&nbsp;</strong>Sukhawadee</li>\r\n</ul>\r\n\r\n<p><u><strong>Tối:</strong></u>&nbsp;Đo&agrave;n d&ugrave;ng cơm tối với c&aacute;c m&oacute;n buffet BBQ hải sản tự chọn tại T&ograve;a Nh&agrave; Tỷ Ph&uacute;. Sau đ&oacute;, đo&agrave;n xem&nbsp;<strong>Alcazar Show</strong>&nbsp;<strong>&ndash;</strong>một trong những chương tr&igrave;nh ca m&uacute;a nhạc nổi tiếng v&agrave; ho&agrave;nh tr&aacute;ng nhất do c&aacute;c vũ c&ocirc;ng chuyển giới thực hiện.</p>\r\n\r\n<p>Qu&yacute; kh&aacute;ch về kh&aacute;ch sạn nghỉ ngơi hoặc tự do kh&aacute;m ph&aacute; Pattaya về đ&ecirc;m.</p>\r\n\r\n<h3><u><strong>NG&Agrave;Y 03 |&nbsp;PATTAYA &ndash; BANGKOK&nbsp;(Ăn s&aacute;ng, trưa)</strong></u></h3>\r\n\r\n<p><u><strong>S&aacute;ng:</strong></u>&nbsp;Đo&agrave;n d&ugrave;ng bữa s&aacute;ng tại kh&aacute;ch sạn. Sau đ&oacute; qu&yacute; kh&aacute;ch l&agrave;m thủ tục trả ph&ograve;ng. Xe v&agrave; HDV đưa đo&agrave;n khởi h&agrave;nh về thủ đ&ocirc; Bangkok. Tr&ecirc;n đường đi, đo&agrave;n dừng ch&acirc;n&nbsp;tham quan:</p>\r\n\r\n<ul>\r\n	<li>Cửa h&agrave;ng b&aacute;n c&aacute;c loại&nbsp;<strong>thổ sản Th&aacute;i:</strong>&nbsp;Qu&yacute; kh&aacute;ch tự do thưởng thức c&aacute;c m&oacute;n đặc sản Th&aacute;i Lan tại đ&acirc;y v&agrave; mua&nbsp;c&aacute;c loại dầu thảo dược Th&aacute;i Lan về l&agrave;m qu&agrave; cho người th&acirc;n v&agrave; bạn b&egrave;.</li>\r\n	<li><strong>Viện Nghi&ecirc;n cứu rắn độc Ho&agrave;ng Gia</strong>, xem m&agrave;n biểu diễn rắn độc đ&aacute;o, được thưởng thức v&agrave; t&igrave;m hiểu qui tr&igrave;nh lấy nọc rắn chế biến th&agrave;nh dược phẩm chữa bệnh.</li>\r\n	<li><strong>Vườn Bướm</strong>&nbsp;&ndash; Trung t&acirc;m đặc sắc Ba miền: t&igrave;m hiểu qui tr&igrave;nh khai th&aacute;c Yến Th&aacute;i, thưởng thức ch&egrave; Yến, tr&agrave; mật ong Tam Gi&aacute;c V&agrave;ng. Đo&agrave;n c&oacute; thể mua sắm c&aacute;c sản phẩm tại đ&acirc;y như: Mật ong Tam Gi&aacute;c V&agrave;ng, Yến S&agrave;o, Cao Hổ&hellip;</li>\r\n</ul>\r\n\r\n<p><u><strong>Trưa:</strong></u>&nbsp;Đo&agrave;n d&ugrave;ng cơm trưa tại nh&agrave; h&agrave;ng xoay 86 tầng &ndash; t&ograve;a nh&agrave;&nbsp;<strong>Baiyoke Sky</strong>&nbsp;cao nhất Th&aacute;i Lan. Tại đ&acirc;y, qu&yacute; kh&aacute;ch c&oacute; thể thưởng thức hơn 100 m&oacute;n ăn &Acirc;u &ndash; &Aacute; thật phong ph&uacute; v&agrave; hấp dẫn, đồng thời qu&yacute; kh&aacute;ch c&oacute; thể check in v&agrave;&nbsp;ngắm nh&igrave;n mạng lưới giao th&ocirc;ng chằng chịt tại Bangkok từ tr&ecirc;n cao.</p>\r\n\r\n<p><u><strong>Chiều:</strong></u>&nbsp;Đo&agrave;n viếng thăm&nbsp;<strong>Phật Bốn Mặt&nbsp;</strong>hay Tứ Diện Thần&nbsp;linh thi&ecirc;ng nhất Bangkok.<strong>&nbsp;</strong>Tứ Diện Thần&nbsp;l&agrave; bức tượng với 4 mặt quay ra 4 hướng kh&aacute;c nhau, nằm giữa trung t&acirc;m thủ đ&ocirc;.&nbsp;Đ&acirc;y l&agrave; bức tượng được người d&acirc;n Th&aacute;i Lan t&ocirc;n k&iacute;nh, v&igrave; họ tin rằng, bức tượng sẽ đem lại sự may mắn cho đất nước cũng như bản th&acirc;n họ.</p>\r\n\r\n<p>Sau đ&oacute; Qu&yacute; kh&aacute;ch<strong>&nbsp;tự do mua sắm</strong>&nbsp;tại Trung t&acirc;m thương mại&nbsp;<strong>Big C</strong>&nbsp;hoặc tự do kh&aacute;m kh&aacute; c&aacute;c khu mua sắm sầm uất kh&aacute;c ngay trung t&acirc;m&nbsp;<strong>Partunam như: MBK, Central World, v.v&hellip;</strong><em>&nbsp;(Ăn tối tự t&uacute;c)</em><strong>.</strong></p>\r\n\r\n<p><u><strong>Tối:</strong></u>&nbsp;Đến giờ hẹn, xe đưa đo&agrave;n về kh&aacute;ch sạn nhận ph&ograve;ng nghỉ ngơi.</p>\r\n\r\n<h3><u><strong>NG&Agrave;Y 04 | KH&Aacute;M PH&Aacute; BANGKOK&nbsp;(Ăn s&aacute;ng, trưa)</strong></u></h3>\r\n\r\n<p><strong><u>S&aacute;ng:</u>&nbsp;</strong>Đo&agrave;n ăn s&aacute;ng tại kh&aacute;ch sạn, sau đ&oacute; bắt đầu h&agrave;nh tr&igrave;nh&nbsp;<strong>tour Th&aacute;i Lan</strong>&nbsp;ng&agrave;y thứ 4. Qu&yacute; kh&aacute;ch gh&eacute; thăm&nbsp;<strong>Ch&ugrave;a Phật V&agrave;ng</strong>&nbsp;c&oacute; tượng Phật lớn nhất thế giới với chiều&nbsp;cao 3 m&eacute;t v&agrave; nặng hơn 5,5 tấn. Tượng được đ&uacute;c theo phong c&aacute;ch Sukhothai, l&agrave; biểu tượng cho&nbsp;sự thịnh vượng, thuần khiết cũng như sức mạnh v&agrave; quyền năng.</p>\r\n\r\n<p><u><strong>Trưa:</strong></u>&nbsp;Qu&yacute; kh&aacute;ch ra xe đi đến nh&agrave; h&agrave;ng địa phương d&ugrave;ng cơm trưa v&agrave; nghỉ ngơi, thư gi&atilde;n.</p>\r\n\r\n<p><u><strong>Chiều:</strong></u>&nbsp;Xe v&agrave; HDV đưa qu&yacute; kh&aacute;ch đến khu trung t&acirc;m thương mại. Tại đ&acirc;y, qu&yacute; kh&aacute;ch tự do kh&aacute;m ph&aacute; thi&ecirc;n đường mua sắm Bangkok. Ngo&agrave;i ra, qu&yacute; kh&aacute;ch c&oacute; thể tự do kh&aacute;m ph&aacute; ẩm thực Th&aacute;i Lan.</p>\r\n\r\n<p><u><strong>Tối:</strong></u>&nbsp;Đến&nbsp;giờ hẹn, xe đưa về kh&aacute;ch sạn nghỉ ngơi. Đo&agrave;n qua đ&ecirc;m tại Bangkok.</p>\r\n\r\n<h3><u><strong>NG&Agrave;Y 0</strong><strong>5</strong><strong>&nbsp;|&nbsp;BANGKOK &ndash; TP.HCM (Ăn s&aacute;ng, trưa</strong><strong>)</strong></u></h3>\r\n\r\n<p><u><strong>S&aacute;ng:</strong></u>&nbsp;Sau khi ăn s&aacute;ng, đến giờ hẹn, đo&agrave;n l&agrave;m thủ tục trả ph&ograve;ng.&nbsp;Qu&yacute; kh&aacute;ch&nbsp;khởi h&agrave;nh đi tham quan:</p>\r\n\r\n<ul>\r\n	<li><strong>Wat Yannawa</strong>&nbsp;&ndash; ng&ocirc;i ch&ugrave;a do vị vua thứ V Th&aacute;i Lan x&acirc;y dựng. Wat Yannawa c&oacute; nghĩa l&agrave; &quot;ch&ugrave;a thuyền&quot; v&igrave; ch&ugrave;a c&oacute; h&igrave;nh d&aacute;ng giống&nbsp;con thuyền của người Trung Hoa, kếp hợp&nbsp;với kiến tr&uacute;c Th&aacute;i l&agrave; c&aacute;c m&aacute;i cao v&uacute;t mang đậm phong c&aacute;ch thời Ayuthaya.&nbsp;</li>\r\n	<li><strong>Ch&ugrave;a Arun</strong>&nbsp;c&ograve;n gọi l&agrave; Ch&ugrave;a B&igrave;nh Minh &ndash; được x&acirc;y n&ecirc;n&nbsp;bởi vua Taksin v&agrave;o năm 1768.&nbsp;Đ&acirc;y được xem l&agrave;&nbsp;một trong những ng&ocirc;i ch&ugrave;a đẹp v&agrave; nổi tiếng&nbsp;nhất&nbsp;ở Th&aacute;i Lan.</li>\r\n	<li><strong>Dạo thuyền tr&ecirc;n d&ograve;ng s&ocirc;ng mẹ Chao Phraya&nbsp;</strong>huyền thoại. Ngắm&nbsp;thuyền Rồng của ho&agrave;ng gia, hiện tượng c&aacute; nổi tr&ecirc;n s&ocirc;ng.</li>\r\n</ul>\r\n\r\n<p><u><strong>Trưa:</strong></u>&nbsp;Xe v&agrave; HDV đưa qu&yacute; kh&aacute;ch ra s&acirc;n bay d&ugrave;ng bữa trưa.<strong>&nbsp;</strong>Sau đ&oacute;, Trưởng&nbsp;đo&agrave;n l&agrave;m thủ tục đ&aacute;p chuyến bay trở về TP.HCM cho qu&yacute; kh&aacute;ch. Đến s&acirc;n bay T&acirc;n Sơn Nhất, kết th&uacute;c chương tr&igrave;nh&nbsp;<strong>tour du lịch Th&aacute;i Lan Bangkok &ndash; Pattaya<a href=\"https://www.vietnambooking.com/du-lich/tour-bangkok-pattaya-thanh-pho-co-muang-boran-dao-coral-5n4d.html\">&nbsp;</a>th&agrave;nh phố cổ Muang Boran &ndash; Đảo Coral 5 ng&agrave;y 4 đ&ecirc;m</strong>. Trưởng đo&agrave;n của Vietnam Booking ch&agrave;o tạm biệt v&agrave; Hẹn gặp lại qu&yacute; kh&aacute;ch trong những&nbsp;<strong>tour du lịch</strong>&nbsp;hấp dẫn sau!</p>\r\n\r\n<p><em><u><strong>*&nbsp;</strong><strong>LƯU &Yacute;:</strong></u>&nbsp;Thứ tự v&agrave; chi tiết trong chương tr&igrave;nh c&oacute; thể thay đổi cho ph&ugrave; hợp với t&igrave;nh h&igrave;nh kh&aacute;ch quan nhưng vẫn đảm bảo đầy đủ c&aacute;c điểm tham quan!</em></p>','2021-11-08','2021-11-24','images/2021/11/Vuon-Nho-Silver-Lake-Pattaya-300x242.png','1900 1234',1,2,6050000,13,'5 ngày 4 đêm','Ô tô, Máy bay',3025000,'2021-11-08'),(13,'Tour Vũng Tàu 3 ngày 2 đêm nghỉ dưỡng khách sạn 3 sao cao cấp',1,'<h3><strong><u>NG&Agrave;Y 01 |&nbsp;TP. HỒ CH&Iacute; MINH&nbsp;&nbsp;&ndash; VŨNG T&Agrave;U &ndash; VỊNH MARINA (ĂN S&Aacute;NG/ TRƯA/ TỐI)</u></strong></h3>\r\n\r\n<p><strong><u>S&aacute;ng:</u></strong>&nbsp;Xe v&agrave; hướng dẫn vi&ecirc;n (HDV)&nbsp;<strong>DogZ Travel</strong>&nbsp;đ&oacute;n đo&agrave;n tại điểm hẹn, khởi h&agrave;nh đi&nbsp;<strong>tour&nbsp;Vũng T&agrave;u 3 ng&agrave;y 2 đ&ecirc;m</strong>.</p>\r\n\r\n<p>Đo&agrave;n dừng ch&acirc;n d&ugrave;ng bữa s&aacute;ng tại nh&agrave; h&agrave;ng tại Đồng Nai.&nbsp;</p>\r\n\r\n<p>Sau đ&oacute; tiếp tục h&agrave;nh tr&igrave;nh tham quan:&nbsp;</p>\r\n\r\n<ul>\r\n	<li><strong>Bến du thuyền</strong>&nbsp;<strong>Marina:&nbsp;</strong>Tại&nbsp;đ&acirc;y du kh&aacute;ch sẽ được chu du tr&ecirc;n những chiếc cano, lướt s&oacute;ng biển bằng thuyền buồm, tham quan, ngắm cảnh tr&ecirc;n s&ocirc;ng Dinh, t&igrave;m hiểu về cuộc sống của c&aacute;c ngư d&acirc;n tr&ecirc;n b&egrave; nổi&hellip;.</li>\r\n</ul>\r\n\r\n<p><strong><u>Trưa:</u></strong>&nbsp;Đo&agrave;n d&ugrave;ng bữa trưa tại nh&agrave; h&agrave;ng, sau đ&oacute; khởi h&agrave;nh về lại kh&aacute;ch sạn nghỉ ngơi.&nbsp;</p>\r\n\r\n<p><strong><u>Chiều:</u></strong>&nbsp;Qu&yacute; kh&aacute;ch tự do tắm biển Vũng T&agrave;u.</p>\r\n\r\n<p><strong><u>Tối:</u></strong>&nbsp;Đo&agrave;n d&ugrave;ng bữa tối tại nh&agrave; h&agrave;ng, tự do kh&aacute;m ph&aacute; th&agrave;nh phố về đ&ecirc;m.&nbsp;</p>\r\n\r\n<h3><strong><u>NG&Agrave;Y 02 |&nbsp;NH&Agrave; LỚN LONG SƠN&nbsp;&ndash; TƯỢNG CH&Uacute;A KI T&Ocirc; (ĂN S&Aacute;NG/ TRƯA/ TỐI)</u></strong></h3>\r\n\r\n<p><strong><u>S&aacute;ng:</u></strong>&nbsp;Đo&agrave;n d&ugrave;ng bữa điểm t&acirc;m s&aacute;ng buffet tại kh&aacute;ch sạn.&nbsp;</p>\r\n\r\n<p>Xe đưa qu&yacute; kh&aacute;ch đi&nbsp;<strong>tour Vũng T&agrave;u</strong>:&nbsp;</p>\r\n\r\n<ul>\r\n	<li><strong>Tượng Ch&uacute;a Ki T&ocirc;:&nbsp;</strong>Tượng Ch&uacute;a toạ lạc tr&ecirc;n đỉnh N&uacute;i Nhỏ hay c&ograve;n gọi l&agrave; n&uacute;i Tao Ph&ugrave;ng.&nbsp;Đo&agrave;n l&ecirc;n hai c&aacute;nh tay dang rộng đến 18.5 m để ngắm nh&igrave;n to&agrave;n cảnh th&agrave;nh phố biển Vũng T&agrave;u.&nbsp;</li>\r\n	<li><strong>Khu Nh&agrave; Lớn Long Sơn (khu Nh&agrave; Lớn Đạo &Ocirc;ng Trần):</strong>&nbsp;Nằm&nbsp;tr&ecirc;n đảo Long Sơn nổi danh với lối kiến tr&uacute;c cổ v&agrave; văn h&oacute;a t&iacute;n ngưỡng độc đ&aacute;o.</li>\r\n</ul>\r\n\r\n<p><strong><u>Trưa:</u></strong>&nbsp;Đo&agrave;n d&ugrave;ng cơm trưa tại nh&agrave; h&agrave;ng tr&ecirc;n Nh&agrave; B&egrave; Long Sơn sau đ&oacute; về kh&aacute;ch sạn nghỉ ngơi.&nbsp;</p>\r\n\r\n<p><strong><u>Chiều:</u></strong>&nbsp;Qu&yacute; kh&aacute;ch tự do tắm biển.&nbsp;</p>\r\n\r\n<p><strong><u>Tối:</u></strong>&nbsp;Qu&yacute; kh&aacute;ch d&ugrave;ng bữa tối tại nh&agrave; h&agrave;ng.</p>\r\n\r\n<h3><strong><u>NG&Agrave;Y 03&nbsp;|&nbsp;VŨNG T&Agrave;U &ndash; TP. HỒ CH&Iacute; MINH&nbsp;(ĂN S&Aacute;NG/ TRƯA)</u></strong></h3>\r\n\r\n<p><strong><u>S&aacute;ng:</u></strong>&nbsp;Đo&agrave;n d&ugrave;ng điểm t&acirc;m s&aacute;ng tại nh&agrave; h&agrave;ng.</p>\r\n\r\n<p><strong><u>Trưa:</u></strong>&nbsp;Qu&yacute; kh&aacute;ch l&agrave;m thủ tục trả ph&ograve;ng, d&ugrave;ng bữa trưa&nbsp;</p>\r\n\r\n<p>Đo&agrave;n khởi h&agrave;nh về lại TP.HCM, tr&ecirc;n đường về đo&agrave;n gh&eacute; tham quan:</p>\r\n\r\n<ul>\r\n	<li><strong>Ch&ugrave;a Đại T&ograve;ng L&acirc;m:</strong>&nbsp;Một trong những ng&ocirc;i ch&ugrave;a c&oacute; quy m&ocirc; lớn nhất th&agrave;nh phố biển Vũng T&agrave;u, tại đ&acirc;y bạn&nbsp;c&oacute; thể cầu sức khỏe, b&igrave;nh an v&agrave; hạnh ph&uacute;c cho gia đ&igrave;nh.</li>\r\n	<li>Tham quan mua sắm tại Trung t&acirc;m thương mại &ndash;&nbsp;<strong>B&ograve; Sữa Long Th&agrave;nh</strong>.</li>\r\n</ul>\r\n\r\n<p>Về đến th&agrave;nh phố&nbsp;xe đưa đo&agrave;n trở lại địa điểm ban đầu. Kết th&uacute;c chương tr&igrave;nh, HDV chia tay đo&agrave;n trở lại điểm đ&oacute;n ban đầu&nbsp;v&agrave; kết th&uacute;c h&agrave;nh tr&igrave;nh&nbsp;<strong>tour Vũng T&agrave;u 3 ng&agrave;y 2 đ&ecirc;m</strong>. Hẹn gặp lại qu&yacute; kh&aacute;ch tại những&nbsp;<strong>tour gi&aacute; rẻ</strong>&nbsp;tiếp theo!</p>\r\n\r\n<p><em><u><strong>Lưu &yacute;:</strong></u>&nbsp;Thứ tự c&aacute;c điểm tham quan c&oacute; thể thay đổi cho ph&ugrave; hợp với t&igrave;nh h&igrave;nh thực tế nhưng vẫn đảm bảo thực hiện đầy đủ nội dung chương tr&igrave;nh.</em></p>','2021-11-08','2021-11-14','images/2021/11/tour-vung-tau-3-ngay-2-dem-4-300x194.jpg','1900 1234',0,1,2499000,14,'3 ngày 2 đêm','Ô tô',1249500,'2021-11-08'),(14,'Tour du lịch Tây Ninh 2 ngày 1 đêm chinh phục đỉnh núi Bà Đen, KDL Long Điền Sơn',1,'<h3><strong><u>NG&Agrave;Y 01 |&nbsp;S&Agrave;I G&Ograve;N &ndash; T&Acirc;Y NINH &ndash; CH&Ugrave;A T&Ograve;A TH&Aacute;NH (ĂN S&Aacute;NG/ TRƯA/ TỐI)</u></strong></h3>\r\n\r\n<p><strong><u>S&aacute;ng:</u></strong>&nbsp;Xe v&agrave; hướng dẫn vi&ecirc;n (HDV)&nbsp;<strong>DogZ Travel</strong>&nbsp;đ&oacute;n qu&yacute; kh&aacute;ch tại điểm hẹn, đo&agrave;n khởi h&agrave;nh đi&nbsp;<strong>Tour du lịch T&acirc;y Ninh 2 ng&agrave;y 1 đ&ecirc;m</strong>.</p>\r\n\r\n<p>Đo&agrave;n d&ugrave;ng điểm t&acirc;m s&aacute;ng&nbsp;với đặc sản B&aacute;nh canh Trảng B&agrave;ng, sau đ&oacute; bắt đầu h&agrave;nh tr&igrave;nh&nbsp;<strong>du lịch miền Nam</strong>&nbsp;viếng thăm:&nbsp;</p>\r\n\r\n<ul>\r\n	<li><strong>T&ograve;a Th&aacute;nh Cao Đ&agrave;i T&acirc;y Ninh:</strong>&nbsp;Ng&ocirc;i ch&ugrave;a kh&ocirc;ng chỉ mang n&eacute;t kiến tr&uacute;c độc đ&aacute;o m&agrave; c&ograve;n mang &yacute; nghĩa t&acirc;m linh rất quan trọng đối với Đạo Cao Đ&agrave;i.&nbsp;</li>\r\n	<li><strong>Vườn tr&aacute;i c&acirc;y c&ocirc;ng nghệ cao:&nbsp;</strong>Đo&agrave;n trải nghiệm khung cảnh vườn tr&aacute;i c&acirc;y tươi m&aacute;t với từng ch&ugrave;m, t&aacute;n l&aacute; lủng lẳng (t&ugrave;y m&ugrave;a nho, m&atilde;ng cầu&hellip;) nơi&nbsp;qu&yacute; kh&aacute;ch sẽ t&igrave;m thấy sự thanh b&igrave;nh của thi&ecirc;n nhi&ecirc;n.&nbsp;</li>\r\n</ul>\r\n\r\n<p><strong><u>Trưa:</u></strong>&nbsp;Đo&agrave;n nghỉ ch&acirc;n v&agrave; d&ugrave;ng cơm trưa tại nh&agrave; h&agrave;ng, sau đ&oacute; nhận ph&ograve;ng kh&aacute;ch sạn.&nbsp;</p>\r\n\r\n<p><strong><u>Chiều:</u></strong>&nbsp;Qu&yacute; kh&aacute;ch ngắm ho&agrave;ng h&ocirc;n từ hồ bơi s&acirc;n thượng, thưởng thức cocktail từ quầy bar ngay b&ecirc;n cạnh v&agrave; tạo n&ecirc;n những bức ảnh để đời.&nbsp;</p>\r\n\r\n<p><strong><u>Tối:</u></strong>&nbsp;Đo&agrave;n di chuyển đi thưởng thức m&oacute;n ăn đặc sản&nbsp;<strong>B&ograve; tơ T&acirc;y Ninh</strong>.&nbsp;</p>\r\n\r\n<h3><strong><u>NG&Agrave;Y 02 | CHINH PHỤC ĐỈNH B&Agrave; ĐEN (ĂN S&Aacute;NG/ TRƯA)</u></strong></h3>\r\n\r\n<p><strong><u>S&aacute;ng:</u></strong>&nbsp;Qu&yacute; kh&aacute;ch d&ugrave;ng bữa s&aacute;ng v&agrave; trả ph&ograve;ng kh&aacute;ch sạn.&nbsp;</p>\r\n\r\n<p>Nếu muốn đi săn m&acirc;y bạn vui l&ograve;ng dậy sớm từ 4h v&agrave; b&aacute;o trước với HDV, t&ugrave;y t&igrave;nh h&igrave;nh thời tiết ng&agrave;y h&ocirc;m ấy để chuẩn bị đi săn m&acirc;y.&nbsp;</p>\r\n\r\n<p>Đo&agrave;n di chuyển tới&nbsp;<strong>Quần Thể Danh Thắng N&uacute;i B&agrave; Đen&nbsp;</strong>nổi tiếng nhờ cảnh sắc thi&ecirc;n nhi&ecirc;n hoang sơ c&ugrave;ng quần thể kiến tr&uacute;c t&acirc;m linh l&acirc;u đời. Ngo&agrave;i ra bạn c&ograve;n c&oacute; thể&nbsp;check-in một trong những&nbsp;<strong>Nh&agrave; Ga C&aacute;p Treo Lớn Nhất Thế Giới</strong>&nbsp;với 2 tuyến c&aacute;p treo hiện đại.&nbsp;</p>\r\n\r\n<p>Chương tr&igrave;nh bao gồm v&eacute; 1 trong 2 chuyến c&aacute;p treo tự chọn sau đ&acirc;y:&nbsp;</p>\r\n\r\n<ul>\r\n	<li><strong>Tuyến c&aacute;p treo Ch&ugrave;a Hang:&nbsp;</strong>Đưa đo&agrave;n&nbsp;đến&nbsp;<strong>Quần Thể T&acirc;m Linh Ch&ugrave;a B&agrave;&nbsp;</strong>nằm tr&ecirc;n độ cao&nbsp;&nbsp;350 m l&agrave; quần thể&nbsp;&nbsp;kiến tr&uacute;c hang động, ch&ugrave;a chiền với nhiều truyền thuyết b&iacute; ẩn, ly kỳ như&nbsp;&nbsp;Ch&ugrave;a B&agrave;, Ch&ugrave;a Hang, Động Ho&agrave;ng Chung&hellip;</li>\r\n	<li><strong>Tuyến c&aacute;p treo V&acirc;n Sơn:&nbsp;</strong>Đưa qu&yacute; kh&aacute;ch đến&nbsp;chinh phục ngọn n&uacute;i cao nhất v&ugrave;ng Đ&ocirc;ng Nam Bộ, ngắm trọn vẹn khung cảnh T&acirc;y Ninh,&nbsp;chạm tay v&agrave;o cột mốc 986 m&eacute;t, ngắm khung cảnh trời xanh n&uacute;i biếc&hellip;&nbsp;</li>\r\n</ul>\r\n\r\n<p><strong><u>Trưa:</u></strong>&nbsp;Đo&agrave;n&nbsp;tiếp tục di chuyển đến&nbsp;<strong>Khu du lịch Long Điền Sơn</strong>, đo&agrave;n dừng ch&acirc;n nghỉ ngơi, ăn trưa.&nbsp;</p>\r\n\r\n<p>Qu&yacute; kh&aacute;ch tham quan khu du lịch,&nbsp;vui chơi c&ugrave;ng bạn b&egrave; v&agrave; gia đ&igrave;nh ở C&ocirc;ng vi&ecirc;n nước trong khu&ocirc;n vi&ecirc;n của Long Điền Sơn&nbsp;(<em>Chi ph&iacute; tự t&uacute;c</em>).</p>\r\n\r\n<p><strong><u>Chiều:</u></strong>&nbsp;Kết th&uacute;c chương tr&igrave;nh đo&agrave;n di chuyển về lại TP.HCM, kết th&uacute;c chương tr&igrave;nh tour&nbsp;<strong>T&acirc;y Ninh 2 ng&agrave;y 1 đ&ecirc;m</strong>,&nbsp;&nbsp;xe đưa qu&yacute; kh&aacute;ch về điểm đ&oacute;n ban đầu.&nbsp;HDV Vietnam Booking thay mặt c&ocirc;ng ty chia tay v&agrave; hẹn gặp lại qu&yacute; kh&aacute;ch tại những&nbsp;<strong>tour gi&aacute; rẻ</strong>&nbsp;tiếp theo!</p>\r\n\r\n<p><em><u><strong>Lưu &yacute;:</strong></u>&nbsp;Thứ tự c&aacute;c điểm tham quan c&oacute; thể thay đổi cho ph&ugrave; hợp với t&igrave;nh h&igrave;nh thực tế nhưng vẫn đảm bảo thực hiện đầy đủ nội dung chương tr&igrave;nh.</em></p>','2021-11-08','2021-11-14','images/2021/11/tour-tay-ninh-2-ngay-1-dem-2-300x194.jpg','1900 1234',0,1,2299000,15,'2 ngày 1 đêm','Ô tô',1149500,'2021-11-08'),(15,'Tour Hải Phòng Mũi Né 4 ngày 3 đêm – Có đầu khởi hành từ Hà Nội',1,'<h3><strong><u>NG&Agrave;Y 01 | H&Agrave; NỘI/ HẢI PH&Ograve;NG&nbsp;&ndash; S&Agrave;I G&Ograve;N &ndash; T&Agrave; C&Uacute; &ndash; MŨI N&Eacute; (ĂN TRƯA/ TỐI)</u></strong></h3>\r\n\r\n<p><strong><u>S&aacute;ng:</u></strong>&nbsp;Qu&yacute; kh&aacute;ch tập trung tại điểm hẹn&nbsp;S&acirc;n bay C&aacute;t Bi (Tại H&agrave; Nội: Rạp Xiếc Trung Ương), l&agrave;m thủ tục đ&oacute;n chuyến bay đi S&agrave;i G&ograve;n, bắt đầu chương tr&igrave;nh<strong>&nbsp;tour Hải Ph&ograve;ng Mũi N&eacute;&nbsp;4 ng&agrave;y 3 đ&ecirc;m</strong>.&nbsp;</p>\r\n\r\n<p>Sau 2h bay, m&aacute;y bay đ&aacute;p xuống&nbsp;s&acirc;n bay T&acirc;n Sơn Nhất, xe v&agrave; HDV tại Tp Hồ Ch&iacute; Minh đ&oacute;n đo&agrave;n khởi h&agrave;nh đi&nbsp;<strong>du lịch Phan Thiết</strong>, thưởng ngoạn vẻ đẹp thi&ecirc;n nhi&ecirc;n tại v&ugrave;ng duy&ecirc;n hải Nam Trung Bộ.&nbsp;</p>\r\n\r\n<p><strong><u>Trưa:</u></strong>&nbsp;Qu&yacute; kh&aacute;ch ăn&nbsp;trưa tại nh&agrave; h&agrave;ng.</p>\r\n\r\n<p><strong><u>Chiều:</u></strong>&nbsp;Sau khi d&ugrave;ng bữa đo&agrave;n khởi h&agrave;nh đến tham quan N&uacute;i T&agrave; C&uacute; bằng hệ thống c&aacute;p treo hiện đại.&nbsp;</p>\r\n\r\n<ul>\r\n	<li><strong>Ch&ugrave;a Hạ:</strong>&nbsp;Ng&ocirc;i ch&ugrave;a mang đến nhiều điều ph&uacute;c l&agrave;nh cho người d&acirc;n trong v&ugrave;ng, đo&agrave;n&nbsp;c&ugrave;ng thắp hương cầu nguyện cho gia đ&igrave;nh được hạnh ph&uacute;c sum vầy.</li>\r\n	<li>Qu&yacute; kh&aacute;ch sẽ được ngắm nh&igrave;n phong cảnh tuyệt vời b&atilde;i biển H&agrave;m Thuận Nam v&agrave; h&agrave;ng&nbsp;Thanh Long xanh tươi.</li>\r\n	<li><strong>Khu quần thể&nbsp;Tam Thế Phật:</strong>&nbsp;Với&nbsp; kỷ lục chiều d&agrave;i 49m v&agrave; l&agrave; tượng Phật được đặt tr&ecirc;n đỉnh n&uacute;i với độ cao hơn 600m so với mặt nước biển.&nbsp;</li>\r\n	<li><strong>Tượng Phật Nhập Niết B&agrave;n:</strong>&nbsp;Xứng danh pho tượng đẹp nhất Đ&ocirc;ng Nam &Aacute; đang nằm nghi&ecirc;ng m&igrave;nh nh&igrave;n về v&ugrave;ng đồng bằng rộng lớn&nbsp;<em>(Chi ph&iacute; c&aacute;p treo tự t&uacute;c)</em>.</li>\r\n</ul>\r\n\r\n<p>Kết th&uacute;c chương tr&igrave;nh đo&agrave;n khởi h&agrave;nh tiếp về Mũi N&eacute;.&nbsp;</p>\r\n\r\n<p><strong><u>Tối:</u></strong>&nbsp;Qu&yacute; kh&aacute;ch d&ugrave;ng cơm tối tại nh&agrave; h&agrave;ng. Sau đ&oacute; tự do kh&aacute;m ph&aacute; Mũi n&eacute;.</p>\r\n\r\n<h3><u><strong>NG&Agrave;Y 02 | THAM QUAN ĐỒI C&Aacute;T &ndash; B&Ugrave;N KHO&Aacute;NG (ĂN S&Aacute;NG/ TRƯA)</strong></u></h3>\r\n\r\n<p><strong><u>S&aacute;ng:</u></strong>&nbsp;Qu&yacute; kh&aacute;ch dậy sớm ngắm b&igrave;nh minh tr&ecirc;n biển, d&ugrave;ng điểm t&acirc;m s&aacute;ng. Đo&agrave;n tự do tắm biển.</p>\r\n\r\n<p><strong><u>Trưa:</u></strong>&nbsp;Qu&yacute; kh&aacute;ch d&ugrave;ng bữa trưa tại nh&agrave; h&agrave;ng.</p>\r\n\r\n<p><strong><u>Chiều:</u></strong>&nbsp;Xe đưa qu&yacute; kh&aacute;ch đi tham quan:&nbsp;</p>\r\n\r\n<ul>\r\n	<li><strong>Đồi C&aacute;t Bay:</strong>&nbsp;Nơi được mệnh danh l&agrave; hoang mạc Sahara với m&agrave;u c&aacute;t đủ m&agrave;u sắc do mỏ sắt cũ kiến tạo, qu&yacute; kh&aacute;ch&nbsp;thưởng thức&nbsp;<strong>Dừa Ba Nh&aacute;t</strong>&nbsp;đặc sản địa phương.</li>\r\n	<li><strong>L&agrave;ng ch&agrave;i:&nbsp;</strong>Đo&agrave;n ngắm cảnh&nbsp;nhộn nhịp tấp nập khi ghe, thuyền đ&aacute;nh bắt c&aacute; cập bờ.</li>\r\n	<li>Tham gia c&aacute;c tr&ograve; chơi c&oacute; tại đ&acirc;y như trượt c&aacute;t, đi xe m&ocirc; t&ocirc;&nbsp;(<em>C</em><em>hi ph&iacute; tự t&uacute;c</em>).</li>\r\n	<li><strong>Trung T&acirc;m B&ugrave;n Kho&aacute;ng Mũi N&eacute;:&nbsp;</strong>Với lớp b&ugrave;n được khai th&aacute;c từ tự nhi&ecirc;n với nhiều chất dinh dưỡng, d&ugrave;ng để&nbsp;dưỡng da rất tốt c&ugrave;ng với l&agrave;n&nbsp;nước kho&aacute;ng n&oacute;ng sẽ tạo n&ecirc;n cảm gi&aacute;c v&ocirc; c&ugrave;ng thoải m&aacute;i v&agrave; th&iacute;ch th&uacute;&nbsp;(<em>C</em><em><em>hi&nbsp;</em>ph&iacute; tự t&uacute;c: 195.000 &ndash; 800.000đ/kh&aacute;ch</em>).</li>\r\n</ul>\r\n\r\n<p><strong><u>Tối:</u></strong>&nbsp;Đo&agrave;n tự t&uacute;c thưởng thức bữa tối tại Mũi N&eacute;&nbsp;<em>(Chi ph&iacute; tự t&uacute;c)</em>.</p>\r\n\r\n<p>Qu&yacute; kh&aacute;ch nghỉ ngơi, tự do dạo biển Mũi N&eacute; về đ&ecirc;m hoặc tham gia c&aacute;c hoạt động ngo&agrave;i chương tr&igrave;nh&nbsp;thưởng thức&nbsp;<strong>Fishermen Show</strong>&nbsp;nhạc kịch nước&nbsp;<strong>Huyền Thoại L&agrave;ng Ch&agrave;i</strong>&nbsp;&ndash; show giải tr&iacute; đặc sắc v&agrave; đậm n&eacute;t văn h&oacute;a l&agrave;ng ch&agrave;i của Phan Thiết<em>&nbsp;(Chi ph&iacute; tự t&uacute;c)</em>.</p>\r\n\r\n<h3><strong><u>NG&Agrave;Y 03 |&nbsp;MŨI N&Eacute; &ndash; SUỐI TI&Ecirc;N &ndash; B&Agrave;U TRẮNG &ndash; CITY TOUR (ĂN S&Aacute;NG/ TRƯA/ TỐI)</u></strong></h3>\r\n\r\n<p><strong><u>S&aacute;ng:</u></strong>&nbsp;Qu&yacute; kh&aacute;ch d&ugrave;ng buffet s&aacute;ng tại kh&aacute;ch sạn, sau đ&oacute; l&agrave;m thủ tục trả ph&ograve;ng.</p>\r\n\r\n<p>Đo&agrave;n đi tham quan:&nbsp;</p>\r\n\r\n<ul>\r\n	<li><strong>Suối Ti&ecirc;n:</strong>&nbsp;Điểm đến độc đ&aacute;o của Mũi N&eacute; nơi sở hữu c&aacute;c gam m&agrave;u trắng &ndash; đỏ &ndash; cam với d&ograve;ng nước m&agrave;u đỏ cam đẹp mắt.&nbsp;</li>\r\n	<li><strong>Khu Du Lịch B&agrave;u Trắng:</strong>&nbsp;Đo&agrave;n tham quan v&agrave;&nbsp;chụp ảnh kỉ niệm tại Con đường xuy&ecirc;n biển C&aacute;t đẹp nhất Việt Nam, ngoạn cảnh&nbsp;tiểu sa mạc Sahara.</li>\r\n</ul>\r\n\r\n<p><strong><u>Trưa:</u></strong>&nbsp;Qu&yacute; kh&aacute;ch d&ugrave;ng bữa trưa tại Mũi N&eacute;.</p>\r\n\r\n<p><u><strong>Chiều:</strong></u>&nbsp;Xe đưa đo&agrave;n đến&nbsp;tham quan:&nbsp;</p>\r\n\r\n<ul>\r\n	<li><strong>Th&aacute;p Ch&agrave;m Poshanư:&nbsp;</strong>Cụm di t&iacute;ch th&aacute;p Chăm c&ograve;n s&oacute;t lại gần như nguy&ecirc;n vẹn, ghi dấu một thời kỳ ph&aacute;t triển thịnh vượng của vương quốc Chăm Pa.&nbsp;</li>\r\n	<li><strong>Trường Dục Thanh:</strong>&nbsp;Kh&ocirc;ng chỉ l&agrave; nơi B&aacute;c Hồ từng dạy học m&agrave; trường c&ograve;n l&agrave; c&aacute;i n&ocirc;i của tinh thần hiếu học v&agrave; t&igrave;nh y&ecirc;u d&agrave;nh cho qu&ecirc; hương đất nước.&nbsp;</li>\r\n	<li><strong>Viện Bảo T&agrave;ng Hồ Ch&iacute; Minh:&nbsp;</strong>Đ&acirc;y l&agrave; trung t&acirc;m nghi&ecirc;n cứu, tuy&ecirc;n truyền về Người ở miền cực Nam Trung bộ v&agrave; l&agrave; trung t&acirc;m sinh hoạt ch&iacute;nh trị, văn ho&aacute; của cư d&acirc;n địa phương.&nbsp;</li>\r\n</ul>\r\n\r\n<p><u><strong>Tối:</strong></u>&nbsp;Đo&agrave;n ăn cơm tối tại nh&agrave; h&agrave;ng sau đ&oacute; nghỉ đ&ecirc;m tại Mũi N&eacute;.</p>\r\n\r\n<h3><u><strong>NG&Agrave;Y 04 | MŨI N&Eacute; &ndash; S&Agrave;I G&Ograve;N &ndash; H&Agrave; NỘI / HẢI PH&Ograve;NG (ĂN S&Aacute;NG/ TRƯA)</strong></u></h3>\r\n\r\n<p><strong><u>S&aacute;ng:</u></strong>&nbsp;Đo&agrave;n d&ugrave;ng bữa điểm t&acirc;m s&aacute;ng sau đ&oacute;<strong>&nbsp;tự do tắm biển, dạo biển buổi s&aacute;ng.</strong></p>\r\n\r\n<p>Khoảng&nbsp;<strong>09h00</strong>&nbsp;qu&yacute; kh&aacute;ch&nbsp;l&agrave;m thủ tục trả ph&ograve;ng. Xe khởi h&agrave;nh về S&agrave;i G&ograve;n.</p>\r\n\r\n<p><strong><u>Trưa:</u></strong>&nbsp;Đo&agrave;n dừng ch&acirc;n&nbsp;ăn&nbsp;trưa v&agrave; nghỉ ngơi tr&ecirc;n đường đi.</p>\r\n\r\n<p><u><strong>Chiều:</strong></u>&nbsp;Đến S&agrave;i G&ograve;n, tham quan, chụp ảnh kỉ niệm tại:&nbsp;</p>\r\n\r\n<ul>\r\n	<li><strong>Dinh Độc Lập:</strong>&nbsp;Được c&ocirc;ng nhận l&agrave; di t&iacute;ch lịch sử cấp Quốc gia, thể hiện r&otilde; n&eacute;t phong c&aacute;ch kiến tr&uacute;c ti&ecirc;u biểu của Việt Nam trong thập ni&ecirc;n 60.&nbsp;</li>\r\n	<li><strong>Chợ Bến Th&agrave;nh:&nbsp;</strong>Một trong những biểu tượng nổi tiếng nhất của&nbsp;<strong>du lịch S&agrave;i G&ograve;n</strong>, kh&ocirc;ng chỉ l&agrave; nơi bu&ocirc;n b&aacute;n b&igrave;nh thường m&agrave; n&oacute; c&ograve;n l&agrave; chứng nh&acirc;n cho biết bao thăng trầm trong lịch sử.&nbsp;</li>\r\n</ul>\r\n\r\n<p>Khoảng&nbsp;<strong>15h30&nbsp;</strong>xe đưa đo&agrave;n ra s&acirc;n bay T&acirc;n Sơn Nhất, HDV l&agrave;m thủ tục cho đo&agrave;n đ&aacute;p m&aacute;y bay về H&agrave; Nội/ Hải Ph&ograve;ng</p>\r\n\r\n<ul>\r\n	<li>Tại H&agrave; Nội, HDV v&agrave; xe đưa đo&agrave;n về điểm hẹn ban đầu.</li>\r\n	<li>Tại Hải Ph&ograve;ng Kết th&uacute;c chương tr&igrave;nh&nbsp;<strong>Tour Hải Ph&ograve;ng Mũi N&eacute; 4 ng&agrave;y 3 đ&ecirc;m&nbsp;</strong>tại S&acirc;n Bay C&aacute;t Bi.</li>\r\n</ul>\r\n\r\n<p>HDV thay mặt&nbsp;<strong>DogZ Travel</strong>&nbsp;gửi lời ch&agrave;o tạm biệt v&agrave; hẹn gặp lại Qu&yacute; kh&aacute;ch trong những&nbsp;<strong>Tour du lịch gi&aacute; rẻ</strong>&nbsp;hấp dẫn tiếp theo!</p>\r\n\r\n<p><em><u><strong>LƯU &Yacute;:</strong></u>&nbsp;Thứ tự v&agrave; chi tiết trong chương tr&igrave;nh c&oacute; thể thay đổi cho ph&ugrave; hợp với t&igrave;nh h&igrave;nh kh&aacute;ch quan, vẫn đảm bảo đầy đủ c&aacute;c điểm tham quan.</em></p>','2021-11-09','2021-12-06','images/2021/11/tour-mui-ne-tu-ha-noi-hai-phong-4n3d-4-300x194.jpg','1900 1234',87,1,5099000,16,'4 ngày 3 đêm','Ô tô, Máy bay',2549500,'2021-11-09');
/*!40000 ALTER TABLE `tourbooking_tours` ENABLE KEYS */;
UNLOCK TABLES;

--
-- Table structure for table `tourbooking_user`
--

DROP TABLE IF EXISTS `tourbooking_user`;
/*!40101 SET @saved_cs_client     = @@character_set_client */;
/*!50503 SET character_set_client = utf8mb4 */;
CREATE TABLE `tourbooking_user` (
  `id` bigint NOT NULL AUTO_INCREMENT,
  `last_login` datetime(6) DEFAULT NULL,
  `is_superuser` tinyint(1) NOT NULL,
  `username` varchar(150) CHARACTER SET utf8mb4 COLLATE utf8mb4_unicode_ci NOT NULL,
  `is_staff` tinyint(1) NOT NULL,
  `is_active` tinyint(1) NOT NULL,
  `date_joined` datetime(6) NOT NULL,
  `email` varchar(100) CHARACTER SET utf8mb4 COLLATE utf8mb4_unicode_ci NOT NULL,
  `password` varchar(100) CHARACTER SET utf8mb4 COLLATE utf8mb4_unicode_ci NOT NULL,
  `last_name` varchar(100) CHARACTER SET utf8mb4 COLLATE utf8mb4_unicode_ci DEFAULT NULL,
  `first_name` varchar(100) CHARACTER SET utf8mb4 COLLATE utf8mb4_unicode_ci DEFAULT NULL,
  `avatar` varchar(500) COLLATE utf8mb4_unicode_ci NOT NULL,
  `address` varchar(200) COLLATE utf8mb4_unicode_ci DEFAULT NULL,
  `phone_number` varchar(11) COLLATE utf8mb4_unicode_ci DEFAULT NULL,
  PRIMARY KEY (`id`),
  UNIQUE KEY `username` (`username`),
  UNIQUE KEY `email` (`email`)
) ENGINE=InnoDB AUTO_INCREMENT=14 DEFAULT CHARSET=utf8mb4 COLLATE=utf8mb4_unicode_ci;
/*!40101 SET character_set_client = @saved_cs_client */;

--
-- Dumping data for table `tourbooking_user`
--

LOCK TABLES `tourbooking_user` WRITE;
/*!40000 ALTER TABLE `tourbooking_user` DISABLE KEYS */;
INSERT INTO `tourbooking_user` VALUES (1,'2021-11-12 08:59:52.641427',1,'admin',1,1,'2021-08-08 12:14:15.000000','duc.leduongg@gmail.com','pbkdf2_sha256$260000$4rxAPKMLB2yMKzfC42LHcA$lBUP+Kv+L/UxmPzfuUJ4VOSThoB/+Nd4H7YUxVji/I0=','Đức','Lê Dương','avatar/33-332418_high-quality-building-wallpaper-full-hd-pictures-19201200.jpg','371 Nguyễn Kiệm','012345678'),(2,NULL,0,'duc123',0,1,'2021-08-14 14:29:23.564032','duc@gmail.com','pbkdf2_sha256$260000$MhJIXgGSnRXRNzOK0mgSgB$gInUtMC/XdzpW2+qm353E2uYaTJd/W9+4L3MMMJouOQ=','duc','dc12','avatar/avatar-anonymous.png',NULL,NULL),(3,NULL,0,'duc345',0,1,'2021-08-14 14:33:32.997685','duc789@gmail.com','pbkdf2_sha256$260000$JNeJrurZcESJ4frovTwj74$bL5+JzlhZLQDzS7rdH88iMVbhAYW1ZuP9nB+HKExNfg=','retre','tyh','avatar/avatar-anonymous.png',NULL,NULL),(4,NULL,0,'duc34578',0,1,'2021-08-14 14:55:19.739297','duc78945@gmail.com','pbkdf2_sha256$260000$xDvOWHd58LjP42xvkJaQM3$n8rwJKqdmlHs5ULHjCOY5YfRu5kDNJSlQWbYT0D8WP4=','retre','tyh','avatar/avatar-anonymous.png',NULL,NULL),(5,NULL,0,'duc3457878',0,1,'2021-08-14 15:01:11.152803','duc7894567@gmail.com','pbkdf2_sha256$260000$4Myvd1Tm7QOmZAEZHHQHeq$QmXNXjVHuzlFj5nxtipTWwyA05MW7YTO21pqQJF6lAw=','retre','tyh','avatar/avatar-anonymous.png',NULL,NULL),(6,NULL,0,'duc345787889',0,1,'2021-08-14 15:02:03.754590','duc789456557@gmail.com','pbkdf2_sha256$260000$JYrYiAP7llJ7MxeXsq4bCf$OhZ1weYcsMfQ/Xk44joDKelk0mThvrgfkkitz4CljVo=','retre','tyh','avatar/avatar-anonymous.png',NULL,NULL),(7,NULL,0,'duc12345',0,1,'2021-08-21 15:38:03.546610','wer@gmail.com','pbkdf2_sha256$260000$fOsI11iaVI6Un6RRg1OCzw$aqAq5W3IHq3BVYAULNIhKZrVAsP+I/fLIwEw3qw6m9Q=','le duong','duc','avatar/avatar-anonymous.png',NULL,NULL),(8,NULL,0,'admin123',0,1,'2021-08-24 12:40:44.921822','duc.leduongggg@gmail.com','pbkdf2_sha256$260000$Ktl4aHMxLusJ62ubR0rvvf$KgYfu8Ns2dZ5WWd1MTzgEEIedTzXLHlJnmaNKDJ+EEg=','Đức','Lê Dương','avatar/avatar-anonymous.png',NULL,NULL),(9,NULL,0,'duc2804',0,1,'2021-08-24 15:21:04.716089','duc.leduongg@gmail.comm','pbkdf2_sha256$260000$pTiLAA81f3vp2EGvWMYuMI$SEG/BWeOb1Ok65/O418EVD2lRnJrfCJ/NnnG9UYt5lg=','dfsa','fa','avatar/avatar-anonymous.png',NULL,NULL),(10,NULL,0,'ducduong',0,1,'2021-11-11 16:40:43.489029','qwerty@gmail.com','pbkdf2_sha256$260000$foeO6Z1D9T1TBHuNLuxSQu$xxs0VmHdCo3RkfT2LMmPVOGHuJ6PkiILOjZOL9oN+PU=','duong','le','avatar/avatar-anonymous.png',NULL,NULL),(11,'2021-11-12 08:57:22.512727',0,'ducle28',1,1,'2021-11-11 18:42:32.000000','duc.leduon@gmail.com','pbkdf2_sha256$260000$naXvul4MKDcBfO46KH9HVJ$4FylO7bio4VmaVX2nvhK365kFy64LCWXG3Tr8g/Qxk0=','Đức','Lê','avatar/City-Night-Landscape-Wallpaper.jpg','null','null'),(12,'2021-11-12 08:36:35.515293',0,'staff_user',1,1,'2021-11-12 08:36:00.000000','staff2804@gmail.com','pbkdf2_sha256$260000$yTTQmKoqhfWKRFrjBzsv2G$6T1MnOGZDDRwd8yQ24hnZGehm1oowKsyq66VvJGXmUM=','A','Nguyen','avatar/avatar-anonymous.png',NULL,NULL),(13,NULL,0,'nguyenb',0,1,'2021-11-26 08:16:45.486809','bnguyen@gmail.com','pbkdf2_sha256$260000$SusaeCys4kGqhhJBZ26nx3$6UIHYWyWQglmEfs14O89kTsqOMJqsfByFPxcHWzGqo8=','B','Nguyen','avatar/avatar-anonymous.png',NULL,NULL);
/*!40000 ALTER TABLE `tourbooking_user` ENABLE KEYS */;
UNLOCK TABLES;

--
-- Table structure for table `tourbooking_user_groups`
--

DROP TABLE IF EXISTS `tourbooking_user_groups`;
/*!40101 SET @saved_cs_client     = @@character_set_client */;
/*!50503 SET character_set_client = utf8mb4 */;
CREATE TABLE `tourbooking_user_groups` (
  `id` bigint NOT NULL AUTO_INCREMENT,
  `user_id` bigint NOT NULL,
  `group_id` int NOT NULL,
  PRIMARY KEY (`id`),
  UNIQUE KEY `tourbooking_user_groups_user_id_group_id_b1283a17_uniq` (`user_id`,`group_id`),
  KEY `tourbooking_user_groups_group_id_e700c91b_fk_auth_group_id` (`group_id`),
  CONSTRAINT `tourbooking_user_groups_group_id_e700c91b_fk_auth_group_id` FOREIGN KEY (`group_id`) REFERENCES `auth_group` (`id`),
  CONSTRAINT `tourbooking_user_groups_user_id_dde8ec71_fk_tourbooking_user_id` FOREIGN KEY (`user_id`) REFERENCES `tourbooking_user` (`id`)
) ENGINE=InnoDB AUTO_INCREMENT=3 DEFAULT CHARSET=utf8mb4 COLLATE=utf8mb4_unicode_ci;
/*!40101 SET character_set_client = @saved_cs_client */;

--
-- Dumping data for table `tourbooking_user_groups`
--

LOCK TABLES `tourbooking_user_groups` WRITE;
/*!40000 ALTER TABLE `tourbooking_user_groups` DISABLE KEYS */;
INSERT INTO `tourbooking_user_groups` VALUES (1,11,3),(2,12,2);
/*!40000 ALTER TABLE `tourbooking_user_groups` ENABLE KEYS */;
UNLOCK TABLES;

--
-- Table structure for table `tourbooking_user_user_permissions`
--

DROP TABLE IF EXISTS `tourbooking_user_user_permissions`;
/*!40101 SET @saved_cs_client     = @@character_set_client */;
/*!50503 SET character_set_client = utf8mb4 */;
CREATE TABLE `tourbooking_user_user_permissions` (
  `id` bigint NOT NULL AUTO_INCREMENT,
  `user_id` bigint NOT NULL,
  `permission_id` int NOT NULL,
  PRIMARY KEY (`id`),
  UNIQUE KEY `tourbooking_user_user_pe_user_id_permission_id_9720bf82_uniq` (`user_id`,`permission_id`),
  KEY `tourbooking_user_use_permission_id_01237073_fk_auth_perm` (`permission_id`),
  CONSTRAINT `tourbooking_user_use_permission_id_01237073_fk_auth_perm` FOREIGN KEY (`permission_id`) REFERENCES `auth_permission` (`id`),
  CONSTRAINT `tourbooking_user_use_user_id_825f5f6d_fk_tourbooki` FOREIGN KEY (`user_id`) REFERENCES `tourbooking_user` (`id`)
) ENGINE=InnoDB DEFAULT CHARSET=utf8mb4 COLLATE=utf8mb4_unicode_ci;
/*!40101 SET character_set_client = @saved_cs_client */;

--
-- Dumping data for table `tourbooking_user_user_permissions`
--

LOCK TABLES `tourbooking_user_user_permissions` WRITE;
/*!40000 ALTER TABLE `tourbooking_user_user_permissions` DISABLE KEYS */;
/*!40000 ALTER TABLE `tourbooking_user_user_permissions` ENABLE KEYS */;
UNLOCK TABLES;
/*!40103 SET TIME_ZONE=@OLD_TIME_ZONE */;

/*!40101 SET SQL_MODE=@OLD_SQL_MODE */;
/*!40014 SET FOREIGN_KEY_CHECKS=@OLD_FOREIGN_KEY_CHECKS */;
/*!40014 SET UNIQUE_CHECKS=@OLD_UNIQUE_CHECKS */;
/*!40101 SET CHARACTER_SET_CLIENT=@OLD_CHARACTER_SET_CLIENT */;
/*!40101 SET CHARACTER_SET_RESULTS=@OLD_CHARACTER_SET_RESULTS */;
/*!40101 SET COLLATION_CONNECTION=@OLD_COLLATION_CONNECTION */;
/*!40111 SET SQL_NOTES=@OLD_SQL_NOTES */;

-- Dump completed on 2021-12-06 18:59:59
