-- MySQL dump 10.13  Distrib 8.0.26, for Win64 (x86_64)
--
-- Host: localhost    Database: tourdb
-- ------------------------------------------------------
-- Server version	8.0.26

/*!40101 SET @OLD_CHARACTER_SET_CLIENT=@@CHARACTER_SET_CLIENT */;
/*!40101 SET @OLD_CHARACTER_SET_RESULTS=@@CHARACTER_SET_RESULTS */;
/*!40101 SET @OLD_COLLATION_CONNECTION=@@COLLATION_CONNECTION */;
/*!50503 SET NAMES utf8 */;
/*!40103 SET @OLD_TIME_ZONE=@@TIME_ZONE */;
/*!40103 SET TIME_ZONE='+00:00' */;
/*!40014 SET @OLD_UNIQUE_CHECKS=@@UNIQUE_CHECKS, UNIQUE_CHECKS=0 */;
/*!40014 SET @OLD_FOREIGN_KEY_CHECKS=@@FOREIGN_KEY_CHECKS, FOREIGN_KEY_CHECKS=0 */;
/*!40101 SET @OLD_SQL_MODE=@@SQL_MODE, SQL_MODE='NO_AUTO_VALUE_ON_ZERO' */;
/*!40111 SET @OLD_SQL_NOTES=@@SQL_NOTES, SQL_NOTES=0 */;

--
-- Table structure for table `auth_group`
--

DROP TABLE IF EXISTS `auth_group`;
/*!40101 SET @saved_cs_client     = @@character_set_client */;
/*!50503 SET character_set_client = utf8mb4 */;
CREATE TABLE `auth_group` (
  `id` int NOT NULL AUTO_INCREMENT,
  `name` varchar(150) COLLATE utf8mb4_unicode_ci NOT NULL,
  PRIMARY KEY (`id`),
  UNIQUE KEY `name` (`name`)
) ENGINE=InnoDB DEFAULT CHARSET=utf8mb4 COLLATE=utf8mb4_unicode_ci;
/*!40101 SET character_set_client = @saved_cs_client */;

--
-- Dumping data for table `auth_group`
--

LOCK TABLES `auth_group` WRITE;
/*!40000 ALTER TABLE `auth_group` DISABLE KEYS */;
/*!40000 ALTER TABLE `auth_group` ENABLE KEYS */;
UNLOCK TABLES;

--
-- Table structure for table `auth_group_permissions`
--

DROP TABLE IF EXISTS `auth_group_permissions`;
/*!40101 SET @saved_cs_client     = @@character_set_client */;
/*!50503 SET character_set_client = utf8mb4 */;
CREATE TABLE `auth_group_permissions` (
  `id` bigint NOT NULL AUTO_INCREMENT,
  `group_id` int NOT NULL,
  `permission_id` int NOT NULL,
  PRIMARY KEY (`id`),
  UNIQUE KEY `auth_group_permissions_group_id_permission_id_0cd325b0_uniq` (`group_id`,`permission_id`),
  KEY `auth_group_permissio_permission_id_84c5c92e_fk_auth_perm` (`permission_id`),
  CONSTRAINT `auth_group_permissio_permission_id_84c5c92e_fk_auth_perm` FOREIGN KEY (`permission_id`) REFERENCES `auth_permission` (`id`),
  CONSTRAINT `auth_group_permissions_group_id_b120cbf9_fk_auth_group_id` FOREIGN KEY (`group_id`) REFERENCES `auth_group` (`id`)
) ENGINE=InnoDB DEFAULT CHARSET=utf8mb4 COLLATE=utf8mb4_unicode_ci;
/*!40101 SET character_set_client = @saved_cs_client */;

--
-- Dumping data for table `auth_group_permissions`
--

LOCK TABLES `auth_group_permissions` WRITE;
/*!40000 ALTER TABLE `auth_group_permissions` DISABLE KEYS */;
/*!40000 ALTER TABLE `auth_group_permissions` ENABLE KEYS */;
UNLOCK TABLES;

--
-- Table structure for table `auth_permission`
--

DROP TABLE IF EXISTS `auth_permission`;
/*!40101 SET @saved_cs_client     = @@character_set_client */;
/*!50503 SET character_set_client = utf8mb4 */;
CREATE TABLE `auth_permission` (
  `id` int NOT NULL AUTO_INCREMENT,
  `name` varchar(255) COLLATE utf8mb4_unicode_ci NOT NULL,
  `content_type_id` int NOT NULL,
  `codename` varchar(100) COLLATE utf8mb4_unicode_ci NOT NULL,
  PRIMARY KEY (`id`),
  UNIQUE KEY `auth_permission_content_type_id_codename_01ab375a_uniq` (`content_type_id`,`codename`),
  CONSTRAINT `auth_permission_content_type_id_2f476e4b_fk_django_co` FOREIGN KEY (`content_type_id`) REFERENCES `django_content_type` (`id`)
) ENGINE=InnoDB AUTO_INCREMENT=97 DEFAULT CHARSET=utf8mb4 COLLATE=utf8mb4_unicode_ci;
/*!40101 SET character_set_client = @saved_cs_client */;

--
-- Dumping data for table `auth_permission`
--

LOCK TABLES `auth_permission` WRITE;
/*!40000 ALTER TABLE `auth_permission` DISABLE KEYS */;
INSERT INTO `auth_permission` VALUES (1,'Can add log entry',1,'add_logentry'),(2,'Can change log entry',1,'change_logentry'),(3,'Can delete log entry',1,'delete_logentry'),(4,'Can view log entry',1,'view_logentry'),(5,'Can add permission',2,'add_permission'),(6,'Can change permission',2,'change_permission'),(7,'Can delete permission',2,'delete_permission'),(8,'Can view permission',2,'view_permission'),(9,'Can add group',3,'add_group'),(10,'Can change group',3,'change_group'),(11,'Can delete group',3,'delete_group'),(12,'Can view group',3,'view_group'),(13,'Can add content type',4,'add_contenttype'),(14,'Can change content type',4,'change_contenttype'),(15,'Can delete content type',4,'delete_contenttype'),(16,'Can view content type',4,'view_contenttype'),(17,'Can add session',5,'add_session'),(18,'Can change session',5,'change_session'),(19,'Can delete session',5,'delete_session'),(20,'Can view session',5,'view_session'),(21,'Can add user',6,'add_user'),(22,'Can change user',6,'change_user'),(23,'Can delete user',6,'delete_user'),(24,'Can view user',6,'view_user'),(25,'Can add category service',7,'add_categoryservice'),(26,'Can change category service',7,'change_categoryservice'),(27,'Can delete category service',7,'delete_categoryservice'),(28,'Can view category service',7,'view_categoryservice'),(29,'Can add category travel',8,'add_categorytravel'),(30,'Can change category travel',8,'change_categorytravel'),(31,'Can delete category travel',8,'delete_categorytravel'),(32,'Can view category travel',8,'view_categorytravel'),(33,'Can add district',9,'add_district'),(34,'Can change district',9,'change_district'),(35,'Can delete district',9,'delete_district'),(36,'Can view district',9,'view_district'),(37,'Can add provincial',10,'add_provincial'),(38,'Can change provincial',10,'change_provincial'),(39,'Can delete provincial',10,'delete_provincial'),(40,'Can view provincial',10,'view_provincial'),(41,'Can add ward',11,'add_ward'),(42,'Can change ward',11,'change_ward'),(43,'Can delete ward',11,'delete_ward'),(44,'Can view ward',11,'view_ward'),(45,'Can add travel',12,'add_travel'),(46,'Can change travel',12,'change_travel'),(47,'Can delete travel',12,'delete_travel'),(48,'Can view travel',12,'view_travel'),(49,'Can add service',13,'add_service'),(50,'Can change service',13,'change_service'),(51,'Can delete service',13,'delete_service'),(52,'Can view service',13,'view_service'),(53,'Can add review travel',14,'add_reviewtravel'),(54,'Can change review travel',14,'change_reviewtravel'),(55,'Can delete review travel',14,'delete_reviewtravel'),(56,'Can view review travel',14,'view_reviewtravel'),(57,'Can add review service',15,'add_reviewservice'),(58,'Can change review service',15,'change_reviewservice'),(59,'Can delete review service',15,'delete_reviewservice'),(60,'Can view review service',15,'view_reviewservice'),(61,'Can add news',16,'add_news'),(62,'Can change news',16,'change_news'),(63,'Can delete news',16,'delete_news'),(64,'Can view news',16,'view_news'),(65,'Can add images travel',17,'add_imagestravel'),(66,'Can change images travel',17,'change_imagestravel'),(67,'Can delete images travel',17,'delete_imagestravel'),(68,'Can view images travel',17,'view_imagestravel'),(69,'Can add images service',18,'add_imagesservice'),(70,'Can change images service',18,'change_imagesservice'),(71,'Can delete images service',18,'delete_imagesservice'),(72,'Can view images service',18,'view_imagesservice'),(73,'Can add comment',19,'add_comment'),(74,'Can change comment',19,'change_comment'),(75,'Can delete comment',19,'delete_comment'),(76,'Can view comment',19,'view_comment'),(77,'Can add location',20,'add_location'),(78,'Can change location',20,'change_location'),(79,'Can delete location',20,'delete_location'),(80,'Can view location',20,'view_location'),(81,'Can add category hotel',21,'add_categoryhotel'),(82,'Can change category hotel',21,'change_categoryhotel'),(83,'Can delete category hotel',21,'delete_categoryhotel'),(84,'Can view category hotel',21,'view_categoryhotel'),(85,'Can add hotel',22,'add_hotel'),(86,'Can change hotel',22,'change_hotel'),(87,'Can delete hotel',22,'delete_hotel'),(88,'Can view hotel',22,'view_hotel'),(89,'Can add images hotel',23,'add_imageshotel'),(90,'Can change images hotel',23,'change_imageshotel'),(91,'Can delete images hotel',23,'delete_imageshotel'),(92,'Can view images hotel',23,'view_imageshotel'),(93,'Can add review hotel',24,'add_reviewhotel'),(94,'Can change review hotel',24,'change_reviewhotel'),(95,'Can delete review hotel',24,'delete_reviewhotel'),(96,'Can view review hotel',24,'view_reviewhotel');
/*!40000 ALTER TABLE `auth_permission` ENABLE KEYS */;
UNLOCK TABLES;

--
-- Table structure for table `django_admin_log`
--

DROP TABLE IF EXISTS `django_admin_log`;
/*!40101 SET @saved_cs_client     = @@character_set_client */;
/*!50503 SET character_set_client = utf8mb4 */;
CREATE TABLE `django_admin_log` (
  `id` int NOT NULL AUTO_INCREMENT,
  `action_time` datetime(6) NOT NULL,
  `object_id` longtext COLLATE utf8mb4_unicode_ci,
  `object_repr` varchar(200) COLLATE utf8mb4_unicode_ci NOT NULL,
  `action_flag` smallint unsigned NOT NULL,
  `change_message` longtext COLLATE utf8mb4_unicode_ci NOT NULL,
  `content_type_id` int DEFAULT NULL,
  `user_id` bigint NOT NULL,
  PRIMARY KEY (`id`),
  KEY `django_admin_log_content_type_id_c4bce8eb_fk_django_co` (`content_type_id`),
  KEY `django_admin_log_user_id_c564eba6_fk_tourbooking_user_id` (`user_id`),
  CONSTRAINT `django_admin_log_content_type_id_c4bce8eb_fk_django_co` FOREIGN KEY (`content_type_id`) REFERENCES `django_content_type` (`id`),
  CONSTRAINT `django_admin_log_user_id_c564eba6_fk_tourbooking_user_id` FOREIGN KEY (`user_id`) REFERENCES `tourbooking_user` (`id`),
  CONSTRAINT `django_admin_log_chk_1` CHECK ((`action_flag` >= 0))
) ENGINE=InnoDB AUTO_INCREMENT=38 DEFAULT CHARSET=utf8mb4 COLLATE=utf8mb4_unicode_ci;
/*!40101 SET character_set_client = @saved_cs_client */;

--
-- Dumping data for table `django_admin_log`
--

LOCK TABLES `django_admin_log` WRITE;
/*!40000 ALTER TABLE `django_admin_log` DISABLE KEYS */;
INSERT INTO `django_admin_log` VALUES (1,'2021-08-08 12:23:12.515669','1','admin',2,'[{\"changed\": {\"fields\": [\"Last name\", \"First name\"]}}]',6,1),(2,'2021-08-08 13:51:06.534974','1','Location object (1)',1,'[{\"added\": {}}]',20,1),(3,'2021-08-08 13:52:06.677873','1','CategoryTravel object (1)',1,'[{\"added\": {}}]',8,1),(4,'2021-08-08 13:52:38.595959','1','Travel object (1)',1,'[{\"added\": {}}]',12,1),(5,'2021-08-08 14:06:55.815195','2','Hồ Chí Minh',1,'[{\"added\": {}}]',20,1),(6,'2021-08-08 14:07:31.279655','2','Tour du lịch Lục tỉnh miền Tây 4 ngày 3 đêm | Khám phá sông nước Nam Kì',1,'[{\"added\": {}}]',12,1),(7,'2021-08-08 14:07:42.377958','2','Tour du lịch Lục tỉnh miền Tây 4 ngày 3 đêm | Khám phá sông nước Nam Kì',2,'[{\"changed\": {\"fields\": [\"Image\"]}}]',12,1),(8,'2021-08-08 14:11:33.386254','3','Tour du lịch Mỹ Tho – Cần Thơ 2 ngày 1 đêm giá tốt, khởi hành từ TPHCM',1,'[{\"added\": {}}]',12,1),(9,'2021-08-08 14:14:30.508987','4','Tour Cần Giờ 2 ngày 1 đêm khám phá Rừng Sát lịch sử',1,'[{\"added\": {}}]',12,1),(10,'2021-08-08 14:18:18.018124','3','Hà Nội',1,'[{\"added\": {}}]',20,1),(11,'2021-08-08 14:18:41.831087','5','Tour du lịch Quan Lạn 2 ngày 1 đêm | Khám phá miền biển vắng',1,'[{\"added\": {}}]',12,1),(12,'2021-08-08 14:25:09.767784','2','Tour nước ngoài',1,'[{\"added\": {}}]',8,1),(13,'2021-08-08 14:25:14.807696','6','Tour đi Mỹ Tiêm Vắc Xin kết hợp nghỉ dưỡng, khám phá Los Angeles trọn gói 28 ngày',1,'[{\"added\": {}}]',12,1),(14,'2021-08-08 14:31:32.123115','7','Tour Campuchia 4 ngày 3 đêm | Khám phá Siem Reap – Phnom Penh huyền bí',1,'[{\"added\": {}}]',12,1),(15,'2021-08-08 14:39:55.321337','8','Tour du lịch Bali 4 ngày 3 đêm: “Thiên đường nghỉ dưỡng” Bali | Bay Vietnam Airlines',1,'[{\"added\": {}}]',12,1),(16,'2021-08-08 14:47:12.501797','1','Khách sạn trong nước',1,'[{\"added\": {}}]',21,1),(17,'2021-08-08 14:47:26.820677','1','Khách sạn Le Méridien Sài Gòn',1,'[{\"added\": {}}]',22,1),(18,'2021-08-08 15:16:53.362344','1','TP. Hồ Chí Minh',1,'[{\"added\": {}}]',10,1),(19,'2021-08-08 15:19:18.153951','1','Quận 1',1,'[{\"added\": {}}]',9,1),(20,'2021-08-08 15:19:27.923374','1','Bến Nghé',1,'[{\"added\": {}}]',11,1),(21,'2021-08-08 15:19:35.105685','2','Khách sạn Le Méridien Sài Gòn',1,'[{\"added\": {}}]',22,1),(22,'2021-08-08 15:23:55.362111','2','Phạm Ngũ Lão',1,'[{\"added\": {}}]',11,1),(23,'2021-08-08 15:24:12.550283','3','Khách sạn A25 – 20 Bùi Thị Xuân – Quận 1',1,'[{\"added\": {}}]',22,1),(24,'2021-08-08 15:25:54.653739','4','Đà Nẵng',1,'[{\"added\": {}}]',20,1),(25,'2021-08-08 15:26:14.172012','2','Đà Nẵng',1,'[{\"added\": {}}]',10,1),(26,'2021-08-08 15:26:29.546347','2','Sơn Trà',1,'[{\"added\": {}}]',9,1),(27,'2021-08-08 15:26:42.433927','3','Phước Mỹ',1,'[{\"added\": {}}]',11,1),(28,'2021-08-08 15:28:37.291437','4','Khách sạn Golden Light Đà Nẵng',1,'[{\"added\": {}}]',22,1),(29,'2021-08-09 09:21:18.261749','1','[MỚI] Trọn bộ kinh nghiệm du lịch Quy Nhơn tháng 6',1,'[{\"added\": {}}]',16,1),(30,'2021-08-09 09:23:45.552654','2','[Bạn có biết] Đi du lịch Mỹ cần gì? Những thủ tục và giấy tờ cần thiết',1,'[{\"added\": {}}]',16,1),(31,'2021-08-09 09:24:49.923770','2','Khách sạn quốc tế',1,'[{\"added\": {}}]',21,1),(32,'2021-08-09 09:27:08.855674','5','Bangkok',1,'[{\"added\": {}}]',20,1),(33,'2021-08-09 09:27:50.786932','3','Bangkok',1,'[{\"added\": {}}]',10,1),(34,'2021-08-09 09:28:11.390555','3','Phra Nakhon',1,'[{\"added\": {}}]',9,1),(35,'2021-08-09 09:28:24.577159','4','Chana Songkhram',1,'[{\"added\": {}}]',11,1),(36,'2021-08-09 09:28:28.982274','5','Khách sạn Chillax Heritage Thái Lan',1,'[{\"added\": {}}]',22,1),(37,'2021-08-10 15:08:33.566427','5','Khách sạn Chillax Heritage Thái Lan',2,'[{\"changed\": {\"fields\": [\"Status\"]}}]',22,1);
/*!40000 ALTER TABLE `django_admin_log` ENABLE KEYS */;
UNLOCK TABLES;

--
-- Table structure for table `django_content_type`
--

DROP TABLE IF EXISTS `django_content_type`;
/*!40101 SET @saved_cs_client     = @@character_set_client */;
/*!50503 SET character_set_client = utf8mb4 */;
CREATE TABLE `django_content_type` (
  `id` int NOT NULL AUTO_INCREMENT,
  `app_label` varchar(100) COLLATE utf8mb4_unicode_ci NOT NULL,
  `model` varchar(100) COLLATE utf8mb4_unicode_ci NOT NULL,
  PRIMARY KEY (`id`),
  UNIQUE KEY `django_content_type_app_label_model_76bd3d3b_uniq` (`app_label`,`model`)
) ENGINE=InnoDB AUTO_INCREMENT=25 DEFAULT CHARSET=utf8mb4 COLLATE=utf8mb4_unicode_ci;
/*!40101 SET character_set_client = @saved_cs_client */;

--
-- Dumping data for table `django_content_type`
--

LOCK TABLES `django_content_type` WRITE;
/*!40000 ALTER TABLE `django_content_type` DISABLE KEYS */;
INSERT INTO `django_content_type` VALUES (1,'admin','logentry'),(3,'auth','group'),(2,'auth','permission'),(4,'contenttypes','contenttype'),(5,'sessions','session'),(21,'tourbooking','categoryhotel'),(7,'tourbooking','categoryservice'),(8,'tourbooking','categorytravel'),(19,'tourbooking','comment'),(9,'tourbooking','district'),(22,'tourbooking','hotel'),(23,'tourbooking','imageshotel'),(18,'tourbooking','imagesservice'),(17,'tourbooking','imagestravel'),(20,'tourbooking','location'),(16,'tourbooking','news'),(10,'tourbooking','provincial'),(24,'tourbooking','reviewhotel'),(15,'tourbooking','reviewservice'),(14,'tourbooking','reviewtravel'),(13,'tourbooking','service'),(12,'tourbooking','travel'),(6,'tourbooking','user'),(11,'tourbooking','ward');
/*!40000 ALTER TABLE `django_content_type` ENABLE KEYS */;
UNLOCK TABLES;

--
-- Table structure for table `django_migrations`
--

DROP TABLE IF EXISTS `django_migrations`;
/*!40101 SET @saved_cs_client     = @@character_set_client */;
/*!50503 SET character_set_client = utf8mb4 */;
CREATE TABLE `django_migrations` (
  `id` bigint NOT NULL AUTO_INCREMENT,
  `app` varchar(255) COLLATE utf8mb4_unicode_ci NOT NULL,
  `name` varchar(255) COLLATE utf8mb4_unicode_ci NOT NULL,
  `applied` datetime(6) NOT NULL,
  PRIMARY KEY (`id`)
) ENGINE=InnoDB AUTO_INCREMENT=31 DEFAULT CHARSET=utf8mb4 COLLATE=utf8mb4_unicode_ci;
/*!40101 SET character_set_client = @saved_cs_client */;

--
-- Dumping data for table `django_migrations`
--

LOCK TABLES `django_migrations` WRITE;
/*!40000 ALTER TABLE `django_migrations` DISABLE KEYS */;
INSERT INTO `django_migrations` VALUES (1,'contenttypes','0001_initial','2021-08-06 12:59:52.819734'),(2,'contenttypes','0002_remove_content_type_name','2021-08-06 12:59:52.958366'),(3,'auth','0001_initial','2021-08-06 12:59:53.322011'),(4,'auth','0002_alter_permission_name_max_length','2021-08-06 12:59:53.408969'),(5,'auth','0003_alter_user_email_max_length','2021-08-06 12:59:53.417987'),(6,'auth','0004_alter_user_username_opts','2021-08-06 12:59:53.426963'),(7,'auth','0005_alter_user_last_login_null','2021-08-06 12:59:53.435908'),(8,'auth','0006_require_contenttypes_0002','2021-08-06 12:59:53.442891'),(9,'auth','0007_alter_validators_add_error_messages','2021-08-06 12:59:53.456855'),(10,'auth','0008_alter_user_username_max_length','2021-08-06 12:59:53.468820'),(11,'auth','0009_alter_user_last_name_max_length','2021-08-06 12:59:53.479792'),(12,'auth','0010_alter_group_name_max_length','2021-08-06 12:59:53.501732'),(13,'auth','0011_update_proxy_permissions','2021-08-06 12:59:53.512701'),(14,'auth','0012_alter_user_first_name_max_length','2021-08-06 12:59:53.528662'),(15,'tourbooking','0001_initial','2021-08-06 12:59:53.983432'),(16,'admin','0001_initial','2021-08-06 12:59:54.172713'),(17,'admin','0002_logentry_remove_auto_add','2021-08-06 12:59:54.191663'),(18,'admin','0003_logentry_add_action_flag_choices','2021-08-06 12:59:54.204628'),(19,'sessions','0001_initial','2021-08-06 12:59:54.371117'),(20,'tourbooking','0002_auto_20210806_2045','2021-08-06 13:46:12.519018'),(21,'tourbooking','0003_remove_user_role','2021-08-08 12:10:36.911790'),(22,'tourbooking','0004_auto_20210808_1913','2021-08-08 12:13:43.731561'),(23,'tourbooking','0005_auto_20210808_1946','2021-08-08 12:47:48.456679'),(24,'tourbooking','0006_auto_20210808_1947','2021-08-08 12:47:48.729071'),(25,'tourbooking','0007_auto_20210808_2009','2021-08-08 13:09:23.114404'),(26,'tourbooking','0008_auto_20210808_2016','2021-08-08 13:16:43.442701'),(27,'tourbooking','0009_auto_20210808_2023','2021-08-08 13:23:59.497445'),(28,'tourbooking','0010_auto_20210808_2037','2021-08-08 13:45:25.708237'),(29,'tourbooking','0011_auto_20210808_2207','2021-08-08 15:08:36.777429'),(30,'tourbooking','0012_auto_20210810_2203','2021-08-10 15:04:05.710046');
/*!40000 ALTER TABLE `django_migrations` ENABLE KEYS */;
UNLOCK TABLES;

--
-- Table structure for table `django_session`
--

DROP TABLE IF EXISTS `django_session`;
/*!40101 SET @saved_cs_client     = @@character_set_client */;
/*!50503 SET character_set_client = utf8mb4 */;
CREATE TABLE `django_session` (
  `session_key` varchar(40) COLLATE utf8mb4_unicode_ci NOT NULL,
  `session_data` longtext COLLATE utf8mb4_unicode_ci NOT NULL,
  `expire_date` datetime(6) NOT NULL,
  PRIMARY KEY (`session_key`),
  KEY `django_session_expire_date_a5c62663` (`expire_date`)
) ENGINE=InnoDB DEFAULT CHARSET=utf8mb4 COLLATE=utf8mb4_unicode_ci;
/*!40101 SET character_set_client = @saved_cs_client */;

--
-- Dumping data for table `django_session`
--

LOCK TABLES `django_session` WRITE;
/*!40000 ALTER TABLE `django_session` DISABLE KEYS */;
INSERT INTO `django_session` VALUES ('kt30h0omu77ofn1y9n193ka4tb0we8b0','.eJxVjEEOwiAQRe_C2hAZmAIu3XsGMjAgVUOT0q6Md7dNutDtf-_9twi0LjWsPc9hZHERSpx-t0jpmdsO-EHtPsk0tWUeo9wVedAubxPn1_Vw_w4q9brVNoEeDBcEzwatUxbRUnQFh-jOXAxvFDQRaCyZnM6KrIcErC2y8-LzBc_YN4k:1mChi1:Cr6TnXdju6w06u_PEqkRGvvL0bUueFbP9Kc9fxTwZTo','2021-08-22 12:15:17.033146');
/*!40000 ALTER TABLE `django_session` ENABLE KEYS */;
UNLOCK TABLES;

--
-- Table structure for table `tourbooking_categoryhotel`
--

DROP TABLE IF EXISTS `tourbooking_categoryhotel`;
/*!40101 SET @saved_cs_client     = @@character_set_client */;
/*!50503 SET character_set_client = utf8mb4 */;
CREATE TABLE `tourbooking_categoryhotel` (
  `id` bigint NOT NULL AUTO_INCREMENT,
  `name` varchar(100) COLLATE utf8mb4_unicode_ci NOT NULL,
  PRIMARY KEY (`id`)
) ENGINE=InnoDB AUTO_INCREMENT=3 DEFAULT CHARSET=utf8mb4 COLLATE=utf8mb4_unicode_ci;
/*!40101 SET character_set_client = @saved_cs_client */;

--
-- Dumping data for table `tourbooking_categoryhotel`
--

LOCK TABLES `tourbooking_categoryhotel` WRITE;
/*!40000 ALTER TABLE `tourbooking_categoryhotel` DISABLE KEYS */;
INSERT INTO `tourbooking_categoryhotel` VALUES (1,'Khách sạn trong nước'),(2,'Khách sạn quốc tế');
/*!40000 ALTER TABLE `tourbooking_categoryhotel` ENABLE KEYS */;
UNLOCK TABLES;

--
-- Table structure for table `tourbooking_categorytravel`
--

DROP TABLE IF EXISTS `tourbooking_categorytravel`;
/*!40101 SET @saved_cs_client     = @@character_set_client */;
/*!50503 SET character_set_client = utf8mb4 */;
CREATE TABLE `tourbooking_categorytravel` (
  `id` bigint NOT NULL AUTO_INCREMENT,
  `name` varchar(100) COLLATE utf8mb4_unicode_ci NOT NULL,
  PRIMARY KEY (`id`)
) ENGINE=InnoDB AUTO_INCREMENT=3 DEFAULT CHARSET=utf8mb4 COLLATE=utf8mb4_unicode_ci;
/*!40101 SET character_set_client = @saved_cs_client */;

--
-- Dumping data for table `tourbooking_categorytravel`
--

LOCK TABLES `tourbooking_categorytravel` WRITE;
/*!40000 ALTER TABLE `tourbooking_categorytravel` DISABLE KEYS */;
INSERT INTO `tourbooking_categorytravel` VALUES (1,'Du lịch trong nước'),(2,'Tour nước ngoài');
/*!40000 ALTER TABLE `tourbooking_categorytravel` ENABLE KEYS */;
UNLOCK TABLES;

--
-- Table structure for table `tourbooking_comment`
--

DROP TABLE IF EXISTS `tourbooking_comment`;
/*!40101 SET @saved_cs_client     = @@character_set_client */;
/*!50503 SET character_set_client = utf8mb4 */;
CREATE TABLE `tourbooking_comment` (
  `id` bigint NOT NULL AUTO_INCREMENT,
  `content` longtext COLLATE utf8mb4_unicode_ci,
  `date_add` time(6) NOT NULL,
  `date_update` time(6) NOT NULL,
  `news_id` bigint DEFAULT NULL,
  `user_id` bigint DEFAULT NULL,
  PRIMARY KEY (`id`),
  KEY `tourbooking_comment_news_id_2095f182_fk_tourbooking_news_id` (`news_id`),
  KEY `tourbooking_comment_user_id_0a942c0c_fk_tourbooking_user_id` (`user_id`),
  CONSTRAINT `tourbooking_comment_news_id_2095f182_fk_tourbooking_news_id` FOREIGN KEY (`news_id`) REFERENCES `tourbooking_news` (`id`),
  CONSTRAINT `tourbooking_comment_user_id_0a942c0c_fk_tourbooking_user_id` FOREIGN KEY (`user_id`) REFERENCES `tourbooking_user` (`id`)
) ENGINE=InnoDB DEFAULT CHARSET=utf8mb4 COLLATE=utf8mb4_unicode_ci;
/*!40101 SET character_set_client = @saved_cs_client */;

--
-- Dumping data for table `tourbooking_comment`
--

LOCK TABLES `tourbooking_comment` WRITE;
/*!40000 ALTER TABLE `tourbooking_comment` DISABLE KEYS */;
/*!40000 ALTER TABLE `tourbooking_comment` ENABLE KEYS */;
UNLOCK TABLES;

--
-- Table structure for table `tourbooking_district`
--

DROP TABLE IF EXISTS `tourbooking_district`;
/*!40101 SET @saved_cs_client     = @@character_set_client */;
/*!50503 SET character_set_client = utf8mb4 */;
CREATE TABLE `tourbooking_district` (
  `id` bigint NOT NULL AUTO_INCREMENT,
  `name` varchar(100) COLLATE utf8mb4_unicode_ci NOT NULL,
  `provincial_id` bigint DEFAULT NULL,
  PRIMARY KEY (`id`),
  KEY `tourbooking_district_provincial_id_c5f1f173_fk_tourbooki` (`provincial_id`),
  CONSTRAINT `tourbooking_district_provincial_id_c5f1f173_fk_tourbooki` FOREIGN KEY (`provincial_id`) REFERENCES `tourbooking_provincial` (`id`)
) ENGINE=InnoDB AUTO_INCREMENT=4 DEFAULT CHARSET=utf8mb4 COLLATE=utf8mb4_unicode_ci;
/*!40101 SET character_set_client = @saved_cs_client */;

--
-- Dumping data for table `tourbooking_district`
--

LOCK TABLES `tourbooking_district` WRITE;
/*!40000 ALTER TABLE `tourbooking_district` DISABLE KEYS */;
INSERT INTO `tourbooking_district` VALUES (1,'Quận 1',1),(2,'Sơn Trà',2),(3,'Phra Nakhon',3);
/*!40000 ALTER TABLE `tourbooking_district` ENABLE KEYS */;
UNLOCK TABLES;

--
-- Table structure for table `tourbooking_hotel`
--

DROP TABLE IF EXISTS `tourbooking_hotel`;
/*!40101 SET @saved_cs_client     = @@character_set_client */;
/*!50503 SET character_set_client = utf8mb4 */;
CREATE TABLE `tourbooking_hotel` (
  `id` bigint NOT NULL AUTO_INCREMENT,
  `name` varchar(100) COLLATE utf8mb4_unicode_ci NOT NULL,
  `status` tinyint(1) NOT NULL,
  `hotline` varchar(10) COLLATE utf8mb4_unicode_ci DEFAULT NULL,
  `content` longtext COLLATE utf8mb4_unicode_ci NOT NULL,
  `date_add` time(6) NOT NULL,
  `date_update` time(6) NOT NULL,
  `image` varchar(100) COLLATE utf8mb4_unicode_ci NOT NULL,
  `address` varchar(100) COLLATE utf8mb4_unicode_ci DEFAULT NULL,
  `views` int NOT NULL,
  `category_hotel_id` bigint DEFAULT NULL,
  `location_id` bigint DEFAULT NULL,
  `price` double NOT NULL,
  `star` int NOT NULL,
  `district_id` bigint DEFAULT NULL,
  `provincial_id` bigint DEFAULT NULL,
  `ward_id` bigint DEFAULT NULL,
  PRIMARY KEY (`id`),
  KEY `tourbooking_hotel_location_id_cdf9f295_fk_tourbooki` (`location_id`),
  KEY `tourbooking_hotel_category_hotel_id_705e6da6_fk_tourbooki` (`category_hotel_id`),
  KEY `tourbooking_hotel_district_id_ea7fae12_fk_tourbooki` (`district_id`),
  KEY `tourbooking_hotel_provincial_id_baf84b96_fk_tourbooki` (`provincial_id`),
  KEY `tourbooking_hotel_ward_id_62c81e24_fk_tourbooking_ward_id` (`ward_id`),
  CONSTRAINT `tourbooking_hotel_category_hotel_id_705e6da6_fk_tourbooki` FOREIGN KEY (`category_hotel_id`) REFERENCES `tourbooking_categoryhotel` (`id`),
  CONSTRAINT `tourbooking_hotel_district_id_ea7fae12_fk_tourbooki` FOREIGN KEY (`district_id`) REFERENCES `tourbooking_district` (`id`),
  CONSTRAINT `tourbooking_hotel_location_id_cdf9f295_fk_tourbooki` FOREIGN KEY (`location_id`) REFERENCES `tourbooking_location` (`id`),
  CONSTRAINT `tourbooking_hotel_provincial_id_baf84b96_fk_tourbooki` FOREIGN KEY (`provincial_id`) REFERENCES `tourbooking_provincial` (`id`),
  CONSTRAINT `tourbooking_hotel_ward_id_62c81e24_fk_tourbooking_ward_id` FOREIGN KEY (`ward_id`) REFERENCES `tourbooking_ward` (`id`)
) ENGINE=InnoDB AUTO_INCREMENT=6 DEFAULT CHARSET=utf8mb4 COLLATE=utf8mb4_unicode_ci;
/*!40101 SET character_set_client = @saved_cs_client */;

--
-- Dumping data for table `tourbooking_hotel`
--

LOCK TABLES `tourbooking_hotel` WRITE;
/*!40000 ALTER TABLE `tourbooking_hotel` DISABLE KEYS */;
INSERT INTO `tourbooking_hotel` VALUES (2,'Khách sạn Le Méridien Sài Gòn',1,'1900 3398','<h2>Giới thiệu Kh&aacute;ch sạn Le M&eacute;ridien S&agrave;i G&ograve;n</h2>\r\n\r\n<p>Tọa lạc ở vị tr&iacute; b&ecirc;n bờ s&ocirc;ng S&agrave;i G&ograve;n ở quận 1,&nbsp;<strong>kh&aacute;ch sạn Le M&eacute;ridien S&agrave;i G&ograve;n</strong>&nbsp;sẽ hứa hẹn mang đến cho du kh&aacute;ch khi đặt ph&ograve;ng ở đ&acirc;y một trải nghiệm kh&oacute; qu&ecirc;n với tầm nh&igrave;n bao qu&aacute;t&nbsp;<strong>to&agrave;n cảnh bờ s&ocirc;ng</strong>&nbsp;v&agrave; khung cảnh nhộn nhịp tấp nập của th&agrave;nh phố. Từ kh&aacute;ch sạn du kh&aacute;ch c&oacute; thể dễ d&agrave;ng di chuyển chỉ tới c&aacute;c khu trung t&acirc;m t&agrave;i ch&iacute;nh, vui chơi, giải tr&iacute; hay những điểm tham quan nổi tiếng kh&aacute;c: Nh&agrave; Thờ Đức B&agrave;, Bưu Điện Th&agrave;nh Phố, chợ Bến Th&agrave;nh,...</p>\r\n\r\n<p>Đạt ti&ecirc;u chuẩn&nbsp;5 sao&nbsp;n&ecirc;n tại&nbsp;<strong>kh&aacute;ch sạn Le M&eacute;ridien S&agrave;i G&ograve;n</strong>, 343 ph&ograve;ng đều được trang bị , thiết kế nội thất th&ocirc;ng minh hiện đại, tạo cảm gi&aacute;c thoải m&aacute;i dễ chịu cho người sử dụng. Đặc biệt, ph&ograve;ng tắm rộng r&atilde;i v&agrave; được bố tr&iacute; li&ecirc;n th&ocirc;ng với ph&ograve;ng ngủ chỉ qua một tấm k&iacute;nh trong suốt tạo cảm gi&aacute;c rộng r&atilde;i cho kh&ocirc;ng gian chung của ph&ograve;ng. C&ugrave;ng với đ&oacute; l&agrave; c&aacute;c tiện nghi như:&nbsp;<strong>đổi ngoại tệ, qu&aacute;n bar cạnh bể bơi,</strong>&nbsp;l&ograve; sưởi, qu&aacute;n c&agrave; ph&ecirc;, dịch vụ giặt l&agrave;, dọn ph&ograve;ng h&agrave;ng ng&agrave;y...</p>\r\n\r\n<p>Chắc hẳn khi đặt ph&ograve;ng tại kh&aacute;ch sạn&nbsp;<strong>Le M&eacute;ridien S&agrave;i G&ograve;n Hotel&nbsp;</strong>, du kh&aacute;ch c&ograve;n c&oacute; cơ hội&nbsp;trải nghiệm ẩm thực,&nbsp;c&oacute; thể lựa chọn một trong&nbsp;<strong>ba nh&agrave; h&agrave;ng</strong>&nbsp;của kh&aacute;ch sạn bao gồm Bamboo Chic, nh&agrave; h&agrave;ng Latest Recipe v&agrave;&nbsp;Latitude10. Kh&ocirc;ng dừng lại đ&oacute;, kh&aacute;ch sạn c&ograve;n c&oacute; 1000m2&nbsp;diện t&iacute;ch d&agrave;nh cho ph&ograve;ng họp v&agrave; hội nghị với ph&ograve;ng tiệc ch&iacute;nh rộng 400m2.</p>\r\n\r\n<h2>Tiện &iacute;ch của Kh&aacute;ch sạn Le M&eacute;ridien S&agrave;i G&ograve;n</h2>\r\n\r\n<ul>\r\n	<li>&nbsp;B&atilde;i biển ri&ecirc;ng</li>\r\n	<li>&nbsp;B&atilde;i đậu xe &ocirc; t&ocirc; tại kh&aacute;ch sạn</li>\r\n	<li>&nbsp;Ban c&ocirc;ng / S&acirc;n</li>\r\n	<li>&nbsp;Bar/Club/Pub</li>\r\n	<li>&nbsp;Bồn tắm</li>\r\n	<li>&nbsp;Cho thu&ecirc; xe</li>\r\n	<li>&nbsp;Dịch vụ b&aacute;o thức</li>\r\n	<li>&nbsp;Dịch vụ cho thu&ecirc; xe đạp</li>\r\n	<li>&nbsp;Dịch vụ cho thu&ecirc; xe m&aacute;y</li>\r\n	<li>&nbsp;Dịch vụ dọn ph&ograve;ng</li>\r\n	<li>&nbsp;Dịch vụ đưa đ&oacute;n s&acirc;n bay</li>\r\n	<li>&nbsp;Dịch vụ giặt ủi</li>\r\n	<li>&nbsp;Dịch vụ giữ h&agrave;nh l&yacute;</li>\r\n	<li>&nbsp;Dịch vụ thu đổi ngoại tệ</li>\r\n	<li>&nbsp;Dịch vụ tr&ocirc;ng trẻ</li>\r\n	<li>&nbsp;Hồ bơi ngo&agrave;i trời</li>\r\n	<li>&nbsp;Kid Club</li>\r\n	<li>&nbsp;M&aacute;y Fax/M&aacute;y in</li>\r\n	<li>&nbsp;Mini bar</li>\r\n	<li>&nbsp;Mở cửa 24/7</li>\r\n	<li>&nbsp;Nh&agrave; h&agrave;ng, Khu ăn uống</li>\r\n	<li>&nbsp;Ph&ograve;ng gia đ&igrave;nh</li>\r\n	<li>&nbsp;Ph&ograve;ng họp</li>\r\n	<li>&nbsp;Ph&ograve;ng h&uacute;t thuốc</li>\r\n	<li>&nbsp;Ph&ograve;ng tắm &amp; toilet chung</li>\r\n	<li>&nbsp;Ph&ograve;ng tập thể dục</li>\r\n	<li>&nbsp;Phục vụ ph&ograve;ng</li>\r\n	<li>&nbsp;Quầy b&aacute;n tour</li>\r\n	<li>&nbsp;Quầy lễ t&acirc;n 24h</li>\r\n	<li>&nbsp;Thang m&aacute;y</li>\r\n	<li>&nbsp;Tiện nghi cho người khuyết tật</li>\r\n	<li>&nbsp;Tr&agrave;/C&agrave; ph&ecirc; miễn ph&iacute;</li>\r\n	<li>&nbsp;Truyền h&igrave;nh vệ tinh / c&aacute;p</li>\r\n	<li>&nbsp;Tủ lạnh</li>\r\n	<li>&nbsp;Bungalow</li>\r\n	<li>&nbsp;Ghế massage</li>\r\n	<li>&nbsp;C&acirc;u c&aacute;</li>\r\n	<li>&nbsp;Tiện nghi BBQ</li>\r\n	<li>&nbsp;Dọn ph&ograve;ng h&agrave;ng ng&agrave;y</li>\r\n	<li>&nbsp;Ph&ograve;ng tập thể</li>\r\n	<li>&nbsp;Khu vực h&uacute;t thuốc</li>\r\n	<li>&nbsp;Tổ chức sự kiện/tiệc cưới</li>\r\n	<li>&nbsp;Khu vui chơi cho trẻ em</li>\r\n	<li>&nbsp;Ăn s&aacute;ng tại ph&ograve;ng</li>\r\n	<li>&nbsp;Dịch vụ concierge/hỗ trợ kh&aacute;ch</li>\r\n	<li>&nbsp;Dịch vụ nhận ph&ograve;ng cấp tốc</li>\r\n	<li>&nbsp;Đội ngũ nh&acirc;n vi&ecirc;n đa ng&ocirc;n ngữ</li>\r\n	<li>&nbsp;K&eacute;t an to&agrave;n</li>\r\n	<li>&nbsp;Khu vực xem TV/sảnh chung</li>\r\n	<li>&nbsp;B&ecirc;̉ sục/ Bể tắm n&oacute;ng (jacuzzi)</li>\r\n</ul>\r\n\r\n<h2>Ch&iacute;nh s&aacute;ch Kh&aacute;ch sạn Le M&eacute;ridien S&agrave;i G&ograve;n</h2>\r\n\r\n<table border=\"0\" cellpadding=\"0\" cellspacing=\"0\" style=\"width:802px\">\r\n	<tbody>\r\n		<tr>\r\n			<td><strong>Thời gian nhận ph&ograve;ng</strong></td>\r\n			<td><strong>14:00</strong></td>\r\n		</tr>\r\n		<tr>\r\n			<td>\r\n			<p><strong>Thời gian trả ph&ograve;ng</strong></p>\r\n			</td>\r\n			<td>\r\n			<p><strong>12:00</strong></p>\r\n			</td>\r\n		</tr>\r\n		<tr>\r\n			<td>\r\n			<p><strong>Hướng dẫn di chuyển</strong></p>\r\n			</td>\r\n			<td>\r\n			<p>Qu&yacute; kh&aacute;ch c&oacute; thể đi đến kh&aacute;ch sạn từ:</p>\r\n\r\n			<ul>\r\n				<li>S&acirc;n Bay Quốc Tế T&acirc;n Sơn Nhất (SGN) c&aacute;ch khoảng 6,2 Km</li>\r\n				<li>Le M&eacute;ridien Saigon c&aacute;ch ga S&agrave;i G&ograve;n khoảng 4,8km. - C&aacute;ch chợ Bến Th&agrave;nh: 1.7km</li>\r\n			</ul>\r\n\r\n			<p>Kh&aacute;ch sạn c&aacute;ch c&aacute;c điểm du lịch nổi tiếng như:</p>\r\n\r\n			<ul>\r\n				<li>C&aacute;ch bảo t&agrave;ng th&agrave;nh phố Hồ Ch&iacute; Minh khoảng 2,3 km.</li>\r\n				<li>C&aacute;ch Dinh Độc Lập khoảng 1,3 km</li>\r\n				<li>C&aacute;ch Nh&agrave; h&aacute;t Th&agrave;nh phố: 0,6 km</li>\r\n				<li>C&aacute;ch Trung t&acirc;m Thương mại Vincom: 0,6 km</li>\r\n				<li>C&aacute;ch Bến Bạch Đằng: 0,6 km</li>\r\n				<li>C&aacute;ch Thảo Cầm Vi&ecirc;n S&agrave;i G&ograve;n khoảng 1,1 km.</li>\r\n				<li>C&aacute;ch Khu du lịch văn h&oacute;a Suối Ti&ecirc;n khoảng 16 km</li>\r\n				<li>C&aacute;ch c&ocirc;ng vi&ecirc;n văn h&oacute;a Đầm Sen khoảng 12 km.</li>\r\n			</ul>\r\n			</td>\r\n		</tr>\r\n		<tr>\r\n			<td>\r\n			<p><strong>Hướng dẫn nhận ph&ograve;ng</strong></p>\r\n			</td>\r\n			<td>\r\n			<p>+ Qu&yacute; kh&aacute;ch vui l&ograve;ng mang theo CMND/Hộ chiếu khi đến nhận ph&ograve;ng tại quầy lễ t&acirc;n kh&aacute;ch sạn.</p>\r\n\r\n			<p>+ Kh&aacute;ch sạn c&oacute; thể y&ecirc;u cầu bạn cung cấp số thẻ t&iacute;n dụng hoặc tiền đặt cọc cho c&aacute;c chi ph&iacute; ph&aacute;t sinh trong qu&aacute; tr&igrave;nh lưu tr&uacute;.</p>\r\n\r\n			<p>+ Mọi chi ph&iacute; ph&aacute;t sinh kh&ocirc;ng được x&aacute;c nhận trong đặt ph&ograve;ng trực tuyến tại đ&acirc;y. Qu&yacute; kh&aacute;ch vui l&ograve;ng thanh to&aacute;n trực tiếp ở kh&aacute;ch sạn.</p>\r\n			</td>\r\n		</tr>\r\n		<tr>\r\n			<td>\r\n			<p><strong>Hoạt động giải tr&iacute;</strong></p>\r\n			</td>\r\n			<td>\r\n			<p><strong>Trong kh&aacute;ch sạn:</strong></p>\r\n\r\n			<ul>\r\n				<li><strong>Trung t&acirc;m thể h&igrave;nh:&nbsp;</strong>Miễn ph&iacute; cho du kh&aacute;ch nghỉ dưỡng.</li>\r\n				<li><strong>Spa:&nbsp;</strong>Phục vụ c&aacute;c liệu ph&aacute;p massage, trị liệu to&agrave;n th&acirc;n v&agrave; chăm s&oacute;c da mặt...</li>\r\n				<li><strong>Nh&agrave; h&agrave;ng Bamboo Chic:&nbsp;</strong>Nằm ở tầng 09, phục vụ c&aacute;c m&oacute;n Trung Hoa, Nhật Bản.</li>\r\n				<li><strong>Nh&agrave; h&agrave;ng Latest Recipe:&nbsp;</strong>Nằm ở tầng M, phục vụ m&oacute;n ăn ch&acirc;u &Aacute; v&agrave; ẩm thực quốc tế.</li>\r\n				<li><strong>Latitude 10 Lounge + Bar:&nbsp;</strong>Nằm ở tầng G, chuy&ecirc;n phục vụ c&agrave; ph&ecirc;, c&aacute;c loại rượu...</li>\r\n			</ul>\r\n\r\n			<p><strong>Ngo&agrave;i kh&aacute;ch sạn:</strong></p>\r\n\r\n			<ul>\r\n				<li><strong>Kingdom Beer Club:&nbsp;</strong>03 T&ocirc;n Đức Thắng C&aacute;ch Le M&eacute;ridien Saigon khoảng 72m đi bộ.</li>\r\n				<li><strong>Urban Kitchen + Bar:&nbsp;</strong>18 Ng&ocirc; Văn Năm c&aacute;ch Le M&eacute;ridien Saigon tầm 240m đi bộ.</li>\r\n			</ul>\r\n			</td>\r\n		</tr>\r\n		<tr>\r\n			<td><strong>Ch&iacute;nh s&aacute;ch trẻ em/ phụ thu</strong></td>\r\n			<td>\r\n			<p>Trẻ em từ 0 - 5 tuổi: Miễn ph&iacute;</p>\r\n\r\n			<p>Trẻ em từ 6 - 12 tuổi: T&iacute;nh 50 % gi&aacute; người lớn</p>\r\n\r\n			<p>Trẻ em từ 13 tuổi trở l&ecirc;n: T&iacute;nh như người lớn</p>\r\n\r\n			<p>Phụ thu bữa ăn s&aacute;ng của người thứ 3: 633.000 VNĐ/ bữa/ kh&aacute;ch</p>\r\n\r\n			<p>K&ecirc; th&ecirc;m giường (chưa gồm buổi s&aacute;ng): 1.265.000 VNĐ/ giường</p>\r\n			</td>\r\n		</tr>\r\n		<tr>\r\n			<td><strong>Ch&iacute;nh s&aacute;ch hủy ph&ograve;ng</strong></td>\r\n			<td>\r\n			<p>Miễn ph&iacute; nếu hủy ph&ograve;ng trước 3 ng&agrave;y so với ng&agrave;y nhận ph&ograve;ng</p>\r\n\r\n			<p>Hủy ph&ograve;ng trong v&ograve;ng 3 ng&agrave;y trước ng&agrave;y nhận ph&ograve;ng: T&iacute;nh 100% gi&aacute; trị tiền ph&ograve;ng</p>\r\n			</td>\r\n		</tr>\r\n	</tbody>\r\n</table>','22:19:35.099700','22:19:35.099700','images/2021/08/le-meridien-saigon-300x195_FzSC4BP.jpg','3C Đường Tôn Đức Thắng, Bến Nghé, Quận 1, Hồ Chí Minh',0,1,2,3499000,5,1,1,1),(3,'Khách sạn A25 – 20 Bùi Thị Xuân – Quận 1',1,'1900 3398','<h2>Giới thiệu Kh&aacute;ch sạn A25 &ndash; 20 B&ugrave;i Thị Xu&acirc;n &ndash; Quận 1</h2>\r\n\r\n<p>Kh&aacute;ch sạn&nbsp;A25 20 B&ugrave;i Thị Xu&acirc;n&nbsp;l&agrave; một trong những&nbsp;<strong>kh&aacute;ch sạn 3 sao</strong>&nbsp;thuộc&nbsp;hệ thống kh&aacute;ch sạn A25&nbsp;tọa lạc tại&nbsp;khu vực trung t&acirc;m th&agrave;nh phố Hồ Ch&iacute; Minh.&nbsp;Kh&aacute;ch sạn A25 20 B&ugrave;i Thị Xu&acirc;n&nbsp;nằm gần nhiều điểm tham quan nổi tiếng như:<strong>&nbsp;</strong>Bảo t&agrave;ng Chứng t&iacute;ch Chiến tranh,&nbsp;Chợ Bến Th&agrave;nh, Dinh Độc Lập, Bưu điện trung t&acirc;m th&agrave;nh phố...&nbsp;</p>\r\n\r\n<p>Mỗi ph&ograve;ng tại&nbsp;kh&aacute;ch sạn A25 20 B&ugrave;i Thị Xu&acirc;n&nbsp;đều được trang bị&nbsp;đầy đủ&nbsp;<strong>điều h&ograve;a, tivi, tủ lạnh</strong>, b&agrave;n&nbsp;&nbsp;l&agrave;, m&aacute;y sấy t&oacute;c, quạt sưởi... c&ugrave;ng với hệ thống chăn, ga, gối, đệm được chọn lựa kỹ lưỡng gi&uacute;p Qu&yacute; kh&aacute;ch c&oacute; thể cảm nhận sự thoải m&aacute;i v&agrave; tiện nghi nhất khi đi du lịch hay c&ocirc;ng t&aacute;c xa nh&agrave;.</p>\r\n\r\n<p>Qu&yacute; kh&aacute;ch c&oacute; thể lựa chọn ph&ograve;ng c&oacute; 1 giường, 2 giường, thậm ch&iacute; l&agrave; ph&ograve;ng c&oacute; 3 giường t&ugrave;y theo mục đ&iacute;ch sử dụng. Đặc biệt, ph&ograve;ng căn hộ của kh&aacute;ch sạn A25 được rất&nbsp;nhiều kh&aacute;ch lựa chọn&nbsp;khi muốn lưu tr&uacute;&nbsp;d&agrave;i hạn.&nbsp;Kh&ocirc;ng gian ph&ograve;ng&nbsp;tương đối rộng lớn được chia ra như ph&ograve;ng kh&aacute;ch,&nbsp;<strong>ph&ograve;ng bếp với đầy đủ dụng cụ</strong>&nbsp;v&agrave; những ph&ograve;ng ngủ nhỏ tiện nghi, sang trọng.</p>\r\n\r\n<h2>Tiện &iacute;ch của Kh&aacute;ch sạn A25 &ndash; 20 B&ugrave;i Thị Xu&acirc;n &ndash; Quận 1</h2>\r\n\r\n<ul>\r\n	<li>B&agrave;n l&agrave;m việc</li>\r\n	<li>&nbsp;Bồn tắm</li>\r\n	<li>&nbsp;Dịch vụ dọn ph&ograve;ng</li>\r\n	<li>&nbsp;Dịch vụ đưa đ&oacute;n s&acirc;n bay</li>\r\n	<li>&nbsp;Dịch vụ giặt ủi</li>\r\n	<li>&nbsp;Dịch vụ giữ h&agrave;nh l&yacute;</li>\r\n	<li>&nbsp;Dịch vụ thu đổi ngoại tệ</li>\r\n	<li>&nbsp;Mini bar</li>\r\n	<li>&nbsp;Nh&agrave; h&agrave;ng, Khu ăn uống</li>\r\n	<li>&nbsp;Tủ lạnh</li>\r\n	<li>&nbsp;Wifi / Internet</li>\r\n	<li>&nbsp;B&atilde;i đỗ xe</li>\r\n	<li>&nbsp;Dọn ph&ograve;ng h&agrave;ng ng&agrave;y</li>\r\n	<li>&nbsp;Giặt kh&ocirc;</li>\r\n	<li>&nbsp;Wifi miễn ph&iacute;</li>\r\n</ul>\r\n\r\n<h2>Ch&iacute;nh s&aacute;ch Kh&aacute;ch sạn A25 &ndash; 20 B&ugrave;i Thị Xu&acirc;n &ndash; Quận 1</h2>\r\n\r\n<table>\r\n	<tbody>\r\n		<tr>\r\n			<td>\r\n			<p><strong>Thời gian nhận ph&ograve;ng</strong></p>\r\n			</td>\r\n			<td>\r\n			<p><strong>&nbsp;12:00</strong></p>\r\n			</td>\r\n		</tr>\r\n		<tr>\r\n			<td>\r\n			<p><strong>Thời gian trả ph&ograve;ng</strong></p>\r\n			</td>\r\n			<td>\r\n			<p><strong>&nbsp;12:00</strong></p>\r\n			</td>\r\n		</tr>\r\n		<tr>\r\n			<td>\r\n			<p><strong>Hướng dẫn di chuyển</strong></p>\r\n			</td>\r\n			<td>\r\n			<p>- Qu&yacute; kh&aacute;ch c&oacute; thể di chuyển về kh&aacute;ch sạn bằng taxi, xe bu&yacute;t hoặc sử dụng dịch vụ đưa rước s&acirc;n bay do kh&aacute;ch sạn cung cấp (c&oacute; ph&iacute;):</p>\r\n\r\n			<ul>\r\n				<li>Kh&aacute;ch sạn c&aacute;ch s&acirc;n bay T&acirc;n Sơn Nhất 29 ph&uacute;t l&aacute;i xe.</li>\r\n				<li>Kh&aacute;ch sạn c&aacute;ch Ga S&agrave;i G&ograve;n 27 ph&uacute;t đi bộ.</li>\r\n			</ul>\r\n\r\n			<p>- Qu&yacute; kh&aacute;ch c&oacute; thể tham quan c&aacute;c địa danh nổi tiếng l&acirc;n cận bằng taxi, grab, xe bu&yacute;t hoặc đi bộ:</p>\r\n\r\n			<ul>\r\n				<li>C&aacute;ch Phố T&acirc;y ba l&ocirc; Phạm Ngũ L&atilde;o&nbsp;khoảng 6 ph&uacute;t đi bộ</li>\r\n				<li>C&aacute;ch Trung t&acirc;m Thương mại Zen Plaza khoảng 6 ph&uacute;t đi bộ</li>\r\n				<li>C&aacute;ch C&ocirc;ng vi&ecirc;n Tao Đ&agrave;n 6 ph&uacute;t đi bộ.</li>\r\n				<li>C&aacute;ch C&ocirc;ng vi&ecirc;n 23 th&aacute;ng 9&nbsp; khoảng 10 ph&uacute;t đi bộ.</li>\r\n				<li>C&aacute;ch Phố đi bộ B&ugrave;i Viện 12 ph&uacute;t đi bộ.</li>\r\n				<li>C&aacute;ch Saigon Culinary Arts Centre 15&nbsp;ph&uacute;t đi bộ.</li>\r\n			</ul>\r\n			</td>\r\n		</tr>\r\n		<tr>\r\n			<td>\r\n			<p><strong>Hướng dẫn nhận ph&ograve;ng</strong></p>\r\n			</td>\r\n			<td>\r\n			<p>- Qu&yacute; kh&aacute;ch vui l&ograve;ng mang theo CMND hoặc hộ chiếu khi đến nhận ph&ograve;ng tại quầy lễ t&acirc;n kh&aacute;ch sạn&nbsp;<strong>A25 B&ugrave;i Thị Xu&acirc;n.</strong></p>\r\n\r\n			<p>- Kh&aacute;ch sạn c&oacute; thể y&ecirc;u cầu qu&yacute; kh&aacute;ch cung cấp số thẻ t&iacute;n dụng hoặc tiền đặt cọc cho c&aacute;c chi ph&iacute; ph&aacute;t sinh trong thời gian lưu tr&uacute;.</p>\r\n\r\n			<p>- Những chi ph&iacute; ph&aacute;t sinh trong qu&aacute; tr&igrave;nh lưu tr&uacute; kh&ocirc;ng được thanh to&aacute;n trong&nbsp;<em>đặt ph&ograve;ng trực tuyến</em>&nbsp;tại&nbsp;<em><strong>Vietnam Booking</strong></em>. Qu&yacute; kh&aacute;ch vui l&ograve;ng thanh to&aacute;n trực tiếp tại quầy lễ t&acirc;n kh&aacute;ch sạn.</p>\r\n\r\n			<p>- Việc qu&yacute; kh&aacute;ch nhận ph&ograve;ng sớm hay trả ph&ograve;ng muộn tuỳ theo t&igrave;nh h&igrave;nh ph&ograve;ng trống của kh&aacute;ch sạn.</p>\r\n			</td>\r\n		</tr>\r\n		<tr>\r\n			<td><strong>Tiện &iacute;ch nổi bật</strong></td>\r\n			<td>\r\n			<p><strong>NH&Agrave; H&Agrave;NG</strong></p>\r\n\r\n			<p>Nh&agrave; h&agrave;ng sang trọng chuy&ecirc;n phục vụ c&aacute;c m&oacute;n ẩm thực Việt Nam, được nhiều du kh&aacute;ch đ&aacute;nh gi&aacute; cao.</p>\r\n\r\n			<p><strong>KH&Aacute;C</strong></p>\r\n\r\n			<p>Kh&aacute;ch sạn c&ograve;n cung cấp nhiều dịch vụ tiện &iacute;ch như: Wifi miễn ph&iacute;, ăn s&aacute;ng t&ocirc; ly miễn ph&iacute;, dịch vụ đặt tour/ t&agrave;u/ xe, đưa đ&oacute;n s&acirc;n bay, cho thu&ecirc; xe đạp, dịch vụ giặt ủi, thẻ điện thoại,...</p>\r\n			</td>\r\n		</tr>\r\n	</tbody>\r\n</table>','22:24:12.544048','22:24:12.544048','images/2021/08/khach-san-A25-bui-thi-xuan-19-9-2018-300x169.jpg','20 Bùi Thị Xuân, Phường Phạm Ngũ Lão, Quận 1, Hồ Chí Minh',0,1,2,699000,3,1,1,2),(4,'Khách sạn Golden Light Đà Nẵng',1,'1900 3398','<h2>Giới thiệu Kh&aacute;ch sạn Golden Light Đ&agrave; Nẵng</h2>\r\n\r\n<p><strong>Kh&aacute;ch sạn Golden Light Đ&agrave; Nẵng</strong>&nbsp;nằm tr&ecirc;n s&aacute;t b&atilde;i biển Mỹ Kh&ecirc; - một trong những b&atilde;i biển được b&igrave;nh chọn đẹp nhất của h&agrave;nh tinh Fobles. Golden Light Hotel sẽ l&agrave; điểm dừng ch&acirc;n l&yacute; tưởng cho du kh&aacute;ch đến miền Trung Việt Nam<strong>&nbsp;</strong>tọa lạc ở vị tr&iacute; đẹp, tiện lợi: vừa&nbsp;<strong>gần biển lại ngay tại trung t&acirc;m th&agrave;nh phố.&nbsp;</strong></p>\r\n\r\n<p>Kh&aacute;ch sạn Golden Light với 50 ph&ograve;ng được thiết kế với thiết kế hiện đại v&agrave; tiện nghi sang trọng.&nbsp;<strong>Nh&agrave; h&agrave;ng&nbsp;</strong>c&oacute; sức chứa 120 kh&aacute;ch với<strong>&nbsp;thực đơn đa dạng v&agrave; phong ph&uacute;</strong>. Đội ngũ nh&acirc;n vi&ecirc;n nhiệt t&igrave;nh v&agrave; kinh nghiệm, lu&ocirc;n tu&acirc;n thủ c&aacute;c nguy&ecirc;n tắc &quot;Sự h&agrave;i l&ograve;ng của bạn l&agrave; th&agrave;nh c&ocirc;ng của ch&uacute;ng t&ocirc;i&quot;.&nbsp; Ngo&agrave;i ra, kh&aacute;ch sạn cũng cung cấp c&aacute;c dịch vụ kh&aacute;c như<strong>&nbsp;tour du lịch, giặt ủi, cho thu&ecirc; xe, c&agrave; ph&ecirc;&nbsp;</strong>.... để đ&aacute;p ứng nhu cầu cho kỳ nghỉ ho&agrave;n hảo của bạn .</p>\r\n\r\n<p>Được đ&aacute;nh gi&aacute; l&agrave; một trong những&nbsp;<strong>kh&aacute;ch sạn Đ&agrave; Nẵng</strong>&nbsp;được y&ecirc;u th&iacute;ch nhất,&nbsp;kh&aacute;ch sạn Golden Light hy vọng sẽ l&agrave; điểm đến đ&aacute;ng tin cậy của bạn v&agrave; gi&uacute;p bạn thư gi&atilde;n ho&agrave;n to&agrave;n sau kỳ nghỉ c&oacute; &yacute; nghĩa tại th&agrave;nh phố biển Đ&agrave; Nẵng thơ mộng.&nbsp;</p>\r\n\r\n<h2>Tiện &iacute;ch của Kh&aacute;ch sạn Golden Light Đ&agrave; Nẵng</h2>\r\n\r\n<ul>\r\n	<li>B&atilde;i đậu xe &ocirc; t&ocirc; tại kh&aacute;ch sạn</li>\r\n	<li>&nbsp;B&agrave;n l&agrave;m việc</li>\r\n	<li>&nbsp;Bar/Club/Pub</li>\r\n	<li>&nbsp;Bồn tắm</li>\r\n	<li>&nbsp;Cho thu&ecirc; xe</li>\r\n	<li>&nbsp;Cửa sổ mở</li>\r\n	<li>&nbsp;Dịch vụ b&aacute;o thức</li>\r\n	<li>&nbsp;Dịch vụ cho thu&ecirc; xe đạp</li>\r\n	<li>&nbsp;Dịch vụ cho thu&ecirc; xe m&aacute;y</li>\r\n	<li>&nbsp;Dịch vụ dọn ph&ograve;ng</li>\r\n	<li>&nbsp;Dịch vụ đưa đ&oacute;n s&acirc;n bay</li>\r\n	<li>&nbsp;Dịch vụ giặt ủi</li>\r\n	<li>&nbsp;Dịch vụ giữ h&agrave;nh l&yacute;</li>\r\n	<li>&nbsp;Dịch vụ thu đổi ngoại tệ</li>\r\n	<li>&nbsp;Hệ thống b&aacute;o ch&aacute;y</li>\r\n	<li>&nbsp;Mini bar</li>\r\n	<li>&nbsp;Mở cửa 24/7</li>\r\n	<li>&nbsp;Nh&agrave; h&agrave;ng, Khu ăn uống</li>\r\n	<li>&nbsp;Ph&ograve;ng gia đ&igrave;nh</li>\r\n	<li>&nbsp;Ph&ograve;ng họp</li>\r\n	<li>&nbsp;Ph&ograve;ng h&uacute;t thuốc</li>\r\n	<li>&nbsp;Phục vụ ph&ograve;ng</li>\r\n	<li>&nbsp;Quầy lễ t&acirc;n 24h</li>\r\n	<li>&nbsp;Thang m&aacute;y</li>\r\n	<li>&nbsp;Tr&agrave;/C&agrave; ph&ecirc; miễn ph&iacute;</li>\r\n	<li>&nbsp;Truyền h&igrave;nh vệ tinh / c&aacute;p</li>\r\n	<li>&nbsp;Tủ lạnh</li>\r\n	<li>&nbsp;Wifi / Internet</li>\r\n	<li>&nbsp;Connecting Rooms</li>\r\n</ul>\r\n\r\n<h2>Ch&iacute;nh s&aacute;ch Kh&aacute;ch sạn Golden Light Đ&agrave; Nẵng</h2>\r\n\r\n<table>\r\n	<tbody>\r\n		<tr>\r\n			<td>\r\n			<p><strong>Thời gian nhận ph&ograve;ng</strong></p>\r\n			</td>\r\n			<td>\r\n			<p><strong>14h00</strong></p>\r\n			</td>\r\n		</tr>\r\n		<tr>\r\n			<td>\r\n			<p><strong>Thời gian trả ph&ograve;ng</strong></p>\r\n			</td>\r\n			<td>\r\n			<p><strong>12h00</strong></p>\r\n			</td>\r\n		</tr>\r\n		<tr>\r\n			<td>\r\n			<p><strong>Vị tr&iacute; kh&aacute;ch sạn</strong></p>\r\n			</td>\r\n			<td>\r\n			<p><strong>Kh&aacute;ch sạn Golden Light:</strong></p>\r\n\r\n			<p><br />\r\n			-C&aacute;ch biển 3 ph&uacute;t đi bộ</p>\r\n\r\n			<p>-C&aacute;ch cầu S&ocirc;ng H&agrave;n v&agrave; Bảo t&agrave;ng Chăm: 1,8 km v&agrave; 2,4 km.</p>\r\n\r\n			<p>-C&aacute;ch b&atilde;i biển Mỹ An: 3,2 km.</p>\r\n\r\n			<p>-C&aacute;chS&acirc;n bay gần nhất l&agrave; S&acirc;n bay Quốc tế Đ&agrave; Nẵng: 5 km.</p>\r\n\r\n			<p>-C&aacute;ch Ngũ H&agrave;nh Sơn: 7.5 km</p>\r\n\r\n			<p>&nbsp;</p>\r\n			</td>\r\n		</tr>\r\n		<tr>\r\n			<td>\r\n			<p><strong>Hướng dẫn nhận ph&ograve;ng</strong></p>\r\n			</td>\r\n			<td>\r\n			<p>&nbsp; Qu&yacute; kh&aacute;ch vui l&ograve;ng xuất tr&igrave;nh Hộ chiếu/CMND v&agrave; Phiếu nhận ph&ograve;ng khi nhận ph&ograve;ng tại kh&aacute;ch sạn.</p>\r\n\r\n			<p>&nbsp;(Kh&aacute;ch sạn c&oacute; thể sẽ y&ecirc;u cầu Qu&yacute; kh&aacute;ch số thẻ t&iacute;n dụng hoặc tiền đặt cọc cho c&aacute;c dịch vụ ph&aacute;t sinh trong thời gian lưu tr&uacute; của Qu&yacute; kh&aacute;ch)</p>\r\n			</td>\r\n		</tr>\r\n		<tr>\r\n			<td>\r\n			<p><strong>Ch&iacute;nh s&aacute;ch trẻ em</strong></p>\r\n			</td>\r\n			<td>\r\n			<p>- EXTRA BEB : Phụ thu 200.000 đồng</p>\r\n\r\n			<p>- Trẻ em dưới 6 tuổi miễn ph&iacute;; Trẻ em từ 6 tuổi đến 11 tuổi phụ thu 80.000 đồng/b&eacute;</p>\r\n\r\n			<p>- Từ 12 tuổi trở l&ecirc;n, t&iacute;nh như người lớn, phụ thu ngủ gh&eacute;p 150.000 đồng/kh&aacute;ch</p>\r\n			</td>\r\n		</tr>\r\n	</tbody>\r\n</table>','22:28:35.649114','22:28:35.649114','images/2021/08/khach-san-golden-light-278x300.jpg','157-159 Hồ Nghinh, phường Phước Mỹ, quận Sơn Trà, Đà Nẵng',0,1,4,748000,3,2,2,3),(5,'Khách sạn Chillax Heritage Thái Lan',1,'1900 3398','<h2>Giới thiệu Kh&aacute;ch sạn Chillax Heritage Th&aacute;i Lan</h2>\r\n\r\n<p><strong>Kh&aacute;ch sạn Chillax Heritage Th&aacute;i Lan</strong>&nbsp;l&agrave; một kh&aacute;ch sạn 4 sao tiện nghi, hiện đại với lối thiết kế hiện đại của t&ocirc;ng m&agrave;u trung t&iacute;nh mang đến cảm gi&aacute;c dịu &ecirc;m, thư gi&atilde;n cho du kh&aacute;ch khi đến đ&acirc;y. Sảnh kh&aacute;ch sạn được bố tr&iacute; những chiếc ghế d&agrave;i v&agrave; tinh tế đặt những vật dụng trang tr&iacute; h&igrave;nh của những ng&ocirc;i ch&ugrave;a cổ Th&aacute;i Lan. Mỗi ph&ograve;ng ngủ đều rộng r&atilde;i v&agrave; được trang bị đầy đủ c&aacute;c tiện nghi hiện đại, sạch sẽ.&nbsp;</p>\r\n\r\n<p>Tại Chillax Heritage cũng cung cấp đến cho du kh&aacute;ch hai tiện &iacute;ch l&agrave; một kh&ocirc;ng gian nh&agrave; h&agrave;ng rộng r&atilde;i, ấm c&uacute;ng phục vụ c&aacute;c m&oacute;n buffet s&aacute;ng cho những du kh&aacute;ch lưu tr&uacute; tại đ&acirc;y. B&ecirc;n cạnh đ&oacute;, hệ thống hồ bơi ngo&agrave;i trời đặt tr&ecirc;n tầng thượng cũng sẽ rất ấn tượng với du kh&aacute;ch. Từ đ&acirc;y bạn c&oacute; thể vừa bơi vừa thưởng thức những dư vị của đường phố Th&aacute;i Lan qua tầm nh&igrave;n vừa đủ để c&oacute; thể nh&igrave;n r&otilde; mọi thứ. Kh&aacute;ch sạn Chillax Heritage l&agrave; một trong những<strong>&nbsp;kh&aacute;ch sạn được y&ecirc;u th&iacute;ch nhất Th&aacute;i Lan.</strong></p>\r\n\r\n<p>Li&ecirc;n hệ&nbsp;<strong>Viet Nam Booking</strong>&nbsp;để đặt ph&ograve;ng v&agrave; nhận ngay ưu đ&atilde;i v&ocirc; c&ugrave;ng hấp dẫn. Nếu qu&yacute; kh&aacute;ch c&oacute; bất kỳ thắc mắc hoặc tư vấn về dịch vụ ph&ograve;ng vui l&ograve;ng li&ecirc;n hệ tổng đ&agrave;i ch&uacute;ng t&ocirc;i.</p>\r\n\r\n<h2>Tiện &iacute;ch của Kh&aacute;ch sạn Chillax Heritage Th&aacute;i Lan</h2>\r\n\r\n<ul>\r\n	<li>&nbsp;Dịch vụ giặt ủi</li>\r\n	<li>&nbsp;Dịch vụ giữ h&agrave;nh l&yacute;</li>\r\n	<li>&nbsp;Hồ bơi</li>\r\n	<li>&nbsp;Hồ bơi ngo&agrave;i trời</li>\r\n	<li>&nbsp;M&aacute;y Fax/M&aacute;y in</li>\r\n	<li>&nbsp;Ph&ograve;ng tập thể dục</li>\r\n	<li>&nbsp;Quầy lễ t&acirc;n 24h</li>\r\n	<li>&nbsp;Thang m&aacute;y</li>\r\n	<li>&nbsp;Wifi / Internet</li>\r\n	<li>&nbsp;Dọn ph&ograve;ng h&agrave;ng ng&agrave;y</li>\r\n	<li>&nbsp;Wifi miễn ph&iacute;</li>\r\n	<li>&nbsp;Nh&agrave; h&agrave;ng</li>\r\n	<li>&nbsp;Đội ngũ nh&acirc;n vi&ecirc;n đa ng&ocirc;n ngữ</li>\r\n	<li>&nbsp;Ph&ograve;ng kh&ocirc;ng h&uacute;t thuốc</li>\r\n	<li>&nbsp;Điều h&ograve;a</li>\r\n</ul>\r\n\r\n<h2>Ch&iacute;nh s&aacute;ch Kh&aacute;ch sạn Chillax Heritage Th&aacute;i Lan</h2>\r\n\r\n<table border=\"0\" cellpadding=\"0\" cellspacing=\"0\">\r\n	<tbody>\r\n		<tr>\r\n			<td>\r\n			<p><strong>Giờ nhận ph&ograve;ng</strong></p>\r\n			</td>\r\n			<td>\r\n			<p>14:00</p>\r\n			</td>\r\n		</tr>\r\n		<tr>\r\n			<td>\r\n			<p><strong>Giờ trả ph&ograve;ng</strong></p>\r\n			</td>\r\n			<td>\r\n			<p>12:00</p>\r\n			</td>\r\n		</tr>\r\n		<tr>\r\n			<td>\r\n			<p><strong>Hướng dẫn di chuyển</strong></p>\r\n			</td>\r\n			<td>\r\n			<p>Qu&yacute; kh&aacute;ch c&oacute; thể di chuyển đến&nbsp;<strong>Kh&aacute;ch sạn Chillax Heritage Th&aacute;i Lan</strong>&nbsp;bằng c&aacute;c phương tiện sau:</p>\r\n\r\n			<ul>\r\n				<li>M&aacute;y bay: Cách s&acirc;n bay Suvarnabhumi 28,8 km</li>\r\n			</ul>\r\n\r\n			<p>Từ kh&aacute;ch sạn, qu&yacute; kh&aacute;ch c&oacute; thể tham quan c&aacute;c địa điểm du lịch nổi tiếng Th&aacute;i Lan với khoảng c&aacute;ch:</p>\r\n\r\n			<ul>\r\n				<li>UNICEF Thailand 0,1 km&nbsp;</li>\r\n				<li>Bến t&agrave;u Phra Arthit 0,2 km&nbsp;</li>\r\n				<li>Ch&ugrave;a Wat Chana Song Khram 0,2 km&nbsp;</li>\r\n				<li>Somdet Phra Pinklao Bridge 0,3 km&nbsp;</li>\r\n				<li>C&ocirc;ng vi&ecirc;n Santichiprakan 0,3 km&nbsp;</li>\r\n				<li>Ph&ograve;ng trưng b&agrave;y Quốc gia 0,3 km</li>\r\n				<li>Trường đại học Thammasat 0,5 km&nbsp;</li>\r\n				<li>Bangkok National Museum 0,5 km</li>\r\n				<li>Đường Khao San 0,5 km&nbsp;</li>\r\n				<li>Chợ đ&ecirc;m Khao San Road Night Market 0,5 km</li>\r\n				<li>Ch&ugrave;a Phật Ngọc 1,1 km&nbsp;</li>\r\n				<li>Cung điện Ho&agrave;ng gia 1,3 km&nbsp;</li>\r\n				<li>Ch&ugrave;a N&uacute;i V&agrave;ng 1,7 km&nbsp;</li>\r\n				<li>Ch&ugrave;a B&igrave;nh Minh 2,1 km&nbsp;</li>\r\n				<li>Cung điện Dusit 2,5 km&nbsp;</li>\r\n				<li>Trung t&acirc;m mua sắm Siam Discovery 4,1 km&nbsp;</li>\r\n				<li>Trung t&acirc;m văn h&oacute;a &amp; nghệ thuật Bangkok 4,3 km&nbsp;</li>\r\n				<li>Trung t&acirc;m mua sắm MBK 4,4 km&nbsp;</li>\r\n				<li>Thủy cung SEA LIFE Bangkok Ocean World 4,8 km&nbsp;</li>\r\n				<li>Trung t&acirc;m mua sắm Central Embassy 6 km</li>\r\n			</ul>\r\n			</td>\r\n		</tr>\r\n		<tr>\r\n			<td>\r\n			<p><strong>Hướng dẫn nhận ph&ograve;ng</strong></p>\r\n			</td>\r\n			<td>\r\n			<ul>\r\n				<li>Qu&yacute; kh&aacute;ch vui l&ograve;ng mang theo CMND hoặc hộ chiếu khi đến nhận ph&ograve;ng tại quầy lễ t&acirc;n&nbsp;<strong>Kh&aacute;ch sạn Chillax Heritage Th&aacute;i Lan</strong>.&nbsp;</li>\r\n				<li>Kh&aacute;ch sạn c&oacute; thể y&ecirc;u cầu qu&yacute; kh&aacute;ch cung cấp số thẻ t&iacute;n dụng hoặc tiền đặt cọc cho c&aacute;c chi ph&iacute; ph&aacute;t sinh trong thời gian lưu tr&uacute;.&nbsp;</li>\r\n				<li>Những chi ph&iacute; ph&aacute;t sinh trong qu&aacute; tr&igrave;nh lưu tr&uacute; kh&ocirc;ng được thanh to&aacute;n trong đặt ph&ograve;ng trực tuyến tại Vietnam Booking. Qu&yacute; kh&aacute;ch vui l&ograve;ng thanh to&aacute;n trực tiếp tại quầy lễ t&acirc;n kh&aacute;ch sạn.</li>\r\n			</ul>\r\n			</td>\r\n		</tr>\r\n		<tr>\r\n			<td>\r\n			<p><strong>C&aacute;c hoạt động giải tr&iacute; tại kh&aacute;ch sạn</strong></p>\r\n			</td>\r\n			<td>\r\n			<p><strong>1. HỒ BƠI</strong></p>\r\n\r\n			<p>Hồ bơi được đặt tr&ecirc;n s&acirc;n thượng mang đến một tầm nh&igrave;n vừa đủ tới đường phố Th&aacute;i Lan.&nbsp;</p>\r\n\r\n			<p><strong>2. NH&Agrave; H&Agrave;NG</strong></p>\r\n\r\n			<p>Nh&agrave; h&agrave;ng đặt tại sảnh kh&aacute;ch sạn phục vụ buffet s&aacute;ng c&ugrave;ng c&aacute;c loại nước uống đơn giản tốt cho sức khỏe.&nbsp;</p>\r\n			</td>\r\n		</tr>\r\n		<tr>\r\n			<td>\r\n			<p><strong>Ch&iacute;nh s&aacute;ch phụ thu</strong></p>\r\n			</td>\r\n			<td>&nbsp;</td>\r\n		</tr>\r\n	</tbody>\r\n</table>','16:28:28.972301','22:08:33.562897','images/2021/08/khach-san-Chillax-Heritage-thai-lan-9-300x169.jpg','10, Phra Athit Rd, Chana Songkhram, Phra Nakhon, Bangkok',0,2,5,0,4,3,3,4);
/*!40000 ALTER TABLE `tourbooking_hotel` ENABLE KEYS */;
UNLOCK TABLES;

--
-- Table structure for table `tourbooking_imageshotel`
--

DROP TABLE IF EXISTS `tourbooking_imageshotel`;
/*!40101 SET @saved_cs_client     = @@character_set_client */;
/*!50503 SET character_set_client = utf8mb4 */;
CREATE TABLE `tourbooking_imageshotel` (
  `id` bigint NOT NULL AUTO_INCREMENT,
  `image` varchar(100) COLLATE utf8mb4_unicode_ci NOT NULL,
  `date_add` time(6) NOT NULL,
  `date_update` time(6) NOT NULL,
  `hotel_id` bigint DEFAULT NULL,
  `user_id` bigint DEFAULT NULL,
  PRIMARY KEY (`id`),
  KEY `tourbooking_imagesho_hotel_id_5ec4f4d8_fk_tourbooki` (`hotel_id`),
  KEY `tourbooking_imageshotel_user_id_99268514_fk_tourbooking_user_id` (`user_id`),
  CONSTRAINT `tourbooking_imagesho_hotel_id_5ec4f4d8_fk_tourbooki` FOREIGN KEY (`hotel_id`) REFERENCES `tourbooking_hotel` (`id`),
  CONSTRAINT `tourbooking_imageshotel_user_id_99268514_fk_tourbooking_user_id` FOREIGN KEY (`user_id`) REFERENCES `tourbooking_user` (`id`)
) ENGINE=InnoDB DEFAULT CHARSET=utf8mb4 COLLATE=utf8mb4_unicode_ci;
/*!40101 SET character_set_client = @saved_cs_client */;

--
-- Dumping data for table `tourbooking_imageshotel`
--

LOCK TABLES `tourbooking_imageshotel` WRITE;
/*!40000 ALTER TABLE `tourbooking_imageshotel` DISABLE KEYS */;
/*!40000 ALTER TABLE `tourbooking_imageshotel` ENABLE KEYS */;
UNLOCK TABLES;

--
-- Table structure for table `tourbooking_imagestravel`
--

DROP TABLE IF EXISTS `tourbooking_imagestravel`;
/*!40101 SET @saved_cs_client     = @@character_set_client */;
/*!50503 SET character_set_client = utf8mb4 */;
CREATE TABLE `tourbooking_imagestravel` (
  `id` bigint NOT NULL AUTO_INCREMENT,
  `image` varchar(100) COLLATE utf8mb4_unicode_ci NOT NULL,
  `date_add` time(6) NOT NULL,
  `date_update` time(6) NOT NULL,
  `travel_id` bigint DEFAULT NULL,
  `user_id` bigint DEFAULT NULL,
  PRIMARY KEY (`id`),
  KEY `tourbooking_imagestr_travel_id_c8a0bd4e_fk_tourbooki` (`travel_id`),
  KEY `tourbooking_imagestravel_user_id_b04444d9_fk_tourbooking_user_id` (`user_id`),
  CONSTRAINT `tourbooking_imagestr_travel_id_c8a0bd4e_fk_tourbooki` FOREIGN KEY (`travel_id`) REFERENCES `tourbooking_travel` (`id`),
  CONSTRAINT `tourbooking_imagestravel_user_id_b04444d9_fk_tourbooking_user_id` FOREIGN KEY (`user_id`) REFERENCES `tourbooking_user` (`id`)
) ENGINE=InnoDB DEFAULT CHARSET=utf8mb4 COLLATE=utf8mb4_unicode_ci;
/*!40101 SET character_set_client = @saved_cs_client */;

--
-- Dumping data for table `tourbooking_imagestravel`
--

LOCK TABLES `tourbooking_imagestravel` WRITE;
/*!40000 ALTER TABLE `tourbooking_imagestravel` DISABLE KEYS */;
/*!40000 ALTER TABLE `tourbooking_imagestravel` ENABLE KEYS */;
UNLOCK TABLES;

--
-- Table structure for table `tourbooking_location`
--

DROP TABLE IF EXISTS `tourbooking_location`;
/*!40101 SET @saved_cs_client     = @@character_set_client */;
/*!50503 SET character_set_client = utf8mb4 */;
CREATE TABLE `tourbooking_location` (
  `id` bigint NOT NULL AUTO_INCREMENT,
  `name` varchar(100) COLLATE utf8mb4_unicode_ci NOT NULL,
  PRIMARY KEY (`id`)
) ENGINE=InnoDB AUTO_INCREMENT=6 DEFAULT CHARSET=utf8mb4 COLLATE=utf8mb4_unicode_ci;
/*!40101 SET character_set_client = @saved_cs_client */;

--
-- Dumping data for table `tourbooking_location`
--

LOCK TABLES `tourbooking_location` WRITE;
/*!40000 ALTER TABLE `tourbooking_location` DISABLE KEYS */;
INSERT INTO `tourbooking_location` VALUES (1,'Ban Mê Thuột'),(2,'Hồ Chí Minh'),(3,'Hà Nội'),(4,'Đà Nẵng'),(5,'Bangkok');
/*!40000 ALTER TABLE `tourbooking_location` ENABLE KEYS */;
UNLOCK TABLES;

--
-- Table structure for table `tourbooking_news`
--

DROP TABLE IF EXISTS `tourbooking_news`;
/*!40101 SET @saved_cs_client     = @@character_set_client */;
/*!50503 SET character_set_client = utf8mb4 */;
CREATE TABLE `tourbooking_news` (
  `id` bigint NOT NULL AUTO_INCREMENT,
  `name` varchar(100) COLLATE utf8mb4_unicode_ci NOT NULL,
  `views` int NOT NULL,
  `status` tinyint(1) NOT NULL,
  `content` longtext COLLATE utf8mb4_unicode_ci NOT NULL,
  `date_add` time(6) NOT NULL,
  `date_update` time(6) NOT NULL,
  `image` varchar(100) COLLATE utf8mb4_unicode_ci NOT NULL,
  `user_id` bigint DEFAULT NULL,
  PRIMARY KEY (`id`),
  KEY `tourbooking_news_user_id_2796b030_fk_tourbooking_user_id` (`user_id`),
  CONSTRAINT `tourbooking_news_user_id_2796b030_fk_tourbooking_user_id` FOREIGN KEY (`user_id`) REFERENCES `tourbooking_user` (`id`)
) ENGINE=InnoDB AUTO_INCREMENT=3 DEFAULT CHARSET=utf8mb4 COLLATE=utf8mb4_unicode_ci;
/*!40101 SET character_set_client = @saved_cs_client */;

--
-- Dumping data for table `tourbooking_news`
--

LOCK TABLES `tourbooking_news` WRITE;
/*!40000 ALTER TABLE `tourbooking_news` DISABLE KEYS */;
INSERT INTO `tourbooking_news` VALUES (1,'[MỚI] Trọn bộ kinh nghiệm du lịch Quy Nhơn tháng 6',0,1,'<p>Quy Nhơn được mệnh danh l&agrave; một trong những th&agrave;nh phố biển đẹp nhất Việt Nam với những b&atilde;i biển cong quyến rũ. Thời điểm đến Quy Nhơn đẹp nhất ch&iacute;nh l&agrave; v&agrave;o m&ugrave;a h&egrave; với những tia nắng v&agrave;ng rực rỡ c&ugrave;ng l&agrave;n nước biển xanh biếc. Nếu bạn đang c&oacute; dự định đi&nbsp;<strong>du lịch Quy Nhơn th&aacute;ng 6&nbsp;</strong>n&agrave;y th&igrave; h&atilde;y xem ngay b&agrave;i viết chia sẻ cực kỳ&nbsp;hữu &iacute;ch của Vietnam Booking dưới đ&acirc;y nh&eacute;</p>\r\n\r\n<p>&nbsp;</p>\r\n\r\n<h2><a id=\"type1\" name=\"type1\"><strong>Thời tiết Quy Nhơn th&aacute;ng 6 như thế n&agrave;o?</strong></a></h2>\r\n\r\n<p>Quy Nhơn nằm ở dải đất miền Trung của Việt Nam n&ecirc;n thời tiết sẽ c&oacute; 2 m&ugrave;a quen thuộc l&agrave; m&ugrave;a mưa v&agrave; m&ugrave;a kh&ocirc;. M&ugrave;a mưa thường k&eacute;o d&agrave;i từ th&aacute;ng 10 đến th&aacute;ng 2 v&agrave; m&ugrave;a kh&ocirc; thường k&eacute;o d&agrave;i từ đầu th&aacute;ng 3 đến th&aacute;ng 9. Thời điểm th&aacute;ng 6 rơi v&agrave;o đỉnh điểm m&ugrave;a kh&ocirc; n&ecirc;n tiết trời l&uacute;c n&agrave;y cực kỳ nắng n&oacute;ng với nhiệt độ từ<strong>&nbsp;30 - 350C</strong>.&nbsp;</p>\r\n\r\n<p><img alt=\"Du lịch Quy Nhơn tháng 6\" src=\"https://www.vietnambooking.com/wp-content/uploads/2021/05/du-lich-quy-nhon-thang-6-3.jpg\" style=\"height:668px; width:620px\" title=\"Du lịch Quy Nhơn tháng 6\" /></p>\r\n\r\n<p><em>Th&aacute;ng 6 m&ugrave;a h&egrave; l&agrave; thời gian gh&eacute; thăm Quy Nhơn đẹp nhất | Ảnh: Sưu tầm</em></p>\r\n\r\n<p>Tuy thời tiết nắng gắt nhưng đ&acirc;y lại l&agrave; khoảng thời gian biển đảo Quy Nhơn v&agrave;o m&ugrave;a đẹp nhất. Biển Quy Nhơn th&aacute;ng 6 s&oacute;ng rất &ecirc;m v&agrave; l&agrave;n nước trong xanh như ngọc. Ng&acirc;m m&igrave;nh trong l&agrave;n nước biển m&aacute;t rượi để giải tỏa cơn n&oacute;ng m&ugrave;a h&egrave; th&igrave; kh&ocirc;ng c&ograve;n g&igrave; tuyệt bằng đ&uacute;ng kh&ocirc;ng n&agrave;o?</p>\r\n\r\n<h2><a id=\"type2\" name=\"type2\"><strong>Quy Nhơn th&aacute;ng 6 c&oacute; g&igrave; hấp dẫn?</strong></a></h2>\r\n\r\n<h3><strong>Ngất ng&acirc;y với b&atilde;i biển đẹp si&ecirc;u l&ograve;ng</strong></h3>\r\n\r\n<p>Gh&eacute; thăm Quy Nhơn th&aacute;ng 6, bạn sẽ được ch&igrave;m đắm v&agrave;o trong những cảnh đẹp n&ecirc;n thơ của những b&atilde;i biển c&aacute;t trắng c&ugrave;ng l&agrave;n nước trong vắt. Biển Quy Nhơn m&ugrave;a n&agrave;y &iacute;t s&oacute;ng n&ecirc;n bạn c&oacute; thể thỏa th&iacute;ch chơi biển v&agrave; nằm phơi m&igrave;nh tr&ecirc;n b&atilde;i c&aacute;t mịn m&agrave;ng để tắm nắng. Tận hưởng cơn gi&oacute; biển m&aacute;t rượi sẽ gi&uacute;p bạn qu&ecirc;n đi mọi muộn phiền.&nbsp;</p>\r\n\r\n<p><img alt=\"Du lịch Quy Nhơn tháng 3\" src=\"https://www.vietnambooking.com/wp-content/uploads/2021/05/du-lich-quy-nhon-thang-6-2.jpg\" style=\"height:700px; width:620px\" title=\"Du lịch Quy Nhơn tháng 3\" /></p>\r\n\r\n<p><em>Biển Kỳ Co ng&agrave;y h&egrave; đẹp tựa thi&ecirc;n đường hạ giới&nbsp;| Ảnh: Sưu tầm</em></p>\r\n\r\n<p>Một trong những b&atilde;i biển đẹp nhất Quy Nhơn m&agrave; bạn nhất định phải đến ch&iacute;nh l&agrave; biển Kỳ Co. Được bảo bọc bởi hai v&aacute;ch n&uacute;i n&ecirc;n&nbsp;<strong>biển Kỳ Co</strong>&nbsp;s&oacute;ng rất nhẹ n&ecirc;n bạn c&oacute; thể tắm biển v&agrave; tham gia c&aacute;c tr&ograve; chơi tr&ecirc;n biển: lặn ngắm san h&ocirc;, cano, thuyền chuối,....Ngo&agrave;i ra,&nbsp;<em>du lịch Quy Nhơn th&aacute;ng 6</em>&nbsp;bạn cũng c&oacute; thể gh&eacute; thăm một số b&atilde;i biển đẹp kh&aacute;c của Quy Nhơn như: H&ograve;n Kh&ocirc;, Trung Lương, C&ugrave; Lao Xanh,...</p>\r\n\r\n<h3><strong>Thỏa th&iacute;ch vui chơi với những điểm đến hấp dẫn</strong></h3>\r\n\r\n<p>Thời tiết th&aacute;ng 6 nắng r&aacute;o rất th&iacute;ch hợp để bạn vui chơi tại c&aacute;c điểm đến hấp dẫn của Quy Nhơn. Nếu bạn đi c&ugrave;ng gia đ&igrave;nh th&igrave; c&oacute; đến tham quan&nbsp;<em>vườn th&uacute; FLC</em>&nbsp;với những lo&agrave;i động vật đa dạng tr&ecirc;n khắp thế giới. Hoặc bạn cũng c&oacute; thể c&ugrave;ng gia đ&igrave;nh v&agrave; đồng bọn cắm trại qua đ&ecirc;m tại&nbsp;<strong>khu d&atilde; ngoại Trung Lương</strong>&nbsp;để tận hưởng vẻ đẹp n&uacute;i rừng biển cả h&ograve;a quyện v&agrave;o nhau.</p>\r\n\r\n<p><img alt=\"Du lịch Quy Nhơn tháng 6\" src=\"https://www.vietnambooking.com/wp-content/uploads/2021/05/du-lich-quy-nhon-thang-6-1.jpg\" style=\"height:620px; width:620px\" title=\"Du lịch Quy Nhơn tháng 6\" /><em>Check in kỳ quan thi&ecirc;n nhi&ecirc;n Eo Gi&oacute; | Ảnh:&nbsp;mellowdeyyy</em></p>\r\n\r\n<p>V&agrave; tất nhi&ecirc;n đến Quy Nhơn th&igrave; kh&ocirc;ng thể thiếu những tấm h&igrave;nh check - in tại danh thắng&nbsp;<strong>Eo Gi&oacute;&nbsp;</strong>đ&igrave;nh đ&aacute;m rồi đ&uacute;ng kh&ocirc;ng n&agrave;o? Những con đường ven eo biển dưới nắng h&egrave; sẽ l&agrave; khung h&igrave;nh cực xịn cho bộ ảnh du h&iacute; Quy Nhơn của bạn đấy.</p>\r\n\r\n<p>B&ecirc;n cạnh đ&oacute;, bạn c&oacute; thể gh&eacute; thăm một số điểm đến văn h&oacute;a - t&acirc;m linh như:&nbsp;<em>mộ H&agrave;n Mặc Tử, ch&ugrave;a Thi&ecirc;n Hưng, ch&ugrave;a &Ocirc;ng N&uacute;i, những t&ograve;a th&aacute;p Chăm độc đ&aacute;o&nbsp;(Th&aacute;p Đ&ocirc;i, Th&aacute;p B&aacute;nh &Iacute;t),...&nbsp;</em></p>\r\n\r\n<p><img alt=\"Du lịch Quy Nhơn tháng 6\" src=\"https://www.vietnambooking.com/wp-content/uploads/2021/05/du-lich-quy-nhon-thang-6.jpg\" style=\"height:700px; width:620px\" title=\"Du lịch Quy Nhơn tháng 6\" /></p>\r\n\r\n<p><em>Gh&eacute; thăm ch&ugrave;a &Ocirc;ng N&uacute;i với tọa lạc tr&ecirc;n đỉnh n&uacute;i | Ảnh: @manhtienkhoi_</em></p>\r\n\r\n<h3><strong>Đ&atilde; th&egrave;m với cơn lốc hải sản m&ugrave;a h&egrave;</strong></h3>\r\n\r\n<p>M&ugrave;a h&egrave; thời tiết đẹp cũng l&agrave; thời gian người d&acirc;n Quy Nhơn ra biển đ&aacute;nh bắt v&agrave; mang về những loại hải sản tươi ngon. Đến&nbsp;<strong>du lịch Quy Nhơn th&aacute;ng 6</strong>, bạn sẽ giải tỏa cơn th&egrave;m với v&ocirc; v&agrave;n những m&oacute;n ngon hải sản như:&nbsp;<em>ốc v&uacute; n&agrave;ng, t&ocirc;m h&ugrave;m, nhum biển, ghẹ xanh,...</em>Ngo&agrave;i ra, Quy Nhơn cũng c&oacute; nhiều&nbsp;m&oacute;n đặc sản để bạn tha hồ thưởng thức&nbsp;như:&nbsp;<em>b&uacute;n ốc, b&aacute;nh x&egrave;o t&ocirc;m nhảy, b&aacute;nh hỏi l&ograve;ng heo,...</em></p>\r\n\r\n<p><img alt=\"Du lịch Quy Nhơn tháng 6\" src=\"https://www.vietnambooking.com/wp-content/uploads/2021/05/du-lich-quy-nhon-thang-6-6.jpg\" style=\"height:465px; width:620px\" title=\"Du lịch Quy Nhơn tháng 6\" /><em>Ẩm thực Quy Nhơn lu&ocirc;n khiến du kh&aacute;ch ấn tượng kh&oacute; qu&ecirc;n | Ảnh: Sưu tầm</em></p>\r\n\r\n<h2><a id=\"type3\" name=\"type3\"><strong>Kinh nghiệm đi Quy Nhơn th&aacute;ng 6 hữu &iacute;ch</strong></a></h2>\r\n\r\n<h3><strong>Phương tiện di chuyển</strong></h3>\r\n\r\n<p>Quy Nhơn l&agrave; một th&agrave;nh phố lớn tại miền Trung v&agrave; l&agrave; đầu nối giao th&ocirc;ng quan trọng n&ecirc;n bạn c&oacute; thể lựa chọn rất nhiều phương tiện để đến đ&acirc;y. Nếu bạn dư dả thời gian v&agrave; muốn tiết kiệm chi ph&iacute; th&igrave; c&oacute; thể đi xe kh&aacute;ch với mức gi&aacute; từ 250.000đ - 300.000đ cho tuyến S&agrave;i G&ograve;n - Quy Nhơn. Hoặc bạn c&oacute; thể đi m&aacute;y bay đến&nbsp;<strong>s&acirc;n bay Ph&ugrave; C&aacute;t</strong>&nbsp;nằm c&aacute;ch th&agrave;nh phố Quy Nhơn khoảng 36km. V&igrave; th&aacute;ng 6 l&agrave; m&ugrave;a du lịch biển n&ecirc;n c&aacute;c h&atilde;ng h&agrave;ng kh&ocirc;ng đều c&oacute; những chương tr&igrave;nh ưu đ&atilde;i&nbsp;<strong><a href=\"https://www.vietnambooking.com/ve-may-bay/ve-may-bay-di-quy-nhon-uih.html\">v&eacute; m&aacute;y bay&nbsp;gi&aacute; rẻ đi Quy Nhơn</a></strong>.</p>\r\n\r\n<p><img alt=\"Du lịch Quy Nhơn tháng 6\" src=\"https://www.vietnambooking.com/wp-content/uploads/2021/05/du-lich-quy-nhon-thang-6-4.jpg\" style=\"height:466px; width:620px\" title=\"Du lịch Quy Nhơn tháng 6\" /><em>Trải nghiệm ngồi t&agrave;u hỏa cực th&uacute; vị khi đi Quy Nhơn | Ảnh: Tạ Xu&acirc;n Hương</em></p>\r\n\r\n<p>Ngo&agrave;i những phương tiện tr&ecirc;n, bạn c&oacute; thể ngồi xe lửa đến Quy Nhơn để trải nghiệm một h&agrave;nh tr&igrave;nh mới lạ hơn. Nếu bạn l&agrave; một th&iacute;ch kh&aacute;m ph&aacute; v&agrave; ưa mạo hiểm th&igrave; c&oacute; thể thả hồn phi&ecirc;u l&atilde;ng bằng c&aacute;ch đi phượt. Cung đường phượt S&agrave;i G&ograve;n đến Quy Nhơn d&agrave;i hơn 600km với rất nhiều cảnh đẹp.</p>\r\n\r\n<h3><strong>Kh&aacute;ch sạn</strong></h3>\r\n\r\n<p>Đi du lịch biển&nbsp;th&aacute;ng 6 th&igrave; bạn n&ecirc;n đặt kh&aacute;ch sạn sớm để tr&aacute;nh ch&aacute;y ph&ograve;ng v&igrave; đ&acirc;y l&agrave; m&ugrave;a cao điểm. Theo kinh nghiệm đi du lịch Quy Nhơn của Vietnam Booking, bạn n&ecirc;n đặt kh&aacute;ch sạn &iacute;t nhất trước 1 tuần để đảm bảo c&ograve;n ph&ograve;ng v&agrave; c&oacute; mức gi&aacute; tốt.&nbsp;<strong>Kh&aacute;ch sạn ở Quy Nhơn</strong>&nbsp;đa dạng từ chất lượng 5 sao đến c&aacute;c homestay để bạn tha hồ lựa chọn.</p>\r\n\r\n<h2><a id=\"type4\" name=\"type4\"><strong>Đi Quy Nhơn th&aacute;ng 6 mặc g&igrave;?</strong></a></h2>\r\n\r\n<p><img alt=\"Du lịch Quy Nhơn tháng 6\" src=\"https://www.vietnambooking.com/wp-content/uploads/2021/05/du-lich-quy-nhon-thang-6-5.jpg\" style=\"height:468px; width:620px\" title=\"Du lịch Quy Nhơn tháng 6\" /></p>\r\n\r\n<p><em>Những bộ c&aacute;nh mỏng thướt tha sẽ l&agrave; trang phục l&yacute; tưởng cho m&ugrave;a h&egrave; | Ảnh: Sưu tầm</em></p>\r\n\r\n<p>Đi Quy Nhơn th&igrave; kh&ocirc;ng thể thiếu những bộ ảnh sống ảo triệu like rồi phải kh&ocirc;ng? Nếu bạn c&oacute; dự định đi du lịch Quy Nhơn m&ugrave;a h&egrave;&nbsp;th&igrave; đừng qu&ecirc;n mang những bộ tắm m&aacute;t mẻ khoe d&aacute;ng hớp hồn mọi ch&agrave;ng trai, c&ocirc; n&agrave;ng nh&eacute;. Ngo&agrave;i đồ tắm biển th&igrave; bạn n&ecirc;n chuẩn bị những bộ quần &aacute;o thoải m&aacute;i&nbsp;để tiện tham quan, kh&aacute;m ph&aacute; th&agrave;nh phố biển. Thời tiết th&aacute;ng 6 rất n&oacute;ng n&ecirc;n bạn h&atilde;y tr&aacute;nh những trang phục chất liệu&nbsp;d&agrave;y, ấm &aacute;p&nbsp;m&agrave; thay v&agrave;o đ&oacute; l&agrave; những chất liệu mỏng, nhẹ v&agrave; m&aacute;t mẻ nh&eacute;.</p>\r\n\r\n<h2><a id=\"type5\" name=\"type5\"><strong>Một số lưu &yacute; khi đi Quy Nhơn th&aacute;ng 6</strong></a></h2>\r\n\r\n<p><strong>Lu&ocirc;n mang theo kem chống nắng:&nbsp;</strong>Dưới c&aacute;i nắng ch&oacute;i chang m&ugrave;a h&egrave; m&agrave; bạn kh&ocirc;ng c&oacute; kem chống nắng th&igrave; thật c&oacute; lỗi với l&agrave;n da của m&igrave;nh. Theo kinh nghiệm của Vietnam Booking, bạn n&ecirc;n chuẩn bị kem chống nắng c&oacute; chỉ số SDF cao từ 30 trở l&ecirc;n v&igrave; nắng ở đ&acirc;y kh&aacute; bỏng r&aacute;t. Nếu được th&igrave; bạn c&oacute; thể chuẩn bị th&ecirc;m n&oacute;n đi biển, d&ugrave; để che nắng.</p>\r\n\r\n<p><strong>Uống nhiều nước v&agrave; mang theo thuốc c&aacute; nh&acirc;n:</strong>&nbsp;Đi biển m&ugrave;a h&egrave; rất dễ bị say nắng, v&igrave; thế bạn h&atilde;y nhớ uống thật nhiều nước v&agrave; bổ sung c&aacute;c vitamin cần thiết từ c&aacute;c loại tr&aacute;i c&acirc;y để kh&ocirc;ng bị cho&aacute;ng v&agrave; ngất xỉu khiến cuộc chơi k&eacute;m vui. Ngo&agrave;i ra, bạn cũng n&ecirc;n mang theo thuốc c&aacute; nh&acirc;n để đảm bảo sức khỏe nh&eacute;.</p>','16:21:18.211503','16:21:18.211503','images/2021/08/du-lich-quy-nhon-thang-6-7-300x194.jpg',1),(2,'[Bạn có biết] Đi du lịch Mỹ cần gì? Những thủ tục và giấy tờ cần thiết',0,1,'<p>Nước Mỹ lu&ocirc;n l&agrave; điểm đến mơ ước của rất nhiều người Việt. H&agrave;ng năm, nước Mỹ đều ch&agrave;o đ&oacute;n một số lượng lớn du học sinh, người định cư v&agrave; kh&aacute;ch du lịch đến từ Việt Nam. Vậy&nbsp;<strong>đi du lịch Mỹ cần g&igrave;</strong>? Những giấy tờ v&agrave; thủ tục cần thiết l&agrave; g&igrave;? Vietnam Booking sẽ giải đ&aacute;p tất tần tật những thắc mắc của bạn trong b&agrave;i viết dưới đ&acirc;y.</p>\r\n\r\n<h2><a id=\"type1\" name=\"type1\"><strong>Đi du lịch Mỹ cần g&igrave;?</strong></a></h2>\r\n\r\n<p>Hiện tại, t&igrave;nh h&igrave;nh dịch bệnh Covid - 19 khiến c&aacute;c việc đi lại giữa c&aacute;c quốc gia gặp nhiều kh&oacute; khăn v&agrave; y&ecirc;u cầu nhiều thủ tục phức tạp. V&igrave; thế, bạn cần nắm r&otilde; những quy định&nbsp;v&agrave; giấy tờ cần thiết để qu&aacute; tr&igrave;nh nhập cảnh đến Mỹ được diễn ra su&ocirc;n sẻ v&agrave; thuận lợi.</p>\r\n\r\n<p><img alt=\"Đi du lịch Mỹ cần gì\" src=\"https://www.vietnambooking.com/wp-content/uploads/2021/05/di-du-lich-my-can-gi-2.jpg\" style=\"height:348px; width:620px\" title=\"Nước Mỹ\" /></p>\r\n\r\n<p><em>Mỹ l&agrave; một trong điểm đến được người Việt y&ecirc;u th&iacute;ch nhất | Ảnh: Sưu tầm</em></p>\r\n\r\n<ul>\r\n</ul>\r\n\r\n<h3><strong>1.&nbsp;<a id=\"type1_1\" name=\"type1_1\">V&eacute; m&aacute;y bay từ Việt Nam đi Mỹ</a></strong></h3>\r\n\r\n<p>Đầu ti&ecirc;n, việc bạn cần phải l&agrave;m cho chuyến đi Mỹ của m&igrave;nh đ&oacute; ch&iacute;nh l&agrave; đặt&nbsp;<strong>v&eacute; m&aacute;y bay từ Việt Nam đến&nbsp;Mỹ</strong>. M&atilde; đặt chỗ chuyến bay n&agrave;y cũng l&agrave; một trong yếu tố quan trọng&nbsp;để đậu&nbsp;visa du lịch Mỹ. Số lượng chuyến bay từ Việt Nam đến&nbsp;Mỹ&nbsp;trong m&ugrave;a dịch chỉ được khai th&aacute;c hạn chế n&ecirc;n bạn h&atilde;y nhanh ch&oacute;ng đặt v&eacute; để c&oacute; mức gi&aacute; ưu đ&atilde;i nhất.</p>\r\n\r\n<p><img alt=\"Đi du lịch Mỹ cần gì\" src=\"https://www.vietnambooking.com/wp-content/uploads/2021/05/di-du-lich-my-can-gi.jpg\" style=\"height:620px; width:620px\" title=\"Vé máy bay từ Việt Nam đi Mỹ\" /><em>Đặt v&eacute; m&aacute;y bay đi Mỹ tại Vietnam Booking với mức gi&aacute; rẻ bất ngờ</em></p>\r\n\r\n<p><em>Ảnh: Vietnam Booking&nbsp;</em></p>\r\n\r\n<p>Hiện tại, c&aacute;c chuyến bay từ Việt Nam đi Mỹ đang được khai th&aacute;c bởi c&aacute;c h&atilde;ng h&agrave;ng kh&ocirc;ng quốc tế: Eva Air, All Nippon Airways, United Airlines,...với &iacute;t nhất 1 điểm qu&aacute; cảnh t&ugrave;y h&agrave;nh tr&igrave;nh. Gi&aacute; v&eacute; hạng phổ th&ocirc;ng sẽ dao động từ 500 - 900 USD. Bạn c&oacute; thể tham khảo lịch khởi h&agrave;nh&nbsp;chi tiết của một số h&atilde;ng h&agrave;ng kh&ocirc;ng dưới đ&acirc;y:</p>\r\n\r\n<table border=\"1\" cellpadding=\"0\" cellspacing=\"0\">\r\n	<thead>\r\n		<tr>\r\n			<th scope=\"col\">\r\n			<p><strong>Chặng bay đi Mỹ</strong></p>\r\n			</th>\r\n			<th scope=\"col\">\r\n			<p><strong>H&atilde;ng h&agrave;ng kh&ocirc;ng</strong></p>\r\n			</th>\r\n			<th scope=\"col\">\r\n			<p><strong>Lịch bay</strong></p>\r\n			</th>\r\n			<th scope=\"col\">\r\n			<p><strong>Hạn ch&oacute;t đặt v&eacute;</strong></p>\r\n			</th>\r\n		</tr>\r\n	</thead>\r\n	<tbody>\r\n		<tr>\r\n			<td>\r\n			<p>H&agrave; Nội/Tp Hồ Ch&iacute; Minh &ndash; Houston</p>\r\n			</td>\r\n			<td rowspan=\"3\">\r\n			<p>EVA Air</p>\r\n\r\n			<p>(qu&aacute; cảnh Đ&agrave;i Bắc)</p>\r\n			</td>\r\n			<td>\r\n			<p>16, 23, 30/5;</p>\r\n\r\n			<p>6, 13, 20, 27/6</p>\r\n			</td>\r\n			<td colspan=\"1\" rowspan=\"10\">\r\n			<p>Trước ng&agrave;y khởi h&agrave;nh &iacute;t nhất&nbsp;từ&nbsp;3 đến 7 ng&agrave;y</p>\r\n			</td>\r\n		</tr>\r\n		<tr>\r\n			<td>\r\n			<p>H&agrave; Nội/Tp Hồ Ch&iacute; Minh &ndash; Chicago</p>\r\n			</td>\r\n			<td>\r\n			<p>19, 26/5;</p>\r\n\r\n			<p>2, 9, 16, 18, 23, 25, 30/6</p>\r\n			</td>\r\n		</tr>\r\n		<tr>\r\n			<td>\r\n			<p>H&agrave; Nội/Tp Hồ Ch&iacute; Minh &ndash; Los Angeles/San Francisco/New York/Seattle</p>\r\n			</td>\r\n			<td>\r\n			<p>Thứ 2, 4, 6 h&agrave;ng tuần</p>\r\n			</td>\r\n		</tr>\r\n		<tr>\r\n			<td rowspan=\"4\">\r\n			<p>H&agrave; Nội/Tp Hồ Ch&iacute; Minh &ndash; Mỹ</p>\r\n			</td>\r\n			<td>\r\n			<p>All Nippon Airways</p>\r\n\r\n			<p>(qu&aacute; cảnh Tokyo)</p>\r\n			</td>\r\n			<td>\r\n			<p>Thứ 3, 5, 7</p>\r\n			</td>\r\n		</tr>\r\n		<tr>\r\n			<td>\r\n			<p>Cathay Pacific</p>\r\n\r\n			<p>(qu&aacute; cảnh Hong Kong)</p>\r\n			</td>\r\n			<td>\r\n			<p>Thứ 3, 6 v&agrave; chủ nhật</p>\r\n			</td>\r\n		</tr>\r\n		<tr>\r\n			<td>\r\n			<p>Emirates Airlines</p>\r\n\r\n			<p>(qu&aacute; cảnh Dubai)</p>\r\n			</td>\r\n			<td>\r\n			<p>Thứ 3, 5, 7</p>\r\n			</td>\r\n		</tr>\r\n		<tr>\r\n			<td>\r\n			<p>China Airlines</p>\r\n\r\n			<p>(qu&aacute; cảnh Đ&agrave;i Bắc)</p>\r\n			</td>\r\n			<td>\r\n			<p>Thứ 5 h&agrave;ng tuần</p>\r\n			</td>\r\n		</tr>\r\n		<tr>\r\n			<td colspan=\"1\" rowspan=\"2\">\r\n			<p>Tp Hồ Ch&iacute; Minh - New York (EWR)</p>\r\n			</td>\r\n			<td colspan=\"1\">\r\n			<p>United Airlines</p>\r\n\r\n			<p>(qu&aacute; cảnh Tokyo - NRT)</p>\r\n			</td>\r\n			<td>Thứ 3, 5, 7 h&agrave;ng tuần</td>\r\n		</tr>\r\n		<tr>\r\n			<td colspan=\"1\">\r\n			<p>United Airlines</p>\r\n\r\n			<p>(qu&aacute; cảnh Tokyo - HND)</p>\r\n			</td>\r\n			<td>Thứ 4, 5, 6, 7 v&agrave; chủ nhật h&agrave;ng tuần</td>\r\n		</tr>\r\n		<tr>\r\n			<td colspan=\"1\">Tp Hồ Ch&iacute; Minh - San Francisco</td>\r\n			<td colspan=\"1\">\r\n			<p>Asiana Airlines + United Airlines</p>\r\n\r\n			<p>(qu&aacute; cảnh Seoul)</p>\r\n			</td>\r\n			<td>H&agrave;ng ng&agrave;y</td>\r\n		</tr>\r\n	</tbody>\r\n</table>\r\n\r\n<p><strong>Lưu &yacute;:</strong>&nbsp;V&igrave; t&igrave;nh h&igrave;nh dịch bệnh vẫn chưa được kiểm so&aacute;t ho&agrave;n to&agrave;n n&ecirc;n khi h&agrave;nh kh&aacute;ch thực hiện h&agrave;nh tr&igrave;nh bay đến Mỹ cần phải đảm bảo đầy đủ c&aacute;c biện ph&aacute;p ph&ograve;ng chống dịch của h&atilde;ng h&agrave;ng kh&ocirc;ng như: đeo khẩu trang, rửa tay thường xuy&ecirc;n, hạn chế đi lại trừ trường hợp cần thiết, kh&ocirc;ng khạc nhổ bừa b&atilde;i,...Ngo&agrave;i ra, h&agrave;nh kh&aacute;ch cần phải ch&uacute; &yacute; giữ g&igrave;n sức khỏe trước khi l&ecirc;n m&aacute;y bay.&nbsp;H&atilde;ng h&agrave;ng kh&ocirc;ng sẽ c&oacute; thể từ chối những h&agrave;ng kh&aacute;ch c&oacute; biểu hiện ho, sốt tr&ecirc;n 37,50C, kh&oacute; thở,....</p>\r\n\r\n<h3><strong>2.&nbsp;<a id=\"type1_2\" name=\"type1_2\">Xin Visa du lịch&nbsp;Mỹ</a></strong></h3>\r\n\r\n<p>Nếu bạn đang thắc mắc&nbsp;<strong>đi du lịch Mỹ cần g&igrave;&nbsp;</strong>th&igrave; chắc chắn kh&ocirc;ng thể kh&ocirc;ng nhắc đến visa đi&nbsp;Mỹ. So với c&aacute;c nước kh&aacute;c, Mỹ&nbsp;được đ&aacute;nh gi&aacute; l&agrave; quốc gia c&oacute; chế độ thị thực khắt khe nhất.&nbsp;Quy tr&igrave;nh xin visa đi Mỹ rất phức tạp n&ecirc;n bạn cần phải chuẩn bị thật đầy đủ c&aacute;c giấy tờ theo đ&uacute;ng quy định để kh&ocirc;ng bị từ chối cấp thị thực.</p>\r\n\r\n<p><img alt=\"Đi du lịch Mỹ cần gì\" src=\"https://www.vietnambooking.com/wp-content/uploads/2021/05/di-du-lich-my-can-gi-3.jpg\" style=\"height:465px; width:620px\" title=\"Xin Visa du lịch Mỹ\" /><em>Dịch vụ l&agrave;m visa đi Mỹ tại Vietnam Booking lu&ocirc;n c&oacute; tỷ lệ đậu cao | Ảnh: Sưu tầm</em></p>\r\n\r\n<p><strong>Visa du lịch Mỹ</strong>&nbsp;c&ograve;n được gọi l&agrave; visa kh&ocirc;ng định cư B-2 (k&iacute; hiệu B1/B2) c&oacute; thời hạn 6 th&aacute;ng. Sở hữu loại visa&nbsp;n&agrave;y, bạn sẽ được nhập cảnh v&agrave;o Mỹ một hoặc nhiều lần trong khoảng thời gian được quy định cụ thể&nbsp;tr&ecirc;n visa. Nếu l&agrave; c&ocirc;ng d&acirc;n Việt Nam chưa từng xuất khẩu lao động tại Mỹ, c&oacute; l&yacute; lịch sạch v&agrave; c&oacute; nhu cầu xin thị thực Mỹ,&nbsp;bạn cần chuẩn bị v&agrave; ho&agrave;n tất hồ sơ xin visa với c&aacute;c giấy tờ sau:</p>\r\n\r\n<p>►<strong>&nbsp;Chứng minh nh&acirc;n th&acirc;n:&nbsp;</strong></p>\r\n\r\n<ul>\r\n	<li>Hộ chiếu: c&ograve;n thời hạn tối thiểu 6 th&aacute;ng t&iacute;nh từ ng&agrave;y dự kiến kết th&uacute;c chuyến đi Mỹ. Trong hộ chiếu n&ecirc;n c&oacute; &iacute;t nhất một dấu nhập cảnh tại c&aacute;c nước như: Th&aacute;i Lan, Nhật Bản, H&agrave;n Quốc để chứng m&igrave;nh đ&atilde; từng c&oacute; kinh nghiệm đi du lịch nước ngo&agrave;i.</li>\r\n	<li>Ảnh thẻ: 2 ảnh k&iacute;ch thước 5x5cm được&nbsp;chụp tr&ecirc;n nền trắng, r&otilde; mặt v&agrave;&nbsp;để hở hai tai. Nếu ảnh sai quy định th&igrave; sẽ kh&ocirc;ng được chấp nhận.</li>\r\n	<li>Giấy x&aacute;c nhận t&igrave;nh trạng h&ocirc;n nh&acirc;n.</li>\r\n	<li>Photo c&ocirc;ng chứng cả 2 mặt: sổ hộ khẩu, chứng minh nh&acirc;n d&acirc;n hoặc thẻ căn cước c&ocirc;ng d&acirc;n</li>\r\n	<li>01&nbsp;<strong><a href=\"https://www.vietnambooking.com/visa/tin-tuc-visa/huong-dan-thu-tuc-xin-visa-di-my.html\">mẫu đơn xin visa du lịch Mỹ (DS-160)</a>.</strong></li>\r\n</ul>\r\n\r\n<p><strong>​</strong><img alt=\"Đi du lịch Mỹ cần gì\" src=\"https://www.vietnambooking.com/wp-content/uploads/2021/05/di-du-lich-my-can-gi-1.jpg\" style=\"height:499px; width:620px\" title=\"Mẫu đơn DS-160 xin Visa Mỹ\" /></p>\r\n\r\n<p><em>Bạn phải điền th&ocirc;ng tin ch&iacute;nh x&aacute;c mẫu đơn DS-160 để kh&ocirc;ng bị từ chối visa</em></p>\r\n\r\n<p><em>Ảnh: Vietnam Booking</em></p>\r\n\r\n<p>►&nbsp;<strong>Chứng minh c&ocirc;ng việc:</strong></p>\r\n\r\n<ul>\r\n	<li>Nh&acirc;n vi&ecirc;n: bảng lương 3 th&aacute;ng, hợp đồng lao động/giấy bổ nhiệm chức vụ, giấy xin nghỉ ph&eacute;p đến Mỹ du lịch c&oacute; x&aacute;c nhận của c&ocirc;ng ty.</li>\r\n	<li>Chủ c&ocirc;ng ty: Cung cấp giấy ph&eacute;p kinh doanh của c&ocirc;ng ty v&agrave; bi&ecirc;n lai nộp thuế 3 th&aacute;ng gần nhất.</li>\r\n	<li>Người lao động nghỉ hưu: Cung cấp sổ về hưu v&agrave; phiếu lĩnh lương hưu.</li>\r\n</ul>\r\n\r\n<p>►<strong>&nbsp;Chứng minh t&agrave;i ch&iacute;nh:</strong></p>\r\n\r\n<ul>\r\n	<li>Sao k&ecirc; t&agrave;i khoản ng&acirc;n h&agrave;ng gửi tiết kiệm&nbsp;tối thiểu 3 th&aacute;ng v&agrave; c&oacute; số dư &iacute;t nhất 100 triệu đồng.</li>\r\n</ul>\r\n\r\n<p>►&nbsp;<strong>Lịch tr&igrave;nh chuyến đi Mỹ:</strong></p>\r\n\r\n<ul>\r\n	<li>Kế hoạch đi&nbsp;du lịch Mỹ chi tiết từng ng&agrave;y: đi đ&acirc;u, lưu tr&uacute; tại đ&acirc;u, lịch tr&igrave;nh đi chơi với thời gian cụ thể.</li>\r\n	<li>X&aacute;c nhận đặt ph&ograve;ng&nbsp;ph&ograve;ng kh&aacute;ch sạn tại Mỹ (Booking Confirm) hoặc cung cấp th&ocirc;ng tin người bảo l&atilde;nh lưu tr&uacute; tại Mỹ (nếu ở nh&agrave; người th&acirc;n/ bạn b&egrave; ở Mỹ). Đồng thời cung cấp m&atilde; đặt chỗ&nbsp;chuyến bay&nbsp;đi Mỹ v&agrave; trở lại.</li>\r\n</ul>\r\n\r\n<p>Sau khi chuẩn bị đầy đủ c&aacute;c giấy tờ v&agrave; thủ tục kể tr&ecirc;n, bạn h&atilde;y thanh to&aacute;n lệ ph&iacute; xin visa du lịch Mỹ v&agrave; đặt lịch hẹn nộp hồ sơ, phỏng vấn Visa tại 2 địa chỉ sau:</p>\r\n\r\n<ul>\r\n	<li><strong>Đại sứ qu&aacute;n Hoa Kỳ:</strong>&nbsp;Số 07, L&aacute;ng Hạ, Quận Ba Đ&igrave;nh, H&agrave; Nội.</li>\r\n	<li><strong>Tổng l&atilde;nh sự qu&aacute;n Hoa Kỳ:&nbsp;</strong>Số 04 L&ecirc; Duẩn, Quận 1, Hồ Ch&iacute; Minh.</li>\r\n</ul>\r\n\r\n<h3><strong>3.&nbsp;<a id=\"type1_3\" name=\"type1_3\">Giấy x&eacute;t nghiệm Covid - 19 &acirc;m t&iacute;nh</a></strong></h3>\r\n\r\n<p>Ngo&agrave;i v&eacute; m&aacute;y bay v&agrave; giấy tờ c&aacute; nh&acirc;n, ch&iacute;nh phủ Mỹ y&ecirc;u cầu tất cả c&aacute;c h&agrave;nh kh&aacute;ch nhập cảnh đến Mỹ đều phải c&oacute; giấy x&eacute;t nghiệm Covid - 19 c&oacute; kết quả &acirc;m t&iacute;nh để đảm bảo an to&agrave;n sức khỏe cộng đồng. Giấy x&eacute;t nghiệm phải được thực hiện&nbsp;trong v&ograve;ng 3 ng&agrave;y trước ng&agrave;y khởi h&agrave;nh v&agrave;&nbsp;được tr&igrave;nh b&agrave;y bằng tiếng Anh hoặc tiếng Việt c&oacute; bản dịch đi k&egrave;m.&nbsp;<em>(<strong>Lưu &yacute;:</strong>&nbsp;trường hợp h&agrave;nh kh&aacute;ch kh&ocirc;ng c&oacute; giấy x&eacute;t nghiệm Covid - 19 &acirc;m t&iacute;nh c&oacute; thể sẽ bị từ chối nhập cảnh v&agrave;o Mỹ)</em></p>\r\n\r\n<h2><strong><a id=\"type2\" name=\"type2\">Chuẩn bị h&agrave;nh l&yacute; khi đến Mỹ</a></strong></h2>\r\n\r\n<p><img alt=\"Đi du lịch Mỹ cần gì\" src=\"https://www.vietnambooking.com/wp-content/uploads/2021/05/di-du-lich-my-can-gi-4.jpg\" style=\"height:441px; width:620px\" title=\"Đi du lịch Mỹ cần gì\" /></p>\r\n\r\n<p><em>Kiểm tra h&agrave;nh l&yacute; thật cẩn thận trước khi l&ecirc;n m&aacute;y bay | Ảnh: Sưu tầm</em></p>\r\n\r\n<p>Khi bạn chuẩn bị h&agrave;nh l&yacute; v&agrave; đồ d&ugrave;ng c&aacute; nh&acirc;n đến Mỹ th&igrave; cần phải lưu một số quy định về h&agrave;nh l&yacute; để kh&ocirc;ng phải bỏ bớt tại s&acirc;n bay hoặc đ&oacute;ng ph&iacute; phạt.&nbsp;H&agrave;nh l&yacute; sẽ chỉ được nặng tối đa 64 kg v&agrave; phải được chia l&agrave;m 2 kiện,&nbsp;mỗi kiện nặng&nbsp;32 kg. B&ecirc;n cạnh đ&oacute; c&aacute;c bạn được mang theo 1 h&agrave;nh l&yacute; x&aacute;ch tay&nbsp;nặng 5kg. Những h&agrave;nh l&yacute; cồng kềnh qu&aacute; khổ&nbsp;phải c&oacute; sự đồng &yacute; của h&atilde;ng h&agrave;ng kh&ocirc;ng.</p>\r\n\r\n<p>Ngo&agrave;i ra, bạn cũng phải lưu &yacute; tuyệt đối kh&ocirc;ng mang theo những&nbsp;vật phẩm&nbsp;bị cấm&nbsp;khi nhập cảnh&nbsp;tại&nbsp;Mỹ như:</p>\r\n\r\n<ul>\r\n	<li>C&aacute;c loại thịt động vật (tươi sống hay đ&atilde; chế biến), c&aacute;c loại tr&aacute;i c&acirc;y, rau, hạt giống v&agrave; đất.</li>\r\n	<li>Chất lỏng: kem đ&aacute;nh răng, son m&ocirc;i dạng lỏng, sơn m&oacute;ng tay, nước hoa, mỹ phẩm dạng lỏng,...</li>\r\n	<li>C&aacute;c loại thuốc kh&ocirc;ng r&otilde; nguồn gốc theo quy định của FDA (Cơ quan quản l&yacute; Thực phẩm v&agrave; Dược phẩm Hoa Kỳ).</li>\r\n	<li>Chất k&iacute;ch th&iacute;ch, ma t&uacute;y, cần sa,....</li>\r\n	<li>Tiền mặt tr&ecirc;n 10.000 đ&ocirc; la Mỹ.</li>\r\n</ul>\r\n\r\n<h2><strong><a id=\"type3\" name=\"type3\">Tour đi Mỹ ti&ecirc;m vắc xin Covid - 19</a>&nbsp;</strong></h2>\r\n\r\n<p><img alt=\"Đi du lịch Mỹ cần gì\" src=\"https://www.vietnambooking.com/wp-content/uploads/2021/05/du-lich-my-tiem-vac-xin-covid-19.jpg\" style=\"height:413px; width:620px\" title=\"Tour đi Mỹ tiêm vắc xin\" /></p>\r\n\r\n<p><em>Khai th&aacute;c h&agrave;nh tr&igrave;nh đi Mỹ kết hợp với ti&ecirc;m vắc xin Covid - 19</em></p>\r\n\r\n<p><em>Ảnh: Vietnam Booking</em></p>\r\n\r\n<p>Một trong những h&agrave;nh tr&igrave;nh du lịch Mỹ đang được rất nhiều du kh&aacute;ch quan t&acirc;m ch&iacute;nh l&agrave;<strong><a href=\"https://www.vietnambooking.com/du-lich/tour-di-my-ket-hop-tiem-vac-xin.html\">&nbsp;tour đi Mỹ kết hợp với ti&ecirc;m vắc xin</a></strong>&nbsp;Covid - 19. Đ&acirc;y l&agrave; chương tr&igrave;nh mới được khai th&aacute;c với c&aacute;c dịch vụ trọn g&oacute;i: visa đi Mỹ, v&eacute; m&aacute;y bay Việt Nam - Mỹ,&nbsp;kh&aacute;ch sạn, ăn uống,...v&agrave; chi ph&iacute; ti&ecirc;m vắc xin Covid - 19. Khi đăng k&yacute; tour, qu&yacute; kh&aacute;ch sẽ được hỗ trợ từ A - Z những giấy tờ v&agrave; thủ tục cần thiết khi đến Mỹ. Ngo&agrave;i ra, qu&yacute; kh&aacute;ch sẽ được lựa chọn 1 trong 3 loại vắc xin Covid - 19 đang được sử dụng tại Mỹ l&agrave;:</p>\r\n\r\n<ul>\r\n	<li><strong>Pfizer:</strong>&nbsp;Ti&ecirc;m 2 mũi c&aacute;ch nhau 21 ng&agrave;y (3 tuần)</li>\r\n	<li><strong>Moderna:</strong>&nbsp;Ti&ecirc;m 2 mũi c&aacute;ch nhau 28 ng&agrave;y (4 tuần)</li>\r\n	<li><strong>Johnson &amp; Johnson:&nbsp;</strong>Ti&ecirc;m 1 mũi duy nhất</li>\r\n</ul>','16:23:45.547668','16:23:45.547668','images/2021/08/di-du-lich-my-can-gi-5-300x194.jpg',1);
/*!40000 ALTER TABLE `tourbooking_news` ENABLE KEYS */;
UNLOCK TABLES;

--
-- Table structure for table `tourbooking_provincial`
--

DROP TABLE IF EXISTS `tourbooking_provincial`;
/*!40101 SET @saved_cs_client     = @@character_set_client */;
/*!50503 SET character_set_client = utf8mb4 */;
CREATE TABLE `tourbooking_provincial` (
  `id` bigint NOT NULL AUTO_INCREMENT,
  `name` varchar(100) COLLATE utf8mb4_unicode_ci NOT NULL,
  `category` varchar(100) COLLATE utf8mb4_unicode_ci NOT NULL,
  PRIMARY KEY (`id`)
) ENGINE=InnoDB AUTO_INCREMENT=4 DEFAULT CHARSET=utf8mb4 COLLATE=utf8mb4_unicode_ci;
/*!40101 SET character_set_client = @saved_cs_client */;

--
-- Dumping data for table `tourbooking_provincial`
--

LOCK TABLES `tourbooking_provincial` WRITE;
/*!40000 ALTER TABLE `tourbooking_provincial` DISABLE KEYS */;
INSERT INTO `tourbooking_provincial` VALUES (1,'TP. Hồ Chí Minh','Thành phố'),(2,'Đà Nẵng','Thành Phố'),(3,'Bangkok','Thành phố');
/*!40000 ALTER TABLE `tourbooking_provincial` ENABLE KEYS */;
UNLOCK TABLES;

--
-- Table structure for table `tourbooking_reviewhotel`
--

DROP TABLE IF EXISTS `tourbooking_reviewhotel`;
/*!40101 SET @saved_cs_client     = @@character_set_client */;
/*!50503 SET character_set_client = utf8mb4 */;
CREATE TABLE `tourbooking_reviewhotel` (
  `id` bigint NOT NULL AUTO_INCREMENT,
  `content` longtext COLLATE utf8mb4_unicode_ci,
  `date_add` time(6) NOT NULL,
  `date_update` time(6) NOT NULL,
  `hotel_id` bigint DEFAULT NULL,
  `user_id` bigint DEFAULT NULL,
  PRIMARY KEY (`id`),
  KEY `tourbooking_reviewho_hotel_id_38c8cb65_fk_tourbooki` (`hotel_id`),
  KEY `tourbooking_reviewhotel_user_id_823eea91_fk_tourbooking_user_id` (`user_id`),
  CONSTRAINT `tourbooking_reviewho_hotel_id_38c8cb65_fk_tourbooki` FOREIGN KEY (`hotel_id`) REFERENCES `tourbooking_hotel` (`id`),
  CONSTRAINT `tourbooking_reviewhotel_user_id_823eea91_fk_tourbooking_user_id` FOREIGN KEY (`user_id`) REFERENCES `tourbooking_user` (`id`)
) ENGINE=InnoDB DEFAULT CHARSET=utf8mb4 COLLATE=utf8mb4_unicode_ci;
/*!40101 SET character_set_client = @saved_cs_client */;

--
-- Dumping data for table `tourbooking_reviewhotel`
--

LOCK TABLES `tourbooking_reviewhotel` WRITE;
/*!40000 ALTER TABLE `tourbooking_reviewhotel` DISABLE KEYS */;
/*!40000 ALTER TABLE `tourbooking_reviewhotel` ENABLE KEYS */;
UNLOCK TABLES;

--
-- Table structure for table `tourbooking_reviewtravel`
--

DROP TABLE IF EXISTS `tourbooking_reviewtravel`;
/*!40101 SET @saved_cs_client     = @@character_set_client */;
/*!50503 SET character_set_client = utf8mb4 */;
CREATE TABLE `tourbooking_reviewtravel` (
  `id` bigint NOT NULL AUTO_INCREMENT,
  `content` longtext COLLATE utf8mb4_unicode_ci,
  `date_add` time(6) NOT NULL,
  `date_update` time(6) NOT NULL,
  `travel_id` bigint DEFAULT NULL,
  `user_id` bigint DEFAULT NULL,
  PRIMARY KEY (`id`),
  KEY `tourbooking_reviewtr_travel_id_de83303a_fk_tourbooki` (`travel_id`),
  KEY `tourbooking_reviewtravel_user_id_5b8b0264_fk_tourbooking_user_id` (`user_id`),
  CONSTRAINT `tourbooking_reviewtr_travel_id_de83303a_fk_tourbooki` FOREIGN KEY (`travel_id`) REFERENCES `tourbooking_travel` (`id`),
  CONSTRAINT `tourbooking_reviewtravel_user_id_5b8b0264_fk_tourbooking_user_id` FOREIGN KEY (`user_id`) REFERENCES `tourbooking_user` (`id`)
) ENGINE=InnoDB DEFAULT CHARSET=utf8mb4 COLLATE=utf8mb4_unicode_ci;
/*!40101 SET character_set_client = @saved_cs_client */;

--
-- Dumping data for table `tourbooking_reviewtravel`
--

LOCK TABLES `tourbooking_reviewtravel` WRITE;
/*!40000 ALTER TABLE `tourbooking_reviewtravel` DISABLE KEYS */;
/*!40000 ALTER TABLE `tourbooking_reviewtravel` ENABLE KEYS */;
UNLOCK TABLES;

--
-- Table structure for table `tourbooking_travel`
--

DROP TABLE IF EXISTS `tourbooking_travel`;
/*!40101 SET @saved_cs_client     = @@character_set_client */;
/*!50503 SET character_set_client = utf8mb4 */;
CREATE TABLE `tourbooking_travel` (
  `id` bigint NOT NULL AUTO_INCREMENT,
  `name` varchar(100) COLLATE utf8mb4_unicode_ci NOT NULL,
  `status` tinyint(1) NOT NULL,
  `content` longtext COLLATE utf8mb4_unicode_ci NOT NULL,
  `date_add` time(6) NOT NULL,
  `date_update` time(6) NOT NULL,
  `image` varchar(100) COLLATE utf8mb4_unicode_ci NOT NULL,
  `address` varchar(100) COLLATE utf8mb4_unicode_ci DEFAULT NULL,
  `hotline` varchar(10) COLLATE utf8mb4_unicode_ci DEFAULT NULL,
  `views` int NOT NULL,
  `category_travel_id` bigint DEFAULT NULL,
  `price` double NOT NULL,
  `location_id` bigint DEFAULT NULL,
  `time` varchar(100) COLLATE utf8mb4_unicode_ci DEFAULT NULL,
  `traffic` varchar(100) COLLATE utf8mb4_unicode_ci DEFAULT NULL,
  PRIMARY KEY (`id`),
  KEY `tourbooking_travel_category_travel_id_ec51ff25_fk_tourbooki` (`category_travel_id`),
  KEY `tourbooking_travel_location_id_20d390dc_fk_tourbooki` (`location_id`),
  CONSTRAINT `tourbooking_travel_category_travel_id_ec51ff25_fk_tourbooki` FOREIGN KEY (`category_travel_id`) REFERENCES `tourbooking_categorytravel` (`id`),
  CONSTRAINT `tourbooking_travel_location_id_20d390dc_fk_tourbooki` FOREIGN KEY (`location_id`) REFERENCES `tourbooking_location` (`id`)
) ENGINE=InnoDB AUTO_INCREMENT=9 DEFAULT CHARSET=utf8mb4 COLLATE=utf8mb4_unicode_ci;
/*!40101 SET character_set_client = @saved_cs_client */;

--
-- Dumping data for table `tourbooking_travel`
--

LOCK TABLES `tourbooking_travel` WRITE;
/*!40000 ALTER TABLE `tourbooking_travel` DISABLE KEYS */;
INSERT INTO `tourbooking_travel` VALUES (1,'Tour Buôn Mê Thuột 2 ngày 1 đêm | Hồ Lắk – Thác Dray Nur – Buôn Đôn – Làng cà phê',1,'<p>H&agrave;nh tr&igrave;nh tour Bu&ocirc;n M&ecirc; Thuột 2 ng&agrave;y 1 đ&ecirc;m sẽ đưa qu&yacute; kh&aacute;ch đi kh&aacute;m ph&aacute; những địa điểm hấp dẫn nhất của mảnh đất T&acirc;y Nguy&ecirc;n đại ng&agrave;n.</p>\r\n\r\n<p><strong>ĐIỂM NỔI BẬT NHẤT:</strong></p>\r\n\r\n<p>Tham quan hồ Lắk thơ mộng giữa n&uacute;i rừng đại ng&agrave;n T&acirc;y Nguy&ecirc;n</p>\r\n\r\n<p>Chi&ecirc;m ngưỡng th&aacute;c Dray Nur h&ugrave;ng vĩ với d&ograve;ng nước trắng x&oacute;a</p>\r\n\r\n<p>Trải nghiệm văn h&oacute;a đồng b&agrave;o d&acirc;n tộc tại Bu&ocirc;n Đ&ocirc;n</p>\r\n\r\n<p>T&igrave;m hiểu đặc sản c&agrave; ph&ecirc; miền đất cao nguy&ecirc;n</p>\r\n\r\n<p>Thưởng thức ẩm thực địa phương độc đ&aacute;o</p>\r\n\r\n<p><u><strong>NG&Agrave;Y 1: BU&Ocirc;N M&Ecirc; THUỘT &ndash; HỒ LAK (ĂN TRƯA/TỐI)</strong></u><br />\r\nS&aacute;ng: Xe v&agrave; hướng dẫn vi&ecirc;n của Vietnam Booking sẽ đ&oacute;n qu&yacute; kh&aacute;ch tại điểm hẹn (s&acirc;n bay) tại th&agrave;nh phố Bu&ocirc;n M&ecirc; Thuột để khởi h&agrave;nh đi hồ Lắk &ndash; bắt đầu chương tr&igrave;nh tour Bu&ocirc;n M&ecirc; Thuột 2 ng&agrave;y 1 đ&ecirc;m.</p>\r\n\r\n<p>Đến hồ Lắk, hướng dẫn vi&ecirc;n đưa qu&yacute; kh&aacute;ch đi:</p>\r\n\r\n<p>Chi&ecirc;m ngưỡng khung cảnh b&igrave;nh y&ecirc;n của của l&ograve;ng hồ giữa đại ng&agrave;n T&acirc;y Nguy&ecirc;n</p>\r\n\r\n<p>Tham quan biệt điện nghỉ m&aacute;t tuyệt đẹp của vua Bảo Đại</p>\r\n\r\n<p>Trải nghiệm cưỡi voi v&agrave; gh&eacute; thăm c&aacute;c bu&ocirc;n l&agrave;ng của người d&acirc;n tộc tr&ecirc;n T&acirc;y Nguy&ecirc;n.&nbsp;</p>\r\n\r\n<p>Trưa: Qu&yacute; kh&aacute;ch d&ugrave;ng bữa trưa tại nh&agrave; h&agrave;ng địa phương. Sau đ&oacute;, xe đưa qu&yacute; kh&aacute;ch về kh&aacute;ch sạn l&agrave;m thủ tục nhận ph&ograve;ng để nghỉ ngơi.</p>\r\n\r\n<p>Chiều: Tiếp tục h&agrave;nh tr&igrave;nh tour Bu&ocirc;n M&ecirc; Thuột, xe đưa qu&yacute; kh&aacute;ch đến kh&aacute;m ph&aacute;:</p>\r\n\r\n<p>Bảo t&agrave;ng Văn h&oacute;a c&aacute;c D&acirc;n tộc T&acirc;y Nguy&ecirc;n: Qu&yacute; kh&aacute;ch tham quan một trong những bảo t&agrave;ng lớn nhất T&acirc;y Nguy&ecirc;n với những khu trưng b&agrave;y về văn h&oacute;a, đời sống, ng&ocirc;n ngữ v&agrave; phong tục tập qu&aacute;n của c&aacute;c d&acirc;n tộc T&acirc;y Nguy&ecirc;n.</p>\r\n\r\n<p>Tối: Qu&yacute; kh&aacute;ch ăn tối tại nh&agrave; h&agrave;ng v&agrave; tự do dạo chơi phố n&uacute;i Bu&ocirc;n M&ecirc; Thuột về đ&ecirc;m. Qu&yacute; kh&aacute;ch c&oacute; thể thưởng thức những t&aacute;ch c&agrave; ph&ecirc; đậm đ&agrave; nổi tiếng quốc tế (chi ph&iacute; tự t&uacute;c).</p>\r\n\r\n<p>Nghỉ đ&ecirc;m tại Bu&ocirc;n M&ecirc; Thuột.</p>\r\n\r\n<p><u><strong>NG&Agrave;Y 2: BU&Ocirc;N M&Ecirc; THUỘT &ndash; BU&Ocirc;N Đ&Ocirc;N (ĂN S&Aacute;NG/ TRƯA)</strong></u><br />\r\nS&aacute;ng: Qu&yacute; &nbsp;kh&aacute;ch d&ugrave;ng điểm t&acirc;m s&aacute;ng tại kh&aacute;ch sạn v&agrave; l&agrave;m thủ tục trả ph&ograve;ng. Tiếp tục h&agrave;nh tr&igrave;nh tour Bu&ocirc;n M&ecirc; Thuột 2 ng&agrave;y 1 đ&ecirc;m, xe đưa qu&yacute; kh&aacute;ch đi tham quan những điểm đến nổi tiếng nhất của xứ đại ng&agrave;n T&acirc;y Nguy&ecirc;n:</p>\r\n\r\n<p>Th&aacute;c Dray Nur: Con th&aacute;c h&ugrave;ng vĩ với d&ograve;ng nước trắng x&oacute;a đổ từ tr&ecirc;n cao tạo n&ecirc;n một khung cảnh ngoạn mục giữa d&ograve;ng s&ocirc;ng Serepok huyền thoại. Qu&yacute; kh&aacute;ch tự do tham quan v&agrave; chụp h&igrave;nh với th&aacute;c Dray Nur.</p>\r\n\r\n<p>Sau khi tham quan, xe tiếp tục đưa qu&yacute; kh&aacute;ch đến Bu&ocirc;n Đ&ocirc;n với những trải nghiệm th&uacute; vị:</p>\r\n\r\n<p>Tham quan nh&agrave; s&agrave;n cổ 120 tuổi của người L&agrave;o.</p>\r\n\r\n<p>Ngắm cảnh n&uacute;i rừng v&agrave; d&ograve;ng s&ocirc;ng Serepok thơ mộng.</p>\r\n\r\n<p>Tham quan ng&ocirc;i mộ v&agrave; lắng nghe c&acirc;u chuyện về vị Vua săn voi.</p>\r\n\r\n<p>Đi bộ hoặc đi xe đạp d&atilde; ngoại tại khu du lịch sinh th&aacute;i Bản Đ&ocirc;n.</p>\r\n\r\n<p>Ngắm cảnh rừng Yok Đ&ocirc;n h&ugrave;ng vĩ.</p>\r\n\r\n<p>Tham gia cưỡi voi tại bu&ocirc;n l&agrave;ng (chi ph&iacute; tự t&uacute;c).</p>\r\n\r\n<p>Trưa: Qu&yacute; kh&aacute;ch d&ugrave;ng bữa trưa tại Bu&ocirc;n Đ&ocirc;n với c&aacute;c m&oacute;n ăn đặc sản T&acirc;y Nguy&ecirc;n.</p>\r\n\r\n<p>Chiều: Sau khi ăn trưa v&agrave; nghỉ ngơi, qu&yacute; kh&aacute;ch tiếp tục tham quan:</p>\r\n\r\n<p>L&agrave;ng c&agrave; ph&ecirc; Trung Nguy&ecirc;n: Đến đ&acirc;y, qu&yacute; kh&aacute;ch sẽ được tham quan những vườn c&agrave; ph&ecirc; cổ v&agrave; t&igrave;m hiểu về c&aacute;c loại c&agrave; ph&ecirc; đặc trưng của Bu&ocirc;n M&ecirc; Thuột v&agrave; T&acirc;y Nguy&ecirc;n.</p>\r\n\r\n<p>Sau khi tham quan, xe v&agrave; hướng dẫn vi&ecirc;n đưa qu&yacute; kh&aacute;ch ra s&acirc;n bay hoặc trả tại điểm đ&oacute;n ban đầu v&agrave; chia tay đo&agrave;n. Kết th&uacute;c chương tr&igrave;nh tour Bu&ocirc;n M&ecirc; Thuột 2 ng&agrave;y 1 đ&ecirc;m, hẹn gặp lại qu&yacute; kh&aacute;ch tại những chương tr&igrave;nh tour du lịch gi&aacute; rẻ kh&aacute;c!</p>','20:52:38.567069','20:52:38.567069','images/2021/08/ransomware-2321110.jpg','Ban Mê Thuột','1900 3398',0,1,2099000,1,'2 ngày 1 đêm','Ô tô'),(2,'Tour du lịch Lục tỉnh miền Tây 4 ngày 3 đêm | Khám phá sông nước Nam Kì',1,'<p><strong><a href=\"https://www.vietnambooking.com/du-lich/tour-du-lich-mien-tay-song-nuoc-4-ngay-3-dem-tron-goi-tiet-kiem.html\">Tour du lịch miền T&acirc;y 4 ng&agrave;y 3 đ&ecirc;m</a>&nbsp;</strong>sẽ đưa du kh&aacute;ch đến với v&ugrave;ng đất cuối c&ugrave;ng của dải đất h&igrave;nh chữ S. H&agrave;nh tr&igrave;nh th&uacute; vị đi qua Lục tỉnh Nam K&igrave; sẽ mang đến cho bạn những trải nghiệm độc đ&aacute;o, kh&oacute; qu&ecirc;n.</p>\r\n\r\n<p><u><strong>ĐIỂM NỔI BẬT:</strong></u></p>\r\n\r\n<ul>\r\n	<li><strong>Trải nghiệm cuộc sống l&ecirc;nh đ&ecirc;nh tr&ecirc;n s&ocirc;ng Hậu ở chợ Nổi C&aacute;i Răng</strong></li>\r\n	<li><strong>T&igrave;m hiểu văn h&oacute;a v&agrave; cuộc sống của người d&acirc;n Nam Bộ đ&ocirc;n hậu, hiền h&ograve;a.</strong></li>\r\n	<li><strong>Tham quan loạt địa điểm nổi tiếng:&nbsp;</strong><strong>Bến Ninh Kiều,&nbsp;miếu</strong>&nbsp;<strong>B&agrave; Ch&uacute;a Xứ, Rừng Tr&agrave;m Tr&agrave; Sư,&nbsp;</strong><strong>nh&agrave; C&ocirc;ng Tử Bạc Li&ecirc;u</strong><strong>...</strong></li>\r\n</ul>\r\n\r\n<h3><strong><u>NG&Agrave;Y 01 |&nbsp;S&Agrave;I G&Ograve;N &ndash; C&Aacute;I B&Egrave; &ndash; VĨNH LONG &ndash; CH&Acirc;U ĐỐC (ĂN S&Aacute;NG/ TRƯA/ TỐI)</u></strong></h3>\r\n\r\n<p><strong><u>S&aacute;ng:</u>&nbsp;</strong>Xe v&agrave; hướng dẫn vi&ecirc;n (HDV) của&nbsp;<a href=\"https://www.vietnambooking.com/\" target=\"_blank\"><strong>Vietnam Booking</strong></a>&nbsp;đ&oacute;n du kh&aacute;ch tại điểm hẹn, bắt đầu chương tr&igrave;nh&nbsp;<strong>tour du lịch miền T&acirc;y 4 ng&agrave;y 3 đ&ecirc;m</strong>.&nbsp;</p>\r\n\r\n<p>Đo&agrave;n d&ugrave;ng bữa s&aacute;ng&nbsp;tại Mỹ Tho, sau đ&oacute; tiếp tục đến bến t&agrave;u C&aacute;i B&egrave; du ngoạn tr&ecirc;n s&ocirc;ng tham quan:&nbsp;</p>\r\n\r\n<ul>\r\n	<li><strong>Chợ nổi C&aacute;i B&egrave;:</strong>&nbsp;Ng&atilde; ba s&ocirc;ng nơi giao thương, trao đổi h&agrave;ng h&agrave;ng h&oacute;a tr&ecirc;n s&ocirc;ng, qu&yacute; kh&aacute;ch c&oacute; thể mua tr&aacute;i c&acirc;y trực tiếp tr&ecirc;n c&aacute;c ghe xuồng.</li>\r\n</ul>\r\n\r\n<p>T&agrave;u cập bến đưa qu&yacute; kh&aacute;ch tham quan c&aacute;c l&agrave;ng nghề truyền thống như nu&ocirc;i ong mật v&agrave; chế biến c&aacute;c sản phẩm l&agrave;m từ mật ong như sữa ong ch&uacute;a phấn hoa&hellip; tham quan l&ograve; sản xuất kẹo dừa, l&ograve; cốm, l&ograve; nấu rượu&hellip;<strong>&nbsp;</strong>Tại đ&acirc;y qu&yacute; kh&aacute;ch trực tiếp xem c&aacute;c c&aacute;c m&ocirc; h&igrave;nh sản xuất v&agrave; thưởng thức sản phẩm trực tiếp.</p>\r\n\r\n<p><strong><u>Trưa:</u></strong>&nbsp;T&agrave;u đưa qu&yacute; kh&aacute;ch đến nh&agrave; h&agrave;ng miệt vườn d&ugrave;ng cơm trưa, nghỉ ngơi thưởng thức tr&aacute;i c&acirc;y miệt vườn trước khi tiếp tục đi&nbsp;<strong>tour du lịch Lục tỉnh miền T&acirc;y</strong>.</p>\r\n\r\n<p>Đo&agrave;n&nbsp;uống tr&agrave; v&agrave; nghe biểu diễn đờn ca t&agrave;i tử Nam Bộ đặc sắc, sau đ&oacute;&nbsp;ra bến đ&ograve; đi đ&ograve; ch&egrave;o (xuồng ba l&aacute;) dọc bờ k&ecirc;nh ngắm cảnh miệt vườn.</p>\r\n\r\n<p>&nbsp;</p>\r\n\r\n<p><strong><u>Chiều:</u>&nbsp;</strong>T&agrave;u đưa qu&yacute; kh&aacute;ch trở lại bến t&agrave;u C&aacute;i B&egrave;, l&ecirc;n xe khởi h&agrave;nh đi Ch&acirc;u Đốc. Đến nơi đo&agrave;n&nbsp;nhận ph&ograve;ng kh&aacute;ch sạn.</p>\r\n\r\n<p><u><strong>Tối:</strong></u>&nbsp;Qu&yacute; kh&aacute;ch d&ugrave;ng cơm tối tại nh&agrave; h&agrave;ng.</p>\r\n\r\n<h3><u><strong>NG&Agrave;Y 02 |&nbsp;</strong><strong>CH&Acirc;U ĐỐC &ndash; TR&Agrave; SƯ CẦN THƠ&nbsp;</strong><strong>&nbsp;(ĂN S&Aacute;NG/ TRƯA/ TỐI)</strong></u></h3>\r\n\r\n<p><strong><u>S&aacute;ng:</u>&nbsp;</strong>Qu&yacute; kh&aacute;ch ăn s&aacute;ng tại kh&aacute;ch sạn.</p>\r\n\r\n<p>Sau đ&oacute; xe v&agrave; HDV đưa đo&agrave;n v&agrave;o n&uacute;i Sam viếng:</p>\r\n\r\n<ul>\r\n	<li><strong>Miếu B&agrave; Ch&uacute;a Xứ</strong>:&nbsp;C&ocirc;ng tr&igrave;nh c<strong>&oacute;&nbsp;</strong>kiến tr&uacute;c đẹp v&agrave; t&ocirc;n nghi&ecirc;m tọa lạc dưới ch&acirc;n&nbsp;n&uacute;i Sam, nổi tiếng hiển linh khắp cả nước.&nbsp;</li>\r\n	<li><strong>T&acirc;y An Cổ Tự</strong>: Ng&ocirc;i ch&ugrave;a mang phong c&aacute;ch nghệ thuật Ấn Độ độc đ&aacute;o kết hợp với kiến tr&uacute;c Việt Nam cổ xưa.</li>\r\n	<li><strong>Lăng Thoại Ngọc Hầu</strong>: Di t&iacute;ch lịch sử cấp quốc gia v&agrave; l&agrave; một trong những c&ocirc;ng tr&igrave;nh hiếm hoi c&ograve;n nguy&ecirc;n vẹn của&nbsp;thời Nguyễn ở đất T&acirc;y Nam Bộ.&nbsp;</li>\r\n</ul>\r\n\r\n<p>Tiếp tục h&agrave;nh tr&igrave;nh qu&yacute; kh&aacute;ch di chuyển theo hướng Tịnh Bi&ecirc;n dọc k&ecirc;nh Vĩnh Tế&nbsp;đi qua<strong>&nbsp;d&atilde;y Thất Sơn &ndash; N&uacute;i Cấm, N&uacute;i K&eacute;t</strong>&nbsp;v&agrave; những ng&ocirc;i ch&ugrave;a Khmer c&oacute; kiến tr&uacute;c độc đ&aacute;o.</p>\r\n\r\n<p>Đến&nbsp;<strong>rừng tr&agrave;m Tr&agrave; Sư</strong>, đo&agrave;n bắt đầu tham quan hệ sinh th&aacute;i rừng tr&agrave;m ngập nước tuyệt đẹp v&agrave;o buổi s&aacute;ng theo lộ tr&igrave;nh. Xuồng tắc r&aacute;ng&nbsp;đưa qu&yacute; kh&aacute;ch lướt đi tr&ecirc;n con đường độc đạo giữa rừng tr&agrave;m đến trạm dừng ch&acirc;n tiếp theo. Tại đ&acirc;y qu&yacute; kh&aacute;ch c&oacute; thể l&ecirc;n đ&agrave;i quan s&aacute;t ngắm to&agrave;n cảnh rừng tr&agrave;m Tr&agrave; Sư, đi bộ tr&ecirc;n đường đất, chụp ảnh c&acirc;y cầu bắc&nbsp;ngang qua bờ k&ecirc;nh.</p>\r\n\r\n<p><strong><u>Trưa:</u></strong>&nbsp;Đo&agrave;n&nbsp;đến khu vực nh&agrave; h&agrave;ng gữa chốn thi&ecirc;n nhi&ecirc;n hoang d&atilde;, d&ugrave;ng bữa trưa với&nbsp;c&aacute;c m&oacute;n đạm bạc.</p>\r\n\r\n<p>Sau đ&oacute; qu&yacute; kh&aacute;ch về lại bến đ&ograve;.</p>\r\n\r\n<p><u><strong>Chiều</strong>:</u>&nbsp;Xe đưa qu&yacute; kh&aacute;ch khởi h&agrave;nh đi&nbsp;<a href=\"https://www.vietnambooking.com/du-lich/tour-du-lich/du-lich-can-tho.html\"><strong>du lịch Cần Thơ</strong></a>.</p>\r\n\r\n<p><u><strong>Tối:</strong></u>&nbsp;Đến nơi&nbsp;qu&yacute; kh&aacute;ch nhận ph&ograve;ng v&agrave; d&ugrave;ng cơm tối tr&ecirc;n nh&agrave; h&agrave;ng du thuyền Cần Thơ, tự do kh&aacute;m ph&aacute; T&acirc;y Đ&ocirc; về đ&ecirc;m.</p>\r\n\r\n<p>&nbsp;</p>\r\n\r\n<h3><strong><u>NG&Agrave;Y 03 | CHỢ NỔI C&Aacute;I RĂNG &ndash; MŨI C&Agrave; MAU&nbsp;(ĂN S&Aacute;NG/ TRƯA/ TỐI)</u></strong></h3>\r\n\r\n<p><strong><u>S&aacute;ng:</u></strong>&nbsp;Qu&yacute; kh&aacute;ch đi&nbsp;<strong>chợ nổi C&aacute;i Răng</strong>&nbsp;l&agrave; chợ đầu mối chuy&ecirc;n mua b&aacute;n trao đổi h&agrave;ng h&oacute;a tr&ecirc;n s&ocirc;ng.</p>\r\n\r\n<p>Đo&agrave;n&nbsp;về kh&aacute;ch sạn d&ugrave;ng điểm t&acirc;m s&aacute;ng, trả ph&ograve;ng, sau đ&oacute; l&ecirc;n xe khởi h&agrave;nh đi C&agrave; Mau. Qu&yacute; kh&aacute;ch dừng ch&acirc;n ở trạm dừng ch&acirc;n T&acirc;n Hu&ecirc; Vi&ecirc;n &ndash;&nbsp;S&oacute;c Trăng mua đặc sản.</p>\r\n\r\n<p><u><strong>Trưa:</strong></u>&nbsp;Đến&nbsp;<strong>Năm Căn &ndash; C&agrave; Mau</strong>&nbsp;qu&yacute; kh&aacute;ch d&ugrave;ng cơm trưa, nghỉ ngơi.</p>\r\n\r\n<p><strong><u>Chiều:</u>&nbsp;</strong>Xe đưa đo&agrave;n khởi h&agrave;nh đi kh&aacute;m ph&aacute;&nbsp;<strong>Đất Mũi C&agrave; Mau</strong>, đi xuy&ecirc;n rừng ngập mặn ngắm cảnh hệ sinh th&aacute;i rừng ngập mặn phong ph&uacute;&hellip;</p>\r\n\r\n<ul>\r\n	<li>Tận mắt ngắm cảnh v&agrave; chụp ảnh lưu niệm tại&nbsp;<strong>Mốc tọa độ Quốc gia</strong>&nbsp;&ndash; GPS 0001, Pan&ocirc; biểu tượng Mũi C&agrave; Mau.</li>\r\n	<li>Chinh phục&nbsp;<strong>Vọng Hải Đ&agrave;i&nbsp;</strong>cao 20,5 m&eacute;t ngắm nh&igrave;n to&agrave;n cảnh Mũi C&agrave; Mau.</li>\r\n	<li>Tham quan Hệ sinh th&aacute;i rừng ngập mặn tại&nbsp;<strong>Vườn Quốc Gia Mũi C&agrave; Mau&nbsp;</strong>&ndash; Khu Dự trữ Sinh quyển Thế giới.<strong>&nbsp;&nbsp;</strong></li>\r\n</ul>\r\n\r\n<p><strong><u>Tối:</u>&nbsp;</strong>Qu&yacute; kh&aacute;ch d&ugrave;ng cơm tối đặc sản địa phương.&nbsp;</p>\r\n\r\n<h3><u><strong>NG&Agrave;Y 04 |&nbsp;</strong><strong>C&Agrave; MAU &ndash; BẠC LI&Ecirc;U&nbsp; &ndash; S&Agrave;I G&Ograve;N&nbsp;</strong><strong>(ĂN S&Aacute;NG/ TRƯA)</strong></u></h3>\r\n\r\n<p><u><strong>S&aacute;ng:</strong></u>&nbsp;Đo&agrave;n&nbsp;s&aacute;ng tại kh&aacute;ch sạn, trả ph&ograve;ng, sau đ&oacute; l&ecirc;n xe khởi h&agrave;nh về Bạc Li&ecirc;u tham quan c&aacute;c địa điểm&nbsp;<a href=\"https://www.vietnambooking.com/du-lich/tour-du-lich/du-lich-mien-tay.html\"><strong>du lịch miền T&acirc;y</strong></a>&nbsp;nổi tiếng:</p>\r\n\r\n<ul>\r\n	<li><strong>Nh&agrave; thờ&nbsp;</strong><strong><strong>T</strong>ắc Sậy:&nbsp;</strong>Qu&yacute; kh&aacute;ch&nbsp;viếng mộ Cha Trương Bửu Diệp &ndash; vị linh mục nổi tiếng được xem như một vị th&aacute;nh thi &acirc;n, gi&aacute;ng ph&uacute;c cho c&aacute;c t&iacute;n đồ.</li>\r\n	<li><strong>N</strong><strong><strong>h&agrave;&nbsp;</strong>C&ocirc;ng Tử Bạc Li&ecirc;u:</strong>&nbsp;X&acirc;y dựng năm 1919,&nbsp;được xem l&agrave; ng&ocirc;i nh&agrave; bề thế nhất ở Nam kỳ lục tỉnh l&uacute;c bấy giờ, ghi dấu&nbsp;giai thoại cuộc sống v&agrave;ng son một thời của cậu Ba Huy (Trần Trinh Huy).</li>\r\n	<li><strong>Khu tưởng niệm cố nhạc Sỹ Cao Văn Lầu:</strong>&nbsp;&nbsp;Di t&iacute;ch với tổng diện t&iacute;ch hơn 12.000 m2, l&agrave; nơi ghi dấu cuộc đời, sự nghiệp của cố nhạc sĩ.</li>\r\n</ul>\r\n\r\n<p><strong><u>Trưa:</u>&nbsp;</strong>Đo&agrave;n về S&oacute;c Trăng tham quan&nbsp;<strong>ch&ugrave;a Dơi</strong>, đến nh&agrave; h&agrave;ng d&ugrave;ng cơm trưa, nghỉ ngơi.&nbsp;</p>\r\n\r\n<p><strong><u>Chiều:</u>&nbsp;</strong>Sau khi d&ugrave;ng cơm trưa tại khu du lịch, đo&agrave;n tiếp tục&nbsp;khởi h&agrave;nh về th&agrave;nh phố Hồ Ch&iacute; Minh.</p>\r\n\r\n<p><strong><u>Tối:</u>&nbsp;</strong>Khoảng&nbsp;<strong>18h00</strong>&nbsp;Đo&agrave;n tham quan về đến điểm đ&oacute;n ban đầu, kết th&uacute;c chương tr&igrave;nh&nbsp;<strong><em>tour Lục tỉnh miền T&acirc;y&nbsp;</em></strong>đầy th&uacute; vị v&agrave; &yacute; nghĩa. HDV chia tay v&agrave; hẹn gặp lại du kh&aacute;ch trong c&aacute;c tour du lịch&nbsp;hấp dẫn kh&aacute;c.</p>\r\n\r\n<p>&nbsp;</p>\r\n\r\n<p><em><u><strong>Lưu &yacute;:</strong></u>&nbsp;Thứ tự v&agrave; chi tiết trong chương tr&igrave;nh c&oacute; thể thay đổi cho ph&ugrave; hợp với t&igrave;nh h&igrave;nh thực tế, nhưng vẫn đảm bảo đủ điểm đến tham quan!</em></p>','21:07:31.273670','21:07:42.373924','images/2021/08/tour-buon-me-thuot-2-ngay-1-dem-300x194.jpg','Hồ Chí Minh','1900 3398',0,1,3999000,2,'4 ngày 3 đêm','Ô tô'),(3,'Tour du lịch Mỹ Tho – Cần Thơ 2 ngày 1 đêm giá tốt, khởi hành từ TPHCM',1,'<p><a href=\"https://www.vietnambooking.com/du-lich/du-lich-my-tho-can-tho-2-ngay-gia-tot-khoi-hanh-tu-tphcm.html\"><strong>Tour Mỹ Tho Cần Thơ 2 ng&agrave;y 1 đ&ecirc;m</strong></a>&nbsp;sẽ đưa bạn đi qua những cung đường tươi đẹp của v&ugrave;ng đồng bằng s&ocirc;ng Cửu Long. Tại đ&acirc;y ch&uacute;ng ta sẽ được h&ograve;a c&ugrave;ng nhịp sống của miền s&ocirc;ng nước, thưởng thức ẩm thực đặc trưng trong kh&ocirc;ng gian trữ t&igrave;nh Nam Bộ.</p>\r\n\r\n<p><span style=\"color:#333333\"><span style=\"background-color:#f9f9f9\"><span style=\"color:#ff0000\"><u><strong>ĐIỂM HẤP DẪN NHẤT:</strong></u></span></span></span></p>\r\n\r\n<ul>\r\n	<li><span style=\"color:#008000\"><strong>Tham quan&nbsp;C&ugrave; Lao Thới Sơn thưởng thức vườn c&acirc;y ăn tr&aacute;i trĩu c&agrave;nh&nbsp;v&agrave; nghe&nbsp;đờn ca t&agrave;i tử Nam Bộ.&nbsp;</strong></span></li>\r\n	<li><span style=\"color:#008000\"><strong>Đi đ&ograve; kh&aacute;m ph&aacute; chợ nổi C&aacute;i Răng đặc trưng của miền T&acirc;y s&ocirc;ng nước.</strong></span></li>\r\n	<li><span style=\"color:#008000\"><strong>Tham quan ch&ugrave;a Vĩnh Tr&agrave;ng, thăm b&egrave; nu&ocirc;i c&aacute; nổi tr&ecirc;n s&ocirc;ng.</strong></span></li>\r\n</ul>\r\n\r\n<h3><u><strong>NG&Agrave;Y 01 |&nbsp;TPHCM &ndash; MỸ THO &ndash; CẦN THƠ (ĂN&nbsp;TRƯA/&nbsp;TỐI)</strong></u></h3>\r\n\r\n<p><u><strong>S&aacute;ng:</strong></u>&nbsp;Xe v&agrave; hướng dẫn vi&ecirc;n (HDV)&nbsp;<strong>Vietnam Booking</strong>&nbsp;đ&oacute;n du kh&aacute;ch tại điểm hẹn. Khởi h&agrave;nh đi&nbsp;Mỹ Tho, bắt đầu chương tr&igrave;nh&nbsp;<strong>tour&nbsp;Mỹ Tho&nbsp;Cần Thơ 2 ng&agrave;y 1 đ&ecirc;m</strong>.&nbsp;</p>\r\n\r\n<p>Đo&agrave;n bắt đầu chương tr&igrave;nh đi&nbsp;<a href=\"https://www.vietnambooking.com/du-lich/tour-du-lich/du-lich-mien-tay.html\"><strong>tour du lịch miền T&acirc;y</strong></a>:&nbsp;</p>\r\n\r\n<ul>\r\n	<li><strong>Ch&ugrave;a Vĩnh Tr&agrave;ng:</strong>&nbsp;Một trong những ng&ocirc;i ch&ugrave;a đẹp c&oacute; kiến tr&uacute;c nổi bật, mang&nbsp;n&eacute;t giao thoa văn h&oacute;a phương Đ&ocirc;ng v&agrave; phương T&acirc;y.</li>\r\n	<li><strong>B&egrave; nu&ocirc;i c&aacute; nổi:</strong>&nbsp;Thuyền chạy dọc theo những b&egrave; c&aacute; nổi, để du kh&aacute;ch t&igrave;m hiểu c&aacute;ch nu&ocirc;i c&aacute; tr&ecirc;n s&ocirc;ng của người d&acirc;n địa phương v&agrave; ngắm nh&igrave;n cầu Rạch Miễu.</li>\r\n	<li><strong>C&ugrave; Lao Thới Sơn:</strong>&nbsp;Du kh&aacute;ch tản bộ tr&ecirc;n đường l&agrave;ng, tham quan vườn c&acirc;y ăn tr&aacute;i, thưởng thức c&aacute;c loại tr&aacute;i c&acirc;y theo m&ugrave;a v&agrave; nghe&nbsp;<strong>đờn ca t&agrave;i tử Nam Bộ</strong>, tham quan&nbsp;<strong>trại nu&ocirc;i ong mật</strong>,&nbsp;<strong>l&ograve; kẹo dừa</strong>, thưởng thức tr&agrave; mật ong chanh, rượu chuối hột v&agrave; b&aacute;nh mứt. Trải nghiệm cảm gi&aacute;c&nbsp;<strong>ch&egrave;o xuồng Ba L&aacute;</strong>.&nbsp;</li>\r\n</ul>\r\n\r\n<p>Qu&yacute; kh&aacute;ch ngồi tr&ecirc;n xuồng ch&egrave;o ba l&aacute; ngắm nh&igrave;n 2 h&agrave;ng dừa nước thi&ecirc;n nhi&ecirc;n v&agrave; phong cảnh đơn sơ của miệt vườn.</p>\r\n\r\n<p><u><strong>Trưa</strong></u>: Trở ra thuyền lớn, qu&yacute; kh&aacute;ch đến tỉnh Bến Tre v&agrave;&nbsp;d&ugrave;ng cơm trưa tại&nbsp;<strong>KDL Việt &ndash; Nhật</strong>, thưởng thức c&aacute;c m&oacute;n ăn đặc sản miền t&acirc;y s&ocirc;ng nước.</p>\r\n\r\n<p><u><strong>Chiều</strong></u>: Qu&yacute; kh&aacute;ch nghỉ ngơi tr&ecirc;n những chiếc v&otilde;ng tại khu vực nh&agrave; h&agrave;ng hoặc tự t&uacute;c tham quan đường l&agrave;ng bằng xe đạp.</p>\r\n\r\n<ul>\r\n	<li>Đi xe ngựa tham đường l&agrave;ng x&atilde; T&acirc;n Thạch.</li>\r\n	<li>Gh&eacute; tham quan v&agrave; t&igrave;m hiểu l&ograve; kẹo dừa &ndash; đặc sản của Bến Tre.</li>\r\n</ul>\r\n\r\n<p>Kết th&uacute;c chương tr&igrave;nh đo&agrave;n di chuyển ra thuyền lớn về lại bến t&agrave;u, tiếp tục h&agrave;nh tr&igrave;nh đến&nbsp;<a href=\"https://www.vietnambooking.com/du-lich/tour-du-lich/du-lich-can-tho.html\"><strong>du lịch&nbsp;Cần Thơ</strong></a>, nhận ph&ograve;ng kh&aacute;ch sạn nghỉ ngơi.</p>\r\n\r\n<p><strong><u>Tối</u></strong>: Đo&agrave;n d&ugrave;ng bữa tối tại nh&agrave; h&agrave;ng, tự do dạo bến Ninh Kiều, chợ đ&ecirc;m Cần Thơ hoặc l&ecirc;n du thuyền tr&ecirc;n s&ocirc;ng Cần Thơ nghe ca nhạc t&agrave;i tử Nam Bộ.</p>\r\n\r\n<p>Qu&yacute; kh&aacute;ch nghỉ đ&ecirc;m tại Cần Thơ.</p>\r\n\r\n<h3><u><strong>NG&Agrave;Y 02 |&nbsp;CHỢ NỔI C&Aacute;I RĂNG &ndash; VƯỜN TR&Aacute;I C&Acirc;Y MỸ KH&Aacute;NH &ndash; TPHCM (ĂN S&Aacute;NG/&nbsp;TRƯA)</strong></u></h3>\r\n\r\n<p><strong><u>S&aacute;ng</u>:</strong>&nbsp;Qu&yacute; kh&aacute;ch dậy sớm, c&ugrave;ng t&igrave;m hiểu văn h&oacute;a của người d&acirc;n Cần Thơ với chuyến đ&ograve; tham quan&nbsp;<strong>chợ nổi C&aacute;i Răng&nbsp;</strong>đặc sắc. Chợ nổi đại diện cho văn h&oacute;a Miền T&acirc;y s&ocirc;ng nước.</p>\r\n\r\n<p>Qu&yacute; kh&aacute;ch c&oacute; thể trực tiếp mua tr&aacute;i c&acirc;y tr&ecirc;n ghe &ndash; thuyền, tiếp tục tham quan vườn tr&aacute;i c&acirc;y. Sau đ&oacute; t&agrave;u đưa qu&yacute; kh&aacute;ch trở lại bến t&agrave;u, tự do kh&aacute;m ph&aacute; chợ miền T&acirc;y.</p>\r\n\r\n<p><strong><u>Trưa</u>:</strong>&nbsp;Đo&agrave;n d&ugrave;ng bữa trưa với thực đơn hấp dẫn, nghỉ ngơi.&nbsp;</p>\r\n\r\n<p><strong><u>Chiều</u>:</strong>&nbsp;Đo&agrave;n khởi h&agrave;nh về TP.HCM, kết th&uacute;c&nbsp;<strong>tour Mỹ Tho Cần Thơ 2 ng&agrave;y 1 đ&ecirc;m</strong>. HDV chia tay v&agrave; hẹn gặp lại du kh&aacute;ch trong c&aacute;c&nbsp;tour du lịch&nbsp;&yacute; nghĩa kh&aacute;c.</p>','21:11:33.383264','21:11:33.383264','images/2021/08/du-lich-my-tho-can-tho-2-ngay-300x200.jpg','Hồ Chí Minh','1900 3398',0,1,1399000,2,'2 ngày 1 đêm','Ô tô'),(4,'Tour Cần Giờ 2 ngày 1 đêm khám phá Rừng Sát lịch sử',1,'<p>Đặt&nbsp;<strong>tour Cần Giờ 2 ng&agrave;y 1 đ&ecirc;m</strong>&nbsp;bạn sẽ được đến kh&aacute;m ph&aacute; huyện đảo nằm ở ph&iacute;a đ&ocirc;ng nam Th&agrave;nh phố Hồ Ch&iacute; Minh với những thảm rừng đước bạt ng&agrave;n v&agrave; c&acirc;y tr&aacute;i sum s&ecirc;.&nbsp;</p>\r\n\r\n<p><strong><u>NHỮNG ĐIỂM NỔI BẬT:</u></strong></p>\r\n\r\n<ul>\r\n	<li><strong>Nghỉ dưỡng resort&nbsp;H&ograve;n Ngọc Phương Nam 3*, tham gia tiệc Gala dinner l&yacute; th&uacute;.&nbsp;</strong></li>\r\n	<li><strong>Tự do tắm biển Cần Giờ trong xanh như ngọc.&nbsp;</strong></li>\r\n	<li><strong>Kh&aacute;m ph&aacute;&nbsp;Khu Du Lịch Rừng S&aacute;t, t&igrave;m hiểu&nbsp;Căn Cứ Rừng S&aacute;t lịch sử.&nbsp;</strong></li>\r\n</ul>\r\n\r\n<h3><strong><u>NG&Agrave;Y 01 |&nbsp;TP. HỒ CH&Iacute; MINH &ndash; CẦN GIỜ (ĂN TRƯA/ TỐI)</u></strong></h3>\r\n\r\n<p><strong><u>S&aacute;ng:&nbsp;</u></strong>Xe v&agrave; hướng dẫn vi&ecirc;n (HDV) Vietnam Booking đ&oacute;n đo&agrave;n tại điểm hẹn, khởi h&agrave;nh đi&nbsp;<strong>tour Cần Giờ 2 ng&agrave;y 1 đ&ecirc;m</strong>.&nbsp;</p>\r\n\r\n<p><strong><u>Trưa:</u></strong>&nbsp;Qu&yacute; kh&aacute;ch d&ugrave;ng cơm trưa tại nh&agrave; h&agrave;ng, tiếp tục lộ tr&igrave;nh đi&nbsp;<strong>tour&nbsp;du lịch TP. Hồ Ch&iacute; Minh</strong>&nbsp;đến Cần Giờ theo hướng về Nh&agrave; B&egrave;.</p>\r\n\r\n<p>Tới ph&agrave;&nbsp;<strong>B&igrave;nh Kh&aacute;nh</strong>, đo&agrave;n di chuyển l&ecirc;n ph&agrave; để đến Cần Giờ, ngắm nh&igrave;n to&agrave;n cảnh&nbsp;<strong>khu vực Nam S&agrave;i G&ograve;n</strong>&nbsp;tươi đẹp.&nbsp;</p>\r\n\r\n<p><strong><u>Chiều:</u></strong>&nbsp;Xe đưa qu&yacute; kh&aacute;ch về H&ograve;n Ngọc Phương Nam resort nhận ph&ograve;ng, tự do tắm biển, hồ bơi.</p>\r\n\r\n<p><strong><u>Tối:</u></strong>&nbsp;Đo&agrave;n d&ugrave;ng bữa tiệc&nbsp;<strong>BBQ Gala Dinner&nbsp;</strong>tại nh&agrave; h&agrave;ng H&ograve;n Ngọc Phương Nam Ressort, tham gia chương tr&igrave;nh&nbsp;giao lưu&nbsp;với c&aacute;c tr&ograve; chơi&nbsp;vui nhộn.</p>\r\n\r\n<p>Kết th&uacute;c chương tr&igrave;nh, đo&agrave;n tự do sinh hoạt về đ&ecirc;m tại resort.&nbsp;</p>\r\n\r\n<h3><strong><u>NG&Agrave;Y 02 |&nbsp;CẦN GIỜ &ndash; TP. HỒ CH&Iacute; MINH (ĂN S&Aacute;NG/ TRƯA)</u></strong></h3>\r\n\r\n<p><strong><u>S&aacute;ng:</u></strong>&nbsp;Qu&yacute; kh&aacute;ch d&ugrave;ng bữa buffet s&aacute;ng tại nh&agrave; h&agrave;ng, sau đ&oacute; tắm biển v&agrave; tự do sinh hoạt.&nbsp;</p>\r\n\r\n<p>Đo&agrave;n l&agrave;m thủ tục trả ph&ograve;ng, khởi h&agrave;nh đến tham quan&nbsp;<strong>Khu Du Lịch Rừng S&aacute;t&nbsp;</strong>v&agrave;&nbsp;t&igrave;m hiểu về đ&agrave;n khỉ thi&ecirc;n nhi&ecirc;n tại đ&acirc;y. Đi cano v&agrave;o&nbsp;<strong>Căn Cứ Rừng S&aacute;t</strong>, qu&yacute; kh&aacute;ch&nbsp;nghe kể về những chiến c&ocirc;ng của c&aacute;c đặc c&ocirc;ng rừng s&aacute;t.</p>\r\n\r\n<p><strong><u>Trưa:</u></strong>&nbsp;Đo&agrave;n đến d&ugrave;ng bữa trưa tại nh&agrave; h&agrave;ng.&nbsp;</p>\r\n\r\n<p>Kết th&uacute;c chương tr&igrave;nh qu&yacute; kh&aacute;ch di chuyển về lại điểm đ&oacute;n ban đầu, tr&ecirc;n đường đi đo&agrave;n gh&eacute; tham quan v&agrave; mua sắm&nbsp;đặc sản&nbsp;Cần Giờ.</p>\r\n\r\n<p><u><strong>Chiều:</strong></u>&nbsp;Đo&agrave;n về đến S&agrave;i G&ograve;n,&nbsp;kết th&uacute;c<strong>&nbsp;tour Cần Giờ 2 ng&agrave;y 1 đ&ecirc;m</strong>. HDV Vietnam Booking thay mặt c&ocirc;ng ty chia tay v&agrave; hẹn gặp lại qu&yacute; kh&aacute;ch trong những&nbsp;<strong>tour gi&aacute; rẻ</strong>&nbsp;tiếp theo!</p>\r\n\r\n<p><em><u><strong>Lưu &yacute;:</strong></u>&nbsp;Thứ tự c&aacute;c điểm tham quan c&oacute; thể thay đổi cho ph&ugrave; hợp với t&igrave;nh h&igrave;nh thực tế nhưng vẫn đảm bảo thực hiện đầy đủ nội dung chương tr&igrave;nh.</em></p>\r\n\r\n<div id=\"gtx-trans\" style=\"left:205px; position:absolute; top:693.6px\">\r\n<div class=\"gtx-trans-icon\">&nbsp;</div>\r\n</div>','21:14:30.502004','21:14:30.502004','images/2021/08/tour-can-gio-2-ngay-1-dem-2-300x194.jpg','Hồ Chí Minh','1900 3398',0,1,1899000,2,'2 ngày 1 đêm','Ô tô , Tàu thủy'),(5,'Tour du lịch Quan Lạn 2 ngày 1 đêm | Khám phá miền biển vắng',1,'<p><strong>Tour du lịch Quan Lạn 2 ng&agrave;y 1 đ&ecirc;m<em>&nbsp;</em></strong>khởi h&agrave;nh&nbsp;từ H&agrave; Nội sẽ đưa qu&yacute; kh&aacute;ch về miền biển vắng với những cảnh sắc thi&ecirc;n nhi&ecirc;n hoang sơ quyến rũ.&nbsp;</p>\r\n\r\n<p><span style=\"color:#ff0000\"><u><strong>ĐIỂM HẤP DẪN NHẤT:</strong></u></span></p>\r\n\r\n<ul>\r\n	<li><span style=\"color:#006400\">Kh&aacute;m ph&aacute; biển đảo Quan Lạn với vẻ đẹp hoang sơ, quyến rũ</span></li>\r\n	<li><span style=\"color:#006400\">Thỏa th&iacute;ch vui chơi, tắm biển tại những b&atilde;i biển trong xanh m&aacute;t rượi</span></li>\r\n	<li><span style=\"color:#006400\">Chi&ecirc;m ngưỡng biển Minh Ch&acirc;u - một trong những b&atilde;i biển đẹp nhất Việt Nam</span></li>\r\n	<li><span style=\"color:#006400\">Tham quan những di t&iacute;ch lịch sử v&agrave; t&igrave;m hiểu cuộc sống người d&acirc;n tr&ecirc;n đảo</span></li>\r\n	<li><span style=\"color:#006400\">Thưởng thức hải sản tươi ngon của biển đảo Quan Lạn</span></li>\r\n</ul>\r\n\r\n<h3><u><strong>NG&Agrave;Y 1: H&Agrave; NỘI &ndash; ĐẢO QUAN LẠN (ĂN TRƯA/TỐI)</strong></u></h3>\r\n\r\n<p><u><strong>S&aacute;ng:</strong></u>&nbsp;Xe v&agrave; hướng dẫn vi&ecirc;n sẽ đ&oacute;n qu&yacute; kh&aacute;ch tại điểm hẹn để khởi h&agrave;nh đi V&acirc;n Đồn v&agrave; bắt đầu h&agrave;nh tr&igrave;nh&nbsp;<u><em>tour du lịch Quan Lạn 2 ng&agrave;y 1 đ&ecirc;m</em></u>.&nbsp;</p>\r\n\r\n<p><u><strong>Trưa:</strong></u>&nbsp;Đến&nbsp;<strong>V&acirc;n Đồn</strong>, qu&yacute; kh&aacute;ch d&ugrave;ng bữa trưa tại nh&agrave; h&agrave;ng địa phương.</p>\r\n\r\n<p><u><strong>Chiều:</strong></u>&nbsp;Qu&yacute; kh&aacute;ch l&ecirc;n t&agrave;u cao tốc khởi h&agrave;nh đến đảo Quan Lạn. Tr&ecirc;n t&agrave;u, qu&yacute; kh&aacute;ch sẽ được chi&ecirc;m ngưỡng khung cảnh thi&ecirc;n nhi&ecirc;n h&ugrave;ng vĩ của&nbsp;<strong>vịnh B&aacute;i Tử Long</strong>, một trong những vịnh đẹp nhất của&nbsp;<strong>du lịch Quảng Ninh</strong>.</p>\r\n\r\n<p><strong>14h30:</strong>&nbsp;Qu&yacute; kh&aacute;ch cập bến&nbsp;<strong>đảo Quan Lạn</strong>, xe đưa qu&yacute; kh&aacute;ch về kh&aacute;ch sạn nhận ph&ograve;ng v&agrave; nghỉ ngơi. Sau đ&oacute;, qu&yacute; kh&aacute;ch c&oacute; thể tự do tắm biển, h&ograve;a m&igrave;nh l&agrave;n nước trong xanh của biển Quan Lạn tuyệt đẹp.</p>\r\n\r\n<p>Ngo&agrave;i ra, qu&yacute; kh&aacute;ch c&oacute; thể tự do tham quan c&aacute;c địa điểm:&nbsp;<em>Đ&igrave;nh Quan Lạn, ch&ugrave;a Quan Lạn (Linh Quang tự), miếu Đức &Ocirc;ng,&hellip;.</em></p>\r\n\r\n<p><u><strong>Tối:</strong></u>&nbsp;Qu&yacute; kh&aacute;ch d&ugrave;ng bữa tối tại nh&agrave; h&agrave;ng địa phương v&agrave; tự do tham quan kh&aacute;m ph&aacute; biển Quan Lạn về đ&ecirc;m. Sau đ&oacute;, qu&yacute; kh&aacute;ch về kh&aacute;ch sạn nghỉ ngơi. Kết th&uacute;c ng&agrave;y đầu ti&ecirc;n của h&agrave;nh tr&igrave;nh<strong>&nbsp;tour du lịch Quan Lạn 2 ng&agrave;y 1 đ&ecirc;m</strong>.</p>\r\n\r\n<h3><u><strong>NG&Agrave;Y 2: ĐẢO QUAN LẠN &ndash; H&Agrave; NỘI (ĂN S&Aacute;NG/ TRƯA)</strong></u></h3>\r\n\r\n<p><u><strong>S&aacute;ng:</strong></u>&nbsp;Qu&yacute; kh&aacute;ch c&oacute; thể thức dậy sớm để đ&oacute;n &aacute;nh&nbsp;<strong>b&igrave;nh minh tr&ecirc;n đảo Quan Lạn</strong>&nbsp;tuyệt đẹp. Qu&yacute; kh&aacute;ch tận hưởng gi&acirc;y ph&uacute;t thư th&aacute;i, h&ograve;a m&igrave;nh v&agrave;o thi&ecirc;n nhi&ecirc;n biển đảo trong tiếng s&oacute;ng vỗ r&igrave; r&agrave;o v&agrave; những tia nắng nhẹ buổi sớm.</p>\r\n\r\n<p>Sau đ&oacute;, qu&yacute; kh&aacute;ch trở lại d&ugrave;ng bữa s&aacute;ng tại nh&agrave; h&agrave;ng. Sau đ&oacute;, xe v&agrave; hướng dẫn vi&ecirc;n đưa qu&yacute; kh&aacute;ch đến b&atilde;i tắm được mệnh danh l&agrave; một trong những b&atilde;i biển đẹp nhất Việt Nam.</p>\r\n\r\n<ul>\r\n	<li>\r\n	<p><strong>B&atilde;i biển Minh Ch&acirc;u:</strong>&nbsp;Qu&yacute; kh&aacute;ch chi&ecirc;m ngưỡng khung cảnh biển xanh &ndash; c&aacute;t trắng &ndash; nắng v&agrave;ng đẹp như một thi&ecirc;n đường ngủ qu&ecirc;n. Sau đ&oacute;, qu&yacute; kh&aacute;ch c&oacute; thể tự do tắm biển, nằm phơi nắng v&agrave; tham gia c&aacute;c hoạt động th&uacute; vị tr&ecirc;n biển.</p>\r\n	</li>\r\n</ul>\r\n\r\n<p><u><strong>Trưa:</strong></u>&nbsp;Qu&yacute; kh&aacute;ch d&ugrave;ng bữa trưa tại nh&agrave; h&agrave;ng địa phương với những m&oacute;n ăn hải sản hấp dẫn.&nbsp;</p>\r\n\r\n<p><u><strong>Chiều:</strong></u>&nbsp;Qu&yacute; kh&aacute;ch l&agrave;m thủ tục trả ph&ograve;ng. Sau đ&oacute;, xe đưa qu&yacute; kh&aacute;ch đi tham quan c&aacute;c danh thắng, đền ch&ugrave;a tr&ecirc;n đảo Quan Lạn:&nbsp;<em>Miếu thờ vị tướng Trần Kh&aacute;nh Dư, đền thờ ba anh em họ Phạm,&hellip;&nbsp;</em>Qu&yacute; kh&aacute;ch lắng nghe c&aacute;c c&acirc;u chuyện lịch sử gắn liền với cuộc sống của người d&acirc;n tr&ecirc;n đảo.</p>\r\n\r\n<p>Sau khi tham quan, qu&yacute; kh&aacute;ch tạm biệt đảo Quan Lạn v&agrave; l&ecirc;n t&agrave;u cao tốc trở về V&acirc;n Đồn.</p>\r\n\r\n<p>T&agrave;u cập bến V&acirc;n Đồn, xe đưa qu&yacute; kh&aacute;ch gh&eacute; thăm&nbsp;<strong>chợ hải sản tại V&acirc;n Đồn</strong>&nbsp;để tham quan v&agrave; mua hải sản về l&agrave;m qu&agrave;.</p>\r\n\r\n<p><u><strong>Tối:</strong></u>&nbsp;Về đến H&agrave; Nội, xe v&agrave; HDV đưa qu&yacute; kh&aacute;ch về lại điểm đ&oacute;n ban đầu. Kết th&uacute;c chương tr&igrave;nh&nbsp;<u><em>tour du lịch Quan Lạn 2 ng&agrave;y 1 đ&ecirc;m</em></u>, hẹn gặp lại qu&yacute; kh&aacute;ch v&agrave;o những&nbsp;<strong>tour du lịch gi&aacute; rẻ</strong>&nbsp;tiếp theo.</p>\r\n\r\n<div id=\"gtx-trans\" style=\"left:311px; position:absolute; top:961.4px\">\r\n<div class=\"gtx-trans-icon\">&nbsp;</div>\r\n</div>','21:18:41.825069','21:18:41.825069','images/2021/08/tour-du-lich-quan-lan-2-ngay-1-dem-3-300x194.jpg','Hà Nội','1900 3398',0,1,1859000,3,'2 ngày 1 đêm','Ô tô , Tàu thủy'),(6,'Tour đi Mỹ Tiêm Vắc Xin kết hợp nghỉ dưỡng, khám phá Los Angeles trọn gói 28 ngày',1,'<p>Chương tr&igrave;nh<strong>&nbsp;tour đi Mỹ kết hợp ti&ecirc;m vắc xin</strong>&nbsp;trọn g&oacute;i 28 ng&agrave;y đang được nhiều người t&igrave;m kiếm sau nhiều ng&agrave;y tr&ocirc;ng đợi để đến Mỹ thăm th&acirc;n, ti&ecirc;m chủng kết hợp du lịch nghỉ dưỡng.&nbsp;</p>\r\n\r\n<p><strong><u>NHỮNG ĐIỂM NỔI BẬT:</u></strong></p>\r\n\r\n<ul>\r\n	<li><strong>H&agrave;nh tr&igrave;nh ti&ecirc;m chủng - nghỉ ngơi - kh&aacute;m ph&aacute; trọn vẹn nước Mỹ trong 28 ng&agrave;y.&nbsp;</strong></li>\r\n	<li><strong>Thăm c&aacute;c trung t&acirc;m thương mại, khu người Việt nổi tiếng:&nbsp;Wallmart,&nbsp;Little Saigon, Ph&uacute;c Lộc Thọ,&nbsp;Costco...&nbsp;</strong></li>\r\n	<li><strong>Tham quan c&aacute;c điểm đến nổi tiếng:&nbsp;Đại Lộ Danh Vọng, đồi&nbsp;Beverly Hill...</strong></li>\r\n	<li><strong>2 lần ti&ecirc;m vắc xin&nbsp;COVID-19.</strong></li>\r\n	<li><strong>Trọn g&oacute;i v&eacute; m&aacute;y bay khứ hồi Mỹ, visa, thủ tục&nbsp;nhập cảnh v&agrave; lưu tr&uacute; trong kh&aacute;ch sạn 4-5* Hilton, Hyatt.</strong></li>\r\n</ul>\r\n\r\n<h3><strong><u>NG&Agrave;Y 01| TP. HỒ CH&Iacute; MINH &ndash; LOS ANGELES (ĂN T&Ocirc;́I)</u></strong></h3>\r\n\r\n<p><strong><u>S&aacute;ng:</u></strong>&nbsp;Nh&acirc;n vi&ecirc;n&nbsp;<strong>Vietnam Booking</strong>&nbsp;đ&oacute;n đo&agrave;n tại s&acirc;n bay T&acirc;n Sơn Nhất, hỗ trợ qu&yacute; kh&aacute;ch l&agrave;m thủ tục đ&aacute;p chuyến bay đến Los Angeles, bắt đầu h&agrave;nh tr&igrave;nh&nbsp;<strong>tour đi Mỹ&nbsp;ti&ecirc;m vắc xin</strong>.</p>\r\n\r\n<p><strong><u>Trưa:</u></strong>&nbsp;Đến Hongkong qu&aacute; cảnh, qu&yacute; kh&aacute;ch chuyển tiếp chuyến bay tiếp tục đi Mỹ. &nbsp;</p>\r\n\r\n<p><strong><u>Tối:</u></strong>&nbsp;Hạ c&aacute;nh s&acirc;n bay Los Angeles, xe v&agrave; hướng dẫn vi&ecirc;n (HDV) đ&oacute;n kh&aacute;ch về kh&aacute;ch sạn nhận ph&ograve;ng, đi d&ugrave;ng cơm chiều v&agrave; tự do nghỉ ngơi.</p>\r\n\r\n<h3><strong><u>NG&Agrave;Y 02 | TIÊM VACCINE COVID 19 &ndash;&nbsp;</u></strong><u><strong>THAM QUAN LITTLE SAIGON</strong></u><strong><u>&nbsp;(ĂN S&Aacute;NG/ TRƯA/ TỐI)</u></strong></h3>\r\n\r\n<p><strong><u>S&aacute;ng:</u></strong>&nbsp;Xe đ&oacute;n đo&agrave;n tại kh&aacute;ch sạn, đưa qu&yacute; kh&aacute;ch đi d&ugrave;ng bữa s&aacute;ng.</p>\r\n\r\n<p>Sau đ&oacute; HDV đưa mọi người đến nơi ti&ecirc;m chủng (đ&atilde; được chỉ định v&agrave; đăng k&yacute; trước của ch&iacute;nh phủ Hoa Kỳ) tiến h&agrave;nh ti&ecirc;m c&aacute;c loại vắc xin theo lựa chọn. Đ&acirc;y đều l&agrave; những loại c&oacute; hiệu quả trong việc ngăn chặn bệnh do COVID-19 l&ecirc;n đến 95%, t&ugrave;y theo nhu cầu m&agrave; qu&yacute; kh&aacute;ch c&oacute; thể&nbsp;đăng k&yacute; ti&ecirc;m vắc xin COVID 19 tương ứng.&nbsp;</p>\r\n\r\n<ul>\r\n	<li><strong>Pfizer:</strong>&nbsp;Ti&ecirc;m 2 mũi c&aacute;ch nhau 21 ng&agrave;y (3 tuần).</li>\r\n	<li><strong>Moderna:</strong>&nbsp;Ti&ecirc;m 2 mũi c&aacute;ch nhau 28 ng&agrave;y (4 tuần). Theo c&aacute;c chuy&ecirc;n gia ti&ecirc;m đủ hai liều sẽ c&oacute; hiệu quả bảo vệ k&eacute;o d&agrave;i trong 6 th&aacute;ng.</li>\r\n	<li><strong>Johnson &amp; Johnson&nbsp;(Được khuyến kh&iacute;ch):&nbsp;</strong>Ti&ecirc;m 1 mũi duy nhất, được c&aacute;c chuy&ecirc;n gia vắc xin của Tổ chức Y tế thế giới (WHO) khuyến kh&iacute;ch sử dụng tại c&aacute;c quốc gia đang c&oacute; biến thể mới của virus SARS-CoV-2 l&acirc;y lan.</li>\r\n</ul>\r\n\r\n<p>Sau khi ti&ecirc;m xong mọi người nghỉ ngơi tại nơi ti&ecirc;m chủng trong &iacute;t nhất l&agrave;&nbsp;<strong>15 ph&uacute;t</strong>&nbsp;với sự gi&aacute;m s&aacute;t của đội ngũ nh&acirc;n vi&ecirc;n y tế Hoa Kỳ.</p>\r\n\r\n<p><strong><u>Trưa:</u></strong>&nbsp;Đo&agrave;n đi d&ugrave;ng bữa trưa, về kh&aacute;ch sạn nghỉ ngơi.</p>\r\n\r\n<p><strong><u>Chiều:</u></strong>&nbsp;Gh&eacute; thăm&nbsp;<strong>Little Sai Gon</strong>&nbsp;&ndash; khu thương mại đầu ti&ecirc;n của người Việt tại Mỹ, đo&agrave;n dạo phố Bolsa v&agrave; đến&nbsp;<strong>Phước Lộc Thọ</strong>.</p>\r\n\r\n<p><strong><u>Tối:</u></strong>&nbsp;Đến nh&agrave; h&agrave;ng d&ugrave;ng bữa tối, về ph&ograve;ng nghỉ ngơi. HDV sẽ thường xuy&ecirc;n li&ecirc;n lạc, theo d&otilde;i, gi&aacute;m s&aacute;t sức khoẻ sau khi ti&ecirc;m chủng.</p>\r\n\r\n<h3><u><strong>NG&Agrave;Y 03 | GETTY CENTER &ndash; NGHỈ NGƠI&nbsp;(ĂN S&Aacute;NG)</strong></u></h3>\r\n\r\n<p><strong><u>S&aacute;ng:</u></strong>&nbsp;Xe v&agrave; HDV đ&oacute;n đo&agrave;n tại kh&aacute;ch sạn đi d&ugrave;ng bữa s&aacute;ng</p>\r\n\r\n<p>Sau khi d&ugrave;ng xong bữa, qu&yacute; kh&aacute;ch bắt đầu h&agrave;nh tr&igrave;nh đi&nbsp;<strong>tour du lịch Mỹ</strong>:</p>\r\n\r\n<ul>\r\n	<li><strong>Getty Center:</strong>&nbsp;Trung t&acirc;m văn h&oacute;a v&agrave; l&agrave; bảo t&agrave;ng nghệ thuật nổi tiếng&nbsp;với c&aacute;c bộ sưu tập tranh của những họa sĩ nổi tiếng Van Gogh, Monet, Cezanne&hellip; với kiến tr&uacute;c h&agrave;i h&ograve;a với thi&ecirc;n nhi&ecirc;n.&nbsp;</li>\r\n	<li><strong>Khu vực Citywalk:</strong>&nbsp;Nằm b&ecirc;n ngo&agrave;i&nbsp;<strong>phim trường Hollywood&nbsp;</strong>nơi bạn c&oacute; thể mua sắm c&aacute;c mặt h&agrave;ng theo sở th&iacute;ch.</li>\r\n</ul>\r\n\r\n<p><strong><u>Trưa:</u></strong>&nbsp;Xe đưa đo&agrave;n ra s&acirc;n bay, HDV hỗ trợ qu&yacute; kh&aacute;ch l&agrave;m thủ tục check-in đ&aacute;p chuyến đi đến th&agrave;nh phố Qu&yacute; kh&aacute;ch đ&atilde; chỉ định trước để thăm th&acirc;n (Nếu c&oacute;).</p>\r\n\r\n<h3><strong><u>NG&Agrave;Y 04,5,6,7,8,9,10,11,12,13,14,15,16,17,18,19,20,</u></strong><u><strong>21| TỰ DO THĂM TH&Acirc;N</strong></u></h3>\r\n\r\n<p>Đo&agrave;n&nbsp;đi thăm th&acirc;n theo kế hoạch như dự định, lịch tr&igrave;nh&nbsp;thăm th&acirc;n c&oacute; thể thay đổi theo y&ecirc;u cầu của mỗi người, qu&yacute; kh&aacute;ch cần li&ecirc;n hệ trước với HDV để th&ocirc;ng b&aacute;o. Nếu kh&ocirc;ng thăm th&acirc;n bạn c&oacute; thể đăng k&yacute; đi tour Mỹ đến tham quan nhiều th&agrave;nh phố xinh đẹp kh&aacute;c với ch&uacute;ng t&ocirc;i&nbsp;<em>(Li&ecirc;n hệ)</em>.</p>\r\n\r\n<h3><strong><u>NG&Agrave;Y 22&nbsp;| QUAY LẠI LOS ANGELES &ndash; NGHỈ NGƠI TỰ DO (ĂN T&Ocirc;́I)</u></strong></h3>\r\n\r\n<p><strong><u>Tối:</u></strong>&nbsp;HDV đ&oacute;n qu&yacute; kh&aacute;ch tại s&acirc;n bay Los Angeles đến d&ugrave;ng bữa tối tại nh&agrave; h&agrave;ng.</p>\r\n\r\n<p>Sau đ&oacute; tới kh&aacute;ch sạn nhận ph&ograve;ng nghỉ ngơi, hồi phục sức khỏe sau chuyến bay (nếu c&oacute;), chuẩn bị cho mũi thứ 2 trong&nbsp;<strong>tour du lịch ti&ecirc;m vắc xin ở Mỹ</strong>&nbsp;(&Aacute;p dụng cho mũi Pfizer).</p>\r\n\r\n<h3><strong><u>NG&Agrave;Y 23 | TIÊM VẮC XIN MŨI 2 &ndash; MUA SẮM TẠI TRUNG T&Acirc;M THƯƠNG MẠI (ĂN S&Aacute;NG/ TRƯA/ TỐI)</u></strong></h3>\r\n\r\n<p><strong><u>S&aacute;ng:</u>&nbsp;</strong>Đo&agrave;n tập trung đi d&ugrave;ng điểm t&acirc;m s&aacute;ng, sau đ&oacute; di chuyển đến nơi ti&ecirc;m chủng tiến h&agrave;nh ti&ecirc;m mũi thứ 2. Qu&yacute; kh&aacute;ch nghỉ ngơi ở nơi ti&ecirc;m &iacute;t nhất 15 ph&uacute;t dưới sự gi&aacute;m s&aacute;t của đội ngũ nh&acirc;n vi&ecirc;n y tế Hoa Kỳ.</p>\r\n\r\n<p><strong><u>Trưa:</u></strong>&nbsp;D&ugrave;ng bữa trưa tại nh&agrave; h&agrave;ng.</p>\r\n\r\n<p><strong><u>Chiều:</u></strong>&nbsp;Xe đưa qu&yacute; kh&aacute;ch đến mua sắm tại c&aacute;c trung t&acirc;m thương mại lớn như:&nbsp;<strong>Wallmart, Best Buy, Macy, Cotsco</strong>&hellip;</p>\r\n\r\n<p><strong><u>Tối:&nbsp;</u></strong>Đo&agrave;n d&ugrave;ng bữa tối, nghỉ ngơi trong kh&aacute;ch sạn. HDV cũng sẽ thường xuy&ecirc;n li&ecirc;n lạc để gi&aacute;m s&aacute;t sức khỏe sau ti&ecirc;m chủng.</p>\r\n\r\n<h3><strong><u>NG&Agrave;Y 24 | ĐẠI LỘ DANH VỌNG &ndash; BEVERLY HILL&nbsp;(ĂN S&Aacute;NG/ TRƯA/ TỐI)</u></strong></h3>\r\n\r\n<p><strong><u>S&aacute;ng:</u></strong>&nbsp;Đo&agrave;n d&ugrave;ng điểm t&acirc;m ở kh&aacute;ch sạn.</p>\r\n\r\n<p>Xe đưa qu&yacute; kh&aacute;ch đến kh&aacute;m ph&aacute; c&aacute;c địa điểm vui chơi nổi tiếng tại đ&acirc;y như:</p>\r\n\r\n<ul>\r\n	<li><strong>Đại Lộ Danh Vọng (Hollywood Walk of Fame):&nbsp;</strong>Nơi gắn hơn 2.600 ng&ocirc;i sao năm c&aacute;nh c&aacute;ch nhau 6 foot, để lưu danh những ng&ocirc;i sao n&ocirc;̉i tiếng c&oacute; đ&oacute;ng g&oacute;p lớn trong l&agrave;ng điện ảnh, truyền h&igrave;nh, &acirc;m nhạc của Mỹ.&nbsp;</li>\r\n	<li><strong>Nhà hát Kodak:&nbsp;</strong>Hiện c&oacute; c&aacute;i&nbsp;t&ecirc;n kh&aacute;c l&agrave; nh&agrave; h&aacute;t Dolby,&nbsp;kh&aacute;n đ&agrave;i biểu diễn b&ecirc;n trong trung t&acirc;m thương mại Hollywood and Highland Center. Nơi được chọn để cử h&agrave;nh giải&nbsp;Oscar danh giá hàng năm của làng đi&ecirc;̣n ảnh Mỹ.&nbsp;</li>\r\n	<li><strong>Nhà hát Trung Hoa:</strong>&nbsp;Cung điện của giới điện ảnh,&nbsp;nơi c&ocirc;ng chi&ecirc;́u giới thi&ecirc;̣u những b&ocirc;̣ phim Hollywood trước khi tung ra thị trường.</li>\r\n</ul>\r\n\r\n<p><strong><u>Trưa:</u></strong>&nbsp;Đo&agrave;n đến nh&agrave; h&agrave;ng d&ugrave;ng cơm, tiếp tục h&agrave;nh tr&igrave;nh.</p>\r\n\r\n<p><strong><u>Chiều:</u></strong>&nbsp;Tham quan th&agrave;nh phố thi&ecirc;n thần:&nbsp;</p>\r\n\r\n<ul>\r\n	<li><strong>Đại lộ ho&agrave;ng h&ocirc;n Sunset Boulevard:&nbsp;</strong>D&agrave;i khoảng 35 km chạy theo h&igrave;nh v&ograve;ng cung quanh n&uacute;i.&nbsp;</li>\r\n	<li><strong>Đồi Beverly Hill:</strong>&nbsp;Nơi ở của nhiều nghệ sĩ nổi tiếng Holywood v&agrave; người gi&agrave;u c&oacute;.</li>\r\n</ul>\r\n\r\n<p><strong><u>Tối:</u></strong>&nbsp;Trở về kh&aacute;ch sạn nghỉ ngơi sau một ng&agrave;y tham quan, qu&yacute; kh&aacute;ch c&oacute; thể tự do kh&aacute;m ph&aacute; th&agrave;nh phố về đ&ecirc;m.&nbsp;</p>\r\n\r\n<h3><strong><u>NG&Agrave;Y 25&nbsp;| CITY TOUR LOS ANGELES (ĂN S&Aacute;NG/ TRƯA/ TỐI)</u></strong></h3>\r\n\r\n<p><strong><u>S&aacute;ng:</u></strong>&nbsp;Qu&yacute; kh&aacute;ch d&ugrave;ng bữa s&aacute;ng tại kh&aacute;ch sạn, bắt đầu h&agrave;nh tr&igrave;nh&nbsp;<strong>city tour Los Angeles</strong>.&nbsp;</p>\r\n\r\n<ul>\r\n	<li><strong>C&ocirc;ng vi&ecirc;n Griffith:</strong>&nbsp;Sở hữu<strong>&nbsp;</strong>diện t&iacute;ch hơn 4.107 ha&nbsp;đ&acirc;y l&agrave; một trong những c&ocirc;ng vi&ecirc;n đ&ocirc; thị lớn v&agrave; nổi tiếng nhất của Mỹ.&nbsp;</li>\r\n</ul>\r\n\r\n<p><strong><u>Trưa:</u></strong>&nbsp;Qu&yacute; kh&aacute;ch đến d&ugrave;ng bữa tại nh&agrave; h&agrave;ng địa phương.&nbsp;</p>\r\n\r\n<p><strong><u>Chiều:</u></strong>&nbsp;Đo&agrave;n đến tham quan:&nbsp;</p>\r\n\r\n<ul>\r\n	<li><strong>Nh&agrave; biểu diễn nhạc Walt Disney:&nbsp;</strong>Sảnh h&ograve;a nhạc do Frank Gehry thiết kế c&oacute; kiến tr&uacute;c đẹp, độc đ&aacute;o v&agrave; &acirc;m thanh v&ocirc; c&ugrave;ng tuyệt vời.&nbsp;</li>\r\n	<li><strong>B&atilde;i biển Venice:&nbsp;</strong>Thi&ecirc;n đường biển nơi ch&uacute;ng ta c&oacute; thể đắm&nbsp;m&igrave;nh trong l&agrave;n nước biển m&aacute;t lạnh v&agrave;&nbsp;tắm nắng, lướt s&oacute;ng.&nbsp;</li>\r\n</ul>\r\n\r\n<p><strong><u>Tối:</u></strong>&nbsp;Qu&yacute; kh&aacute;ch đến nh&agrave; h&agrave;ng d&ugrave;ng bữa tối v&agrave; nghỉ ngơi trong kh&aacute;ch sạn.&nbsp;</p>\r\n\r\n<h3><strong><u>NG&Agrave;Y 26&nbsp;| TỰ DO KH&Aacute;M PH&Aacute; LOS ANGELES (ĂN S&Aacute;NG/ TRƯA/ TỐI)</u></strong></h3>\r\n\r\n<p><strong><u>S&aacute;ng:</u></strong>&nbsp;Đo&agrave;n d&ugrave;ng bữa s&aacute;ng tại kh&aacute;ch sạn.</p>\r\n\r\n<p>Qu&yacute; kh&aacute;ch tự do cho đến giờ ra s&acirc;n bay đ&aacute;p chuyến bay về Việt Nam.</p>\r\n\r\n<h3><strong><u>NG&Agrave;Y 27&nbsp;| TR&Ecirc;N M&Aacute;Y BAY</u></strong></h3>\r\n\r\n<p>H&agrave;nh kh&aacute;ch tham gia chuyến bay từ Mỹ về Việt Nam, c&oacute; thể qu&aacute; cảnh ở c&aacute;c nước tr&ecirc;n h&agrave;nh tr&igrave;nh bay.</p>\r\n\r\n<h3><strong><u>NG&Agrave;Y 28 | VỀ ĐẾN VIỆT NAM</u></strong></h3>\r\n\r\n<p>Về đến s&acirc;n bay T&acirc;n Sơn Nhất, h&agrave;nh kh&aacute;ch l&agrave;m thủ tục nhập cảnh Việt Nam, kiểm tra sức khỏe theo quy định. Sau khi nhập cảnh xe đ&oacute;n đo&agrave;n đi c&aacute;ch ly 21 ng&agrave;y theo quy định mới nhất của ch&iacute;nh phủ, kết th&uacute;c chương tr&igrave;nh&nbsp;<strong>tour đi Mỹ kết hợp ti&ecirc;m vắc xin</strong>. Hẹn gặp lại qu&yacute; kh&aacute;ch trong những h&agrave;nh tr&igrave;nh kh&aacute;m ph&aacute;&nbsp;<strong>tour nước ngo&agrave;i</strong>&nbsp;hấp dẫn tiếp theo.&nbsp;</p>\r\n\r\n<p><em><u><strong>Lưu &yacute;:</strong></u>&nbsp;</em></p>\r\n\r\n<ul>\r\n	<li><em>Thứ tự c&aacute;c điểm tham quan c&oacute; thể thay đổi cho ph&ugrave; hợp với t&igrave;nh h&igrave;nh thực tế nhưng vẫn đảm bảo thực hiện đầy đủ nội dung chương tr&igrave;nh.</em></li>\r\n	<li><em>Thời gian tour c&oacute; thể thay đổi về sớm hơn hoặc trễ hơn t&ugrave;y thuộc theo mũi ti&ecirc;m qu&yacute; kh&aacute;ch lựa chọn.&nbsp;</em></li>\r\n	<li><em>Gi&aacute;&nbsp;tour sẽ phụ thuộc v&agrave;o khoảng c&aacute;ch thời gian giữa c&aacute;c mũi ti&ecirc;m của từng loại vắc xin, mức gi&aacute; sẽ cao hơn nếu kh&aacute;ch c&oacute; nhu cầu ở lại l&acirc;u hơn.</em></li>\r\n</ul>','21:25:14.800713','21:25:14.801737','images/2021/08/tour-di-my-ket-hop-tiem-vac-xin-1-300x194.jpg','Hồ Chí Minh','1900 3398',0,2,248000000,2,'28 ngày','Ô tô, Máy bay'),(7,'Tour Campuchia 4 ngày 3 đêm | Khám phá Siem Reap – Phnom Penh huyền bí',1,'<p><strong>Tour Campuchia 4 ng&agrave;y 3 đ&ecirc;m&nbsp;h&agrave;nh tr&igrave;nh Siem Reap - Phnom Penh th&uacute; vị đưa qu&yacute;&nbsp;kh&aacute;ch kh&aacute;m ph&aacute; v&ugrave;ng đất xinh đẹp, huyền b&iacute; c&ugrave;ng chốn thủ đ&ocirc; phồn hoa của đất nước xinh đẹp liền kề Việt Nam.</strong></p>\r\n\r\n<p><span style=\"color:#333333\"><span style=\"background-color:#f9f9f9\"><span style=\"color:#ff0000\"><u><strong>TOUR C&Oacute; G&Igrave; HOT:</strong></u></span></span></span></p>\r\n\r\n<ul>\r\n	<li><span style=\"color:#0033ff\"><strong>Kh&aacute;m ph&aacute;&nbsp;những kỳ quan kiến tr&uacute;c cổ xưa:&nbsp;Cầu Rồng Kompong Kdei, quần thể Angkor Thom với đền Bayon, Angkor Wat đền Ta Prohm.</strong></span></li>\r\n	<li><span style=\"color:#0033ff\"><strong>Tim hiểu nền văn h&oacute;a bản địa độc đ&aacute;o v&agrave; mua sắm&nbsp;tại: Chợ C&ocirc;n Tr&ugrave;ng,&nbsp;chợ Phsa Thmey.</strong></span></li>\r\n	<li><span style=\"color:#0033ff\"><strong>Tham quan những c&ocirc;ng tr&igrave;nh gắn liền lịch sử như: Đ&agrave;i tưởng niệm hữu nghị Việt Nam - Campuchia, đ&agrave;i Độc Lập, Quảng Trường S&ocirc;ng Bốn Mặt.</strong></span></li>\r\n	<li><span style=\"color:#0033ff\"><strong>Thử vận may tại&nbsp;S&ograve;ng b&agrave;i&nbsp;Casino&nbsp;Nagar Resort 5 sao&nbsp;sang trọng nhất Phnom Penh.</strong></span></li>\r\n	<li><span style=\"color:#0033ff\"><strong>Free</strong></span><span style=\"color:#0033ff\"><strong>&nbsp;01 buổi Buffet tối xem Apsara +&nbsp;&nbsp;01 buổi trưa Buffet Tonle Bassac</strong></span></li>\r\n</ul>\r\n\r\n<p><u><strong>NG&Agrave;Y 01 | TP.HCM &ndash; SIEM REAP (Ăn ba bữa)</strong></u><br />\r\n<strong>S&aacute;ng</strong>: Xe v&agrave; hướng dẫn vi&ecirc;n Vietnam Booking đ&oacute;n kh&aacute;ch ở TP. HCM trước khi l&ecirc;n xe khởi h&agrave;nh chuyến đi Siem Reap, bắt đầu h&agrave;nh tr&igrave;nh tour Campuchia 4 ng&agrave;y 3 đ&ecirc;m.</p>\r\n\r\n<p>Đo&agrave;n dừng ch&acirc;n d&ugrave;ng điểm t&acirc;m nhẹ ở Trảng B&agrave;ng, sau đ&oacute; qua cửa khẩu Mộc B&agrave;i ho&agrave;n tất c&aacute;c thủ tục cần thiết để xuất cảnh qua cửa khẩu.</p>\r\n\r\n<p><strong>Trưa</strong>: Qu&yacute; kh&aacute;ch d&ugrave;ng cơm trưa ở nh&agrave; h&agrave;ng địa phương tại tỉnh Prey Veng, sau đ&oacute; đi qua tỉnh Kompong Cham, Kompong Thom với những c&aacute;nh rừng c&acirc;y thốt nốt v&agrave; c&aacute;c c&aacute;nh đồng trải d&agrave;i xanh mướt. Tr&ecirc;n đường đi, đo&agrave;n dừng ch&acirc;n tham quan Cầu Rồng Kompong Kdei. Đ&acirc;y l&agrave; c&acirc;y cầu cổ nhất trong khu vực Đ&ocirc;ng Nam &Aacute; khi tuổi đời l&ecirc;n tới 1.000 năm, nằm tr&ecirc;n quốc lộ số 06 &ndash; con đường huyết mạch dẫn lối v&agrave;o th&agrave;nh phố.</p>\r\n\r\n<p><strong>Tối</strong>: Đo&agrave;n kh&aacute;ch tới Siem Reap, ăn cơm tối v&agrave; đăng k&yacute; nhận ph&ograve;ng ở kh&aacute;ch sạn. Khoảng thời gian sau đ&oacute; qu&yacute; kh&aacute;ch Vui chơi tự do, kh&aacute;m ph&aacute; th&agrave;nh phố về đ&ecirc;m.</p>\r\n\r\n<p>Đo&agrave;n nghỉ đ&ecirc;m tại Siem Reap.</p>\r\n\r\n<p><u><strong>NG&Agrave;Y 02 | SIEM REAP &ndash; KH&Aacute;M PH&Aacute; ANGKOK HUYỀN B&Iacute; (Ăn 3 bữa)</strong></u><br />\r\n<strong>S&aacute;ng</strong>: Qu&yacute; kh&aacute;ch d&ugrave;ng điểm t&acirc;m s&aacute;ng tại kh&aacute;ch sạn, sau đ&oacute; tiếp tục chương tr&igrave;nh tour Campuchia 4 ng&agrave;y 3 đ&ecirc;m, tham quan những cảnh đẹp ở Siem Reap với h&agrave;nh tr&igrave;nh kh&aacute;m ph&aacute; quần thể Angkor Thom. Nơi đ&acirc;y được vua Jayavarman VII x&acirc;y dựng theo phong c&aacute;ch Bayon v&agrave;o cuối thế kỷ XII để l&agrave;m thủ đ&ocirc; của Đế quốc Khmer.</p>\r\n\r\n<p>Xe đưa đo&agrave;n kh&aacute;ch gh&eacute; thăm đền Bayon &ndash; điểm du lịch kh&ocirc;ng thể bỏ qua khi đi tour du lịch Campuchia, đền nằm ở khu trung t&acirc;m quần thể Angkor Thom. C&oacute; thể xem ng&ocirc;i đền l&agrave; c&ocirc;ng tr&igrave;nh kiến tr&uacute;c ấn tượng nhất ở Campuchia nhờ sự ho&agrave;nh tr&aacute;ng về quy m&ocirc; v&agrave; cảm x&uacute;c m&agrave; n&oacute; mang lại cho du kh&aacute;ch. Điểm đặc biệt của đền nằm ở nụ cười b&iacute; ẩn hiện l&ecirc;n những n&eacute;t mặt kh&aacute;c nhau tr&ecirc;n từng khu&ocirc;n mặt thần Lokesvara.</p>\r\n\r\n<p>Đo&agrave;n dạo qua Angkor Wat &ndash; &ldquo;Di Sản Văn H&oacute;a&rdquo; của thế giới, thi&ecirc;ng li&ecirc;ng bậc nhất ở Campuchia, thăm di t&iacute;ch văn h&oacute;a cổ l&agrave; ng&ocirc;i đền Ta Prohm nổi tiếng với h&agrave;ng c&acirc;y cổ thụ bao quanh v&agrave; l&agrave; địa điểm quay bộ phim &ldquo;B&iacute; mật ng&ocirc;i mộ cổ&rdquo; của Hollywood.</p>\r\n\r\n<p><strong>Trưa</strong>: Qu&yacute; kh&aacute;ch d&ugrave;ng bữa trưa ở một nh&agrave; h&agrave;ng địa phương v&agrave; nghỉ ngơi tại kh&aacute;ch sạn.</p>\r\n\r\n<p><strong>Chiều</strong>: Đo&agrave;n l&ecirc;n xe đi tham quan ng&ocirc;i ch&ugrave;a cổ c&ograve;n lưu lại lịch sử về chế độ Khmer đỏ, nghe HDV kể về c&aacute;c sự t&iacute;ch nơi đ&acirc;y.</p>\r\n\r\n<p><strong>Tối</strong>: Qu&yacute; kh&aacute;ch d&ugrave;ng bữa tối buffet tại nh&agrave; h&agrave;ng. Sau đ&oacute; đo&agrave;n tự do kh&aacute;m ph&aacute; Siem Reap về đ&ecirc;m.</p>\r\n\r\n<p>Nghỉ đ&ecirc;m tại Siem Reap.</p>\r\n\r\n<p><u><strong>NG&Agrave;Y 03 | SIEM REAP &ndash; PHNOM PENH (Ăn 3 bữa)</strong></u><br />\r\n<strong>S&aacute;ng</strong>: Qu&yacute; kh&aacute;ch d&ugrave;ng Buffet s&aacute;ng tại kh&aacute;ch sạn v&agrave; l&agrave;m thủ tục trả ph&ograve;ng. Xe &amp; HDV đưa đo&agrave;n khởi h&agrave;nh về Phnom Penh. Đo&agrave;n tham quan Chợ C&ocirc;n Tr&ugrave;ng &ndash; nơi mua b&aacute;n c&aacute;c loại c&ocirc;n tr&ugrave;ng như: Nhện chi&ecirc;n, Dế chi&ecirc;n, B&ograve; Cạp chi&ecirc;n&hellip; Ngắm cảnh l&agrave;ng qu&ecirc; mộc mạc v&agrave; đời sống b&igrave;nh dị của cư d&acirc;n hai b&ecirc;n đường.</p>\r\n\r\n<p><strong>Trưa:</strong> Đo&agrave;n đến Phnom Penh, qu&yacute; kh&aacute;ch d&ugrave;ng cơm trưa với m&oacute;n ẩm thực địa phương v&agrave; nghỉ ngơi tại chỗ.</p>\r\n\r\n<p>Chiều: Sau đ&oacute;, đo&agrave;n bắt đầu tham quan những điểm đến nổi tiếng của du lịch Campuchia:</p>\r\n\r\n<p>Đ&agrave;i Độc Lập &ndash; l&agrave; nơi đ&aacute;nh dấu lại thời kỳ h&ograve;a b&igrave;nh của đất nước Cambodia, dưới sự cai trị của nước ngo&agrave;i.<br />\r\nĐ&agrave;i tưởng niệm Việt Nam &ndash; Campuchia&nbsp;<br />\r\nQuảng Trường S&ocirc;ng Bốn Mặt<br />\r\nS&ograve;ng b&agrave;i Casino Naga Resort 5 sao đẹp v&agrave; sang trọng nhất Phnom Penh.<br />\r\n<strong>Tối:</strong> Sau khi d&ugrave;ng cơm tối, qu&yacute; kh&aacute;ch tự do kh&aacute;m ph&aacute; cuộc sống nhộn nhịp của thủ đ&ocirc; Phnom Penh về đ&ecirc;m v&agrave; t&igrave;m hiểu ẩm thực địa phương.&nbsp;</p>\r\n\r\n<p>Gợi &yacute; c&aacute;c điểm đến cho chuyến du ngoạn đ&ecirc;m ở Phnom Penh: phố du lịch, chợ đ&ecirc;m, đảo Kim Cương,&hellip;</p>\r\n\r\n<p>Nghỉ đ&ecirc;m tại Phnom Penh.</p>\r\n\r\n<p><u><strong>NG&Agrave;Y 04: PHNOM PENH &ndash; TP. HCM (Ăn 2 bữa)</strong></u><br />\r\n<strong>S&aacute;ng</strong>: Qu&yacute; kh&aacute;ch d&ugrave;ng Buffet s&aacute;ng tại kh&aacute;ch sạn, sau đ&oacute; trả ph&ograve;ng. Xe đưa đo&agrave;n đi tham quan, mua sắm đặc sản địa phương v&agrave; qu&agrave; lưu niệm tại chợ Phsa Thmey (chợ Lớn Mới).</p>\r\n\r\n<p><strong>Trưa</strong>: Đo&agrave;n d&ugrave;ng bữa tại nh&agrave; h&agrave;ng nh&agrave; h&agrave;ng Buffet &ndash; Lẩu băng chuyền. Sau đ&oacute; khởi h&agrave;nh về lại TP.HCM.</p>\r\n\r\n<p><strong>Chiều</strong>: Về đến cửa khẩu Mộc B&agrave;i HDV l&agrave;m thủ tục cho đo&agrave;n xuất cảnh Campuchia v&agrave; nhập cảnh Việt Nam. Xe đưa Qu&yacute; kh&aacute;ch về lại th&agrave;nh phố Hồ Ch&iacute; Minh</p>\r\n\r\n<p><strong>Tối</strong>: Đo&agrave;n về điểm khởi h&agrave;nh ban đầu, kết th&uacute;c tour Campuchia 4 ng&agrave;y 3 đ&ecirc;m, HDV chia tay v&agrave; hẹn gặp lại qu&yacute; kh&aacute;ch trong c&aacute;c tour du lịch hấp dẫn, ấn tượng kh&aacute;c.</p>\r\n\r\n<p><strong>LƯU &Yacute;:</strong>Thứ tự chương tr&igrave;nh c&oacute; thể thay đổi theo sự sắp xếp của c&ocirc;ng ty để ph&ugrave; hợp với t&igrave;nh h&igrave;nh thực tế nhưng vẫn đảm bảo đầy đủ c&aacute;c điểm tham quan đ&atilde; n&ecirc;u trong chương tr&igrave;nh.</p>','21:31:32.119125','21:31:32.119125','images/2021/08/tour-campuchia-4n3d-kham-pha-siem-riep-phnom-penh-27032019-21-300x175.jpg','Hồ Chí Minh','1900 3398',0,2,4150000,2,'4 ngày 3 đêm','Ô tô'),(8,'Tour du lịch Bali 4 ngày 3 đêm: “Thiên đường nghỉ dưỡng” Bali | Bay Vietnam Airlines',1,'<p><strong>Mua tour du lịch Bali 4 ng&agrave;y 3 đ&ecirc;m&nbsp;bay thẳng từ TPHCM của OU Travel, qu&yacute; kh&aacute;ch được trải nghiệm chuyến du lịch Bali kh&ocirc;ng thể n&agrave;o tuyệt vời hơn với l&agrave;n nước xanh m&aacute;t của b&atilde;i biển quyến rũ trải d&agrave;i, những ng&ocirc;i đền kỳ b&iacute; độc đ&aacute;o.</strong></p>\r\n\r\n<p><u><strong>ĐIỂM NỔI BẬT NHẤT:</strong></u></p>\r\n\r\n<ul>\r\n	<li><strong>Trọn g&oacute;i v&eacute; m&aacute;y bay khứ hồi của h&atilde;ng h&agrave;ng kh&ocirc;ng Vietnam Airlines chất lượng</strong></li>\r\n	<li><strong>3 đ&ecirc;m tại kh&aacute;ch sạn 4 sao&nbsp;sang trọng, đẳng cấp</strong></li>\r\n	<li><strong>Bay thẳng đến Bali, kh&ocirc;ng qu&aacute; cảnh</strong></li>\r\n	<li><strong>Tặng Sarong Bali (mảnh vải truyền thống) khi du kh&aacute;ch viếng đền</strong></li>\r\n	<li><strong>Chinh phục những điểm đến hấp dẫn: l&agrave;ng Celuk, Tampak siring, n&uacute;i lửa ở Kintamani,&nbsp;đền Batuan, Pandawa Beach, đền Uluwatu, đền Tanah Lot,...</strong></li>\r\n</ul>\r\n\r\n<h3><strong><u>NG&Agrave;Y 1 | TP.HCM &ndash; BALI&nbsp;(Ăn trưa nhẹ, Ăn tối)</u>&nbsp;</strong></h3>\r\n\r\n<p><u><strong>S&aacute;ng:</strong></u>&nbsp;Qu&yacute; kh&aacute;ch tập trung tại&nbsp;<strong>s&acirc;n bay T&acirc;n Sơn Nhất</strong>&nbsp;ga đi quốc tế theo lịch hẹn (trước 3 tiếng giờ bay), Trưởng Đo&agrave;n <strong>OU Travel</strong>&nbsp;hỗ trợ<strong>&nbsp;</strong>l&agrave;m thủ tục h&agrave;ng kh&ocirc;ng, đ&aacute;p chuyến bay đi&nbsp;<strong>Bali</strong>, Indonesia<strong>.</strong></p>\r\n\r\n<p>Qu&yacute; kh&aacute;ch c&oacute; mặt tại Ga đi Quốc tế &ndash; S&acirc;n Bay T&acirc;n Sơn Nhất trước giờ bay 03 tiếng để đ&aacute;p chuyến bay khởi h&agrave;nh đi BALI. Đến s&acirc;n bay quốc tế Ngurah Rai, xe v&agrave; hướng dẫn vi&ecirc;n địa phương đ&oacute;n qu&yacute; kh&aacute;ch đến nh&agrave; h&agrave;ng&nbsp;d&ugrave;ng cơm tối. Sau đ&oacute; về kh&aacute;ch sạn nhận ph&ograve;ng nghỉ ngơi, nghỉ đ&ecirc;m tại Bali.</p>\r\n\r\n<p><strong><u>Trưa:</u>&nbsp;</strong>Qu&yacute; kh&aacute;ch d&ugrave;ng bữa trưa nhẹ tr&ecirc;n m&aacute;y bay.</p>\r\n\r\n<p><u><strong>Chiều:</strong></u>&nbsp;Đến s&acirc;n bay quốc tế&nbsp;<strong>Ngurah Rai</strong>, qu&yacute; kh&aacute;ch l&agrave;m thủ tục nhập cảnh v&agrave; lấy h&agrave;nh l&yacute;. Xe v&agrave; hướng dẫn vi&ecirc;n (HDV) địa phương đ&oacute;n qu&yacute; kh&aacute;ch.</p>\r\n\r\n<p><u><strong>Tối:</strong></u>&nbsp;Đo&agrave;n d&ugrave;ng cơm tối, về kh&aacute;ch sạn nhận ph&ograve;ng nghỉ ngơi, chuẩn bị cho chuyến h&agrave;nh&nbsp;tr&igrave;nh<strong><em>&nbsp;tour du lịch Bali 4 ng&agrave;y 3 đ&ecirc;m</em></strong>&nbsp;sắp tới.</p>\r\n\r\n<p>Nghỉ đ&ecirc;m tại Bali.</p>\r\n\r\n<h3><strong><u>NG&Agrave;Y 2 |&nbsp;KH&Aacute;M PH&Aacute; ĐẢO BALI&nbsp;(Ăn 3 bữa)</u></strong></h3>\r\n\r\n<p><u><strong>S&aacute;ng:</strong></u>&nbsp;Qu&yacute; kh&aacute;ch ăn s&aacute;ng tại kh&aacute;ch sạn. Xe đưa qu&yacute; kh&aacute;ch đi tham quan&nbsp;<strong>Thị trấn UBUD</strong>&nbsp;&ndash; một trong những&nbsp;điểm&nbsp;<strong><em>du lịch nước ngo&agrave;i</em></strong>&nbsp;nổi tiếng tại Bali với c&aacute;c địa danh ti&ecirc;u biểu như sau:</p>\r\n\r\n<ul>\r\n	<li><strong>L&agrave;ng Celuk</strong>&nbsp;&ndash; c&ograve;n được gọi l&agrave; L&agrave;ng bạc Celuk &ndash; trung t&acirc;m Trang sức của Bali: Đ&acirc;y l&agrave; một trong những ng&ocirc;i l&agrave;ng ti&ecirc;u biểu đại diện cho nghệ thuật đ&uacute;c v&agrave; l&agrave;m đồ bạc v&agrave; v&agrave;ng tại Bali. Ở đ&acirc;y, du kh&aacute;ch c&oacute; thể t&igrave;m thấy v&ocirc; v&agrave;n những cửa h&agrave;ng b&aacute;n&nbsp;trang sức v&agrave; phụ kiện l&agrave;m từ v&agrave;ng v&agrave; bạc cũng như c&aacute;c xưởng thủ c&ocirc;ng.</li>\r\n	<li><strong>L&agrave;ng khắc gỗ MAS:</strong>&nbsp;L&agrave; một trong những l&agrave;ng nghề thủ c&ocirc;ng truyền thống của Bali, nổi tiếng với nghệ thuật khắc gỗ thượng thừa. C&aacute;c sản phẩm mỹ nghệ ở đ&acirc;y nổi tiếng th&ocirc;ng qua việc thể hiện sự h&agrave;i h&ograve;a thẩm mỹ về con người v&agrave; thi&ecirc;n nhi&ecirc;n.</li>\r\n	<li><strong>Đền Batuan</strong>&nbsp;(Batuan Temple): Hay được người d&acirc;n địa phương gọi l&agrave; &lsquo;Pura Puseh lan Pura Desa Adat Batuan, l&agrave; một địa điểm nổi bật thuộc&nbsp;ng&ocirc;i l&agrave;ng&nbsp;Batuan, nổi tiếng với nghệ thuật v&agrave; tranh vẽ truyền thống của người Balan.</li>\r\n	<li><strong>Tampak siring</strong>&nbsp;&ndash; suối thần Tampak Siring: L&agrave; ng&ocirc;i đền linh thi&ecirc;ng, sở hữu d&ograve;ng suối thần c&oacute; khả năng ti&ecirc;u trừ bệnh tật, thanh lọc t&acirc;m tr&iacute;, linh hồn con người, đem lại may mắn v&agrave; thanh xu&acirc;n.</li>\r\n</ul>\r\n\r\n<p><u><strong>Trưa:</strong></u>&nbsp;Xe v&agrave; HDV đưa đo&agrave;n đi d&ugrave;ng bữa trưa tại Nh&agrave; h&agrave;ng địa phương.</p>\r\n\r\n<p><u><strong>Chiều:</strong></u>&nbsp;Sau bữa ăn, qu&yacute; kh&aacute;ch tiếp tục tham quan:&nbsp;</p>\r\n\r\n<ul>\r\n	<li><strong>Ruộng bậc thang&nbsp;Tegalalang:&nbsp;</strong>Đ&acirc;y l&agrave; nơi Qu&yacute; kh&aacute;ch c&oacute; thể chụp những tấm h&igrave;nh &ldquo;sống ảo&rdquo; để đời c&ugrave;ng những<strong>&nbsp;</strong><em>chiếc x&iacute;ch đu Swing</em><strong>.</strong>&nbsp;B&ecirc;n cạnh đ&oacute;, nơi đ&acirc;y&nbsp;c&ograve;n c&oacute; những chiếc<strong>&nbsp;l</strong>ồng chim treo lơ lửng giữa thi&ecirc;n nhi&ecirc;n h&ugrave;ng vĩ hay ấm tr&agrave; bằng gỗ, mũi thuyền, nh&agrave; tr&ecirc;n c&acirc;y&hellip; Qu&yacute; kh&aacute;ch c&oacute; thể t&igrave;m v&agrave; thưởng thức c&agrave; ph&ecirc; Luwak nổi tiếng Indonesia.</li>\r\n	<li><strong>Khu du lịch&nbsp;KINTAMANI VOLCANO</strong>&nbsp;với trải nghiệm th&uacute; vị l&agrave; được ngắm nh&igrave;n to&agrave;n cảnh ngọn n&uacute;i lửa&nbsp;<strong>n&uacute;i lửa Batur&nbsp;</strong>v&agrave; l&ograve;ng&nbsp;<strong>hồ Batur</strong>&nbsp;bao quanh ngọn n&uacute;i.</li>\r\n</ul>\r\n\r\n<p><strong>***Tặng qu&yacute;&nbsp;kh&aacute;ch v&eacute; chơi&nbsp;</strong><strong>Swing</strong>&nbsp;&ndash; trải nghiệm tr&ograve; đ&aacute;nh đu thi&ecirc;n đường ***</p>\r\n\r\n<p><u><strong>Tối:</strong></u><strong>&nbsp;</strong>Qu&yacute; kh&aacute;ch d&ugrave;ng bữa tối tại nh&agrave; h&agrave;ng đại phương, sau đ&oacute; về kh&aacute;ch sạn nghỉ ngơi.&nbsp;Tự do kh&aacute;m ph&aacute; Bali về đ&ecirc;m.</p>\r\n\r\n<h3><u><strong>NG&Agrave;Y 3 |&nbsp;</strong><strong>&nbsp;</strong><strong>PANDAWA BEACH &ndash; ĐẢO R&Ugrave;A&nbsp;&ndash; ĐỀN ULUTAWU&nbsp;(Ăn 3 bữa)</strong></u></h3>\r\n\r\n<p><u><strong>S&aacute;ng:</strong></u><strong>&nbsp;</strong>Tiếp nối h&agrave;nh tr&igrave;nh&nbsp;<strong><em>du lịch Bali</em></strong>&nbsp;Indonesia trọn g&oacute;i, đo&agrave;n&nbsp;d&ugrave;ng bữa s&aacute;ng tại kh&aacute;ch sạn, sau đ&oacute; trả ph&ograve;ng.</p>\r\n\r\n<p>HDV &amp; xe đưa đo&agrave;n đi tham quan b&atilde;i biển&nbsp;<strong>Pandawa Beach</strong>&nbsp;thuộc&nbsp;khu du lịch Nam Kuta. Đ&acirc;y l&agrave;&nbsp;một trong nhiều b&atilde;i biển nổi tiếng ở Bali. Pandawa được mệnh danh l&agrave; &ldquo;b&atilde;i biển b&iacute; mật&rdquo;với vẻ đẹp tuyệt sắc&nbsp;ở thị trấn Kutuh. Qu&yacute;&nbsp;kh&aacute;ch c&oacute; thể thu&ecirc; những chiếc ghế lớn nằm thư gi&atilde;n, chơi tr&ograve; lướt s&oacute;ng&nbsp;<em>(chi ph&iacute; tự t&uacute;c)&nbsp;</em>hoặc tự do kh&aacute;m ph&aacute;&nbsp;hang động nh&acirc;n tạo c&oacute;&nbsp;nhiều bức tượng về anh h&ugrave;ng thời Mahabharata c&aacute;ch đ&oacute; v&agrave;i trăm m&eacute;t.</p>\r\n\r\n<p><u><strong>Trưa:</strong></u>&nbsp;Đo&agrave;n d&ugrave;ng<strong>&nbsp;</strong>bữa trưa v&agrave; nghỉ ngơi tại nh&agrave; h&agrave;ng địa phương.</p>\r\n\r\n<p><u><strong>Chiều:</strong></u>&nbsp;Xe đưa Đo&agrave;n đến Bến cảng, qu&yacute; kh&aacute;ch sẽ được&nbsp;trải nghiệm th&aacute;m hiểm khung cảnh đại dương bằng&nbsp;<strong>T&agrave;u đ&aacute;y k&iacute;nh</strong>&nbsp;trong hải tr&igrave;nh đến thăm&nbsp;<strong>Đảo R&ugrave;a</strong>&nbsp;&ndash; nơi được xem l&agrave; vương quốc của nhiều lo&agrave;i r&ugrave;a qu&yacute; hiếm c&ograve;n s&oacute;t lại tr&ecirc;n thế giới v&agrave; giống r&ugrave;a biển đặc trưng ở Indonesia.</p>\r\n\r\n<p>Sau đ&oacute;, đo&agrave;n về lại đất liền,&nbsp;tiếp tục tham quan&nbsp;<strong>Đền Uluwatu&nbsp;</strong>&ndash; ng&ocirc;i đền cổ xưa nhất tại Bali. Đ&acirc;y c&ograve;n&nbsp;l&agrave; một trong 9 ng&ocirc;i đền lớn v&agrave; quan trọng nhất với đời sống t&acirc;m linh của người d&acirc;n tr&ecirc;n Đảo. Đền nằm tr&ecirc;n v&aacute;ch đ&aacute; cao khoảng 70 m&eacute;t tr&ecirc;n mực nước biển&nbsp;Ấn Độ Dương n&ecirc;n&nbsp;du kh&aacute;ch&nbsp;sẽ nh&igrave;n thấy r&otilde; mồn&nbsp;một khung cảnh s&oacute;ng biển tung bọt trắng x&oacute;a.&nbsp;</p>\r\n\r\n<p><u><strong>Tối:</strong></u><strong>&nbsp;</strong>Qu&yacute; kh&aacute;ch d&ugrave;ng bữa tối tại nh&agrave; h&agrave;ng địa&nbsp;phương, sau đ&oacute; về kh&aacute;ch sạn nghỉ ngơi. Nghỉ đ&ecirc;m tại Bali</p>\r\n\r\n<p>&nbsp;</p>\r\n\r\n<h3><u><strong>NG&Agrave;Y 04 |&nbsp;BALI &ndash; TPHCM (Ăn S&aacute;ng, trưa, ăn nhẹ tr&ecirc;n m&aacute;y bay)</strong></u></h3>\r\n\r\n<p><u><strong>S&aacute;ng:</strong></u>&nbsp;Qu&yacute; kh&aacute;ch d&ugrave;ng bữa s&aacute;ng tại&nbsp;kh&aacute;ch sạn. Sau đ&oacute;, qu&yacute; kh&aacute;ch&nbsp;tự do nghỉ ngơi tắm biển hoặc đi mua sắm v&agrave; trải nghiệm ẩm thực Bali.</p>\r\n\r\n<p><u><strong>Trưa:</strong></u>&nbsp;Đến giờ hẹn, đo&agrave;n trả ph&ograve;ng, đi đến nh&agrave; h&agrave;ng địa phương d&ugrave;ng bữa trưa.</p>\r\n\r\n<p>Sau đ&oacute;, đo&agrave;n gh&eacute; thăm ng&ocirc;i đền linh thi&ecirc;ng&nbsp;<strong>Tanah Lot</strong>&nbsp;&ndash; biểu tượng của Bali &ndash; l&agrave; một trong những ng&ocirc;i đền ch&iacute;nh&nbsp;thờ phụng c&aacute;c vị thần&nbsp;Bali. Đền được x&acirc;y dựng tr&ecirc;n một một miệng n&uacute;i lửa gồ ghề giữa biển&nbsp;<em>v&agrave;o thế kỷ XVI</em>&nbsp;bởi những tu sĩ&nbsp;<em>B&agrave; La M&ocirc;n.</em>&nbsp;Qu&yacute; kh&aacute;ch c&oacute; thể ngắm ho&agrave;ng h&ocirc;n tuyệt đẹp của đảo thi&ecirc;n đường tại nơi n&agrave;y.</p>\r\n\r\n<p><u><strong>Chiều:</strong></u>&nbsp;Đến giờ hẹn, xe đ&oacute;n đo&agrave;n đưa ra s&acirc;n bay l&agrave;m thủ tục về lại&nbsp;<strong>TP HCM</strong>. Tặng qu&yacute; kh&aacute;ch&nbsp;bữa ăn nhẹ tr&ecirc;n m&aacute;y bay.&nbsp;</p>\r\n\r\n<p><u><strong>Tối:</strong></u>&nbsp;Về tới s&acirc;n bay&nbsp;<strong>T&acirc;n Sơn Nhất</strong>, kết th&uacute;c chuyến trải nghiệm&nbsp;<strong><em>tour du lịch Bali 4 ng&agrave;y 3 đ&ecirc;m</em></strong>&nbsp;ấn tượng, trưởng đo&agrave;n OU Travel ch&agrave;o tạm biệt v&agrave;&nbsp;hẹn gặp lại qu&yacute; kh&aacute;ch ở<strong><em>&nbsp;tour du lịch gi&aacute; rẻ</em></strong>&nbsp;lần sau.</p>\r\n\r\n<p><em><u><strong>Lưu &yacute;:</strong></u>&nbsp;C&aacute;c điểm tham quan c&oacute; thể được thay đổi để ph&ugrave; hợp với t&igrave;nh h&igrave;nh thực tế nhưng vẫn đảm bảo đủ điểm tham quan theo chương tr&igrave;nh&nbsp;tour du lịch Bali đ&atilde; đưa ra.</em></p>','21:39:55.315330','21:39:55.315330','images/2021/08/tour-du-lich-bali-4-ngay-3-dem-1-300x194.jpg','Hồ Chí Minh','1900 3398',0,2,9500000,2,'4 ngày 3 đêm','Ô tô, Máy bay');
/*!40000 ALTER TABLE `tourbooking_travel` ENABLE KEYS */;
UNLOCK TABLES;

--
-- Table structure for table `tourbooking_user`
--

DROP TABLE IF EXISTS `tourbooking_user`;
/*!40101 SET @saved_cs_client     = @@character_set_client */;
/*!50503 SET character_set_client = utf8mb4 */;
CREATE TABLE `tourbooking_user` (
  `id` bigint NOT NULL AUTO_INCREMENT,
  `last_login` datetime(6) DEFAULT NULL,
  `is_superuser` tinyint(1) NOT NULL,
  `username` varchar(150) COLLATE utf8mb4_unicode_ci NOT NULL,
  `is_staff` tinyint(1) NOT NULL,
  `is_active` tinyint(1) NOT NULL,
  `date_joined` datetime(6) NOT NULL,
  `email` varchar(100) COLLATE utf8mb4_unicode_ci NOT NULL,
  `status` tinyint(1) NOT NULL,
  `password` varchar(100) COLLATE utf8mb4_unicode_ci NOT NULL,
  `last_name` varchar(100) COLLATE utf8mb4_unicode_ci DEFAULT NULL,
  `first_name` varchar(100) COLLATE utf8mb4_unicode_ci DEFAULT NULL,
  PRIMARY KEY (`id`),
  UNIQUE KEY `username` (`username`),
  UNIQUE KEY `email` (`email`)
) ENGINE=InnoDB AUTO_INCREMENT=2 DEFAULT CHARSET=utf8mb4 COLLATE=utf8mb4_unicode_ci;
/*!40101 SET character_set_client = @saved_cs_client */;

--
-- Dumping data for table `tourbooking_user`
--

LOCK TABLES `tourbooking_user` WRITE;
/*!40000 ALTER TABLE `tourbooking_user` DISABLE KEYS */;
INSERT INTO `tourbooking_user` VALUES (1,'2021-08-08 12:15:17.000000',1,'admin',1,1,'2021-08-08 12:14:15.000000','duc.leduongg@gmail.com',1,'pbkdf2_sha256$260000$oYXXMmPRvUuGpGit8YfpbI$Hd7vrmHU/X6NKZ7kn5uJZfGHNNAnXcj3Q3/3arZZ3dk=','Duc','Le Duong');
/*!40000 ALTER TABLE `tourbooking_user` ENABLE KEYS */;
UNLOCK TABLES;

--
-- Table structure for table `tourbooking_user_groups`
--

DROP TABLE IF EXISTS `tourbooking_user_groups`;
/*!40101 SET @saved_cs_client     = @@character_set_client */;
/*!50503 SET character_set_client = utf8mb4 */;
CREATE TABLE `tourbooking_user_groups` (
  `id` bigint NOT NULL AUTO_INCREMENT,
  `user_id` bigint NOT NULL,
  `group_id` int NOT NULL,
  PRIMARY KEY (`id`),
  UNIQUE KEY `tourbooking_user_groups_user_id_group_id_b1283a17_uniq` (`user_id`,`group_id`),
  KEY `tourbooking_user_groups_group_id_e700c91b_fk_auth_group_id` (`group_id`),
  CONSTRAINT `tourbooking_user_groups_group_id_e700c91b_fk_auth_group_id` FOREIGN KEY (`group_id`) REFERENCES `auth_group` (`id`),
  CONSTRAINT `tourbooking_user_groups_user_id_dde8ec71_fk_tourbooking_user_id` FOREIGN KEY (`user_id`) REFERENCES `tourbooking_user` (`id`)
) ENGINE=InnoDB DEFAULT CHARSET=utf8mb4 COLLATE=utf8mb4_unicode_ci;
/*!40101 SET character_set_client = @saved_cs_client */;

--
-- Dumping data for table `tourbooking_user_groups`
--

LOCK TABLES `tourbooking_user_groups` WRITE;
/*!40000 ALTER TABLE `tourbooking_user_groups` DISABLE KEYS */;
/*!40000 ALTER TABLE `tourbooking_user_groups` ENABLE KEYS */;
UNLOCK TABLES;

--
-- Table structure for table `tourbooking_user_user_permissions`
--

DROP TABLE IF EXISTS `tourbooking_user_user_permissions`;
/*!40101 SET @saved_cs_client     = @@character_set_client */;
/*!50503 SET character_set_client = utf8mb4 */;
CREATE TABLE `tourbooking_user_user_permissions` (
  `id` bigint NOT NULL AUTO_INCREMENT,
  `user_id` bigint NOT NULL,
  `permission_id` int NOT NULL,
  PRIMARY KEY (`id`),
  UNIQUE KEY `tourbooking_user_user_pe_user_id_permission_id_9720bf82_uniq` (`user_id`,`permission_id`),
  KEY `tourbooking_user_use_permission_id_01237073_fk_auth_perm` (`permission_id`),
  CONSTRAINT `tourbooking_user_use_permission_id_01237073_fk_auth_perm` FOREIGN KEY (`permission_id`) REFERENCES `auth_permission` (`id`),
  CONSTRAINT `tourbooking_user_use_user_id_825f5f6d_fk_tourbooki` FOREIGN KEY (`user_id`) REFERENCES `tourbooking_user` (`id`)
) ENGINE=InnoDB DEFAULT CHARSET=utf8mb4 COLLATE=utf8mb4_unicode_ci;
/*!40101 SET character_set_client = @saved_cs_client */;

--
-- Dumping data for table `tourbooking_user_user_permissions`
--

LOCK TABLES `tourbooking_user_user_permissions` WRITE;
/*!40000 ALTER TABLE `tourbooking_user_user_permissions` DISABLE KEYS */;
/*!40000 ALTER TABLE `tourbooking_user_user_permissions` ENABLE KEYS */;
UNLOCK TABLES;

--
-- Table structure for table `tourbooking_ward`
--

DROP TABLE IF EXISTS `tourbooking_ward`;
/*!40101 SET @saved_cs_client     = @@character_set_client */;
/*!50503 SET character_set_client = utf8mb4 */;
CREATE TABLE `tourbooking_ward` (
  `id` bigint NOT NULL AUTO_INCREMENT,
  `name` varchar(100) COLLATE utf8mb4_unicode_ci NOT NULL,
  `district_id` bigint DEFAULT NULL,
  PRIMARY KEY (`id`),
  KEY `tourbooking_ward_district_id_5fae9ddc_fk_tourbooking_district_id` (`district_id`),
  CONSTRAINT `tourbooking_ward_district_id_5fae9ddc_fk_tourbooking_district_id` FOREIGN KEY (`district_id`) REFERENCES `tourbooking_district` (`id`)
) ENGINE=InnoDB AUTO_INCREMENT=5 DEFAULT CHARSET=utf8mb4 COLLATE=utf8mb4_unicode_ci;
/*!40101 SET character_set_client = @saved_cs_client */;

--
-- Dumping data for table `tourbooking_ward`
--

LOCK TABLES `tourbooking_ward` WRITE;
/*!40000 ALTER TABLE `tourbooking_ward` DISABLE KEYS */;
INSERT INTO `tourbooking_ward` VALUES (1,'Bến Nghé',1),(2,'Phạm Ngũ Lão',1),(3,'Phước Mỹ',2),(4,'Chana Songkhram',3);
/*!40000 ALTER TABLE `tourbooking_ward` ENABLE KEYS */;
UNLOCK TABLES;
/*!40103 SET TIME_ZONE=@OLD_TIME_ZONE */;

/*!40101 SET SQL_MODE=@OLD_SQL_MODE */;
/*!40014 SET FOREIGN_KEY_CHECKS=@OLD_FOREIGN_KEY_CHECKS */;
/*!40014 SET UNIQUE_CHECKS=@OLD_UNIQUE_CHECKS */;
/*!40101 SET CHARACTER_SET_CLIENT=@OLD_CHARACTER_SET_CLIENT */;
/*!40101 SET CHARACTER_SET_RESULTS=@OLD_CHARACTER_SET_RESULTS */;
/*!40101 SET COLLATION_CONNECTION=@OLD_COLLATION_CONNECTION */;
/*!40111 SET SQL_NOTES=@OLD_SQL_NOTES */;

-- Dump completed on 2021-08-12 20:32:24
